time,target,true_x,true_z,meas_x,meas_z,ekf_x,ekf_z
0.064,TARGET_1,-0.597991,-0.498414,-0.580466,-0.498396,-0.5804647269964277,-0.498396
0.128,TARGET_1,-0.595981,-0.496827,-0.608131,-0.504857,-0.6060475093314608,-0.5034292387671225
0.192,TARGET_1,-0.593972,-0.495241,-0.595384,-0.500039,-0.5985827793289088,-0.5006898569988879
0.256,TARGET_1,-0.591963,-0.493655,-0.573057,-0.485567,-0.5776410915357425,-0.48897863509912526
0.32,TARGET_1,-0.589954,-0.492069,-0.593465,-0.488317,-0.590283650589997,-0.4884342520288641
0.384,TARGET_1,-0.587944,-0.490482,-0.602479,-0.479157,-0.6005667671758796,-0.481220897464358
0.448,TARGET_1,-0.585935,-0.488896,-0.578422,-0.49131,-0.58303134876337,-0.4890248650543545
0.512,TARGET_1,-0.583926,-0.48731,-0.601491,-0.507058,-0.5977124180608242,-0.5027685083746987
0.576,TARGET_1,-0.581916,-0.485723,-0.577481,-0.501569,-0.5816168188612829,-0.5019179412848516
0.64,TARGET_1,-0.579907,-0.484137,-0.599562,-0.492584,-0.5958554993008071,-0.49471251805280875
0.704,TARGET_1,-0.577898,-0.482551,-0.591843,-0.464702,-0.5930144099762794,-0.47170789029671994
0.768,TARGET_1,-0.575888,-0.480965,-0.578494,-0.497037,-0.5813613242067682,-0.49117013321614267
0.832,TARGET_1,-0.573879,-0.479378,-0.582158,-0.482975,-0.5817314057351654,-0.48492092350108335
0.896,TARGET_1,-0.57187,-0.477792,-0.575404,-0.490797,-0.57637975461723,-0.48947513499098866
0.96,TARGET_1,-0.569861,-0.476206,-0.568996,-0.473903,-0.5701146736312378,-0.4776100470561168
1.024,TARGET_1,-0.567851,-0.474619,-0.580683,-0.45941,-0.5782290944888683,-0.4636520339897013
1.088,TARGET_1,-0.565842,-0.473033,-0.56831,-0.483843,-0.570091501601898,-0.47914889355912665
1.152,TARGET_1,-0.563833,-0.471447,-0.550962,-0.484694,-0.5542698240319098,-0.4834820508379292
1.216,TARGET_1,-0.561823,-0.469861,-0.561908,-0.456588,-0.5596594707816372,-0.46284685504447315
1.28,TARGET_1,-0.559814,-0.468274,-0.577093,-0.480818,-0.573240754413156,-0.4766226732020225
1.344,TARGET_1,-0.557805,-0.466688,-0.542923,-0.456964,-0.5488743689739738,-0.4616165229826088
1.408,TARGET_1,-0.555795,-0.465102,-0.567106,-0.465406,-0.5628269050767513,-0.46452692599817547
1.472,TARGET_1,-0.553786,-0.463515,-0.556277,-0.469418,-0.5573805178749905,-0.4682933037932202
1.536,TARGET_1,-0.551777,-0.461929,-0.564184,-0.445632,-0.5626001124394904,-0.4509321722995735
1.6,TARGET_1,-0.549768,-0.460343,-0.534155,-0.451615,-0.5395959238717145,-0.45149286590038124
1.664,TARGET_1,-0.547758,-0.458756,-0.53963,-0.439301,-0.5388154350070173,-0.4421478982392051
1.728,TARGET_1,-0.545749,-0.45717,-0.52647,-0.443033,-0.5281597259996124,-0.44282445803442405
1.792,TARGET_1,-0.54374,-0.455584,-0.540836,-0.470961,-0.5374551504449459,-0.46449376755855354
1.856,TARGET_1,-0.54173,-0.453998,-0.526336,-0.448556,-0.5280791074468547,-0.4523349298428018
1.92,TARGET_1,-0.539721,-0.452411,-0.554252,-0.46298,-0.5485061087322641,-0.4604882267003556
1.984,TARGET_1,-0.537712,-0.450825,-0.530531,-0.457064,-0.5341444070118868,-0.4579145659106623
2.048,TARGET_1,-0.535702,-0.449239,-0.523352,-0.461648,-0.5250565691533992,-0.4608445607230178
2.112,TARGET_1,-0.533693,-0.447652,-0.514969,-0.435031,-0.5163912764133463,-0.4411168835923599
2.176,TARGET_1,-0.531684,-0.446066,-0.521608,-0.438274,-0.5198591983183759,-0.4389451481292061
2.24,TARGET_1,-0.529675,-0.44448,-0.525169,-0.45512,-0.5236295698440365,-0.45136402563478795
2.304,TARGET_1,-0.527665,-0.442894,-0.520456,-0.42527,-0.5208322228116995,-0.43138891372689203
2.368,TARGET_1,-0.525656,-0.441307,-0.521725,-0.439771,-0.5212417722530764,-0.4378168745657727
2.432,TARGET_1,-0.523647,-0.439721,-0.512261,-0.427254,-0.5137699395125447,-0.4297454634772094
2.496,TARGET_1,-0.521637,-0.438135,-0.540771,-0.439799,-0.5351019045636938,-0.43743574457115225
2.56,TARGET_1,-0.519628,-0.436548,-0.508295,-0.427138,-0.5138387746598002,-0.429575670073693
2.624,TARGET_1,-0.517619,-0.434962,-0.529451,-0.447988,-0.5259804330873095,-0.4436738263684386
2.688,TARGET_1,-0.515609,-0.433376,-0.531694,-0.447226,-0.5306203592147544,-0.4463757695308294
2.752,TARGET_1,-0.5136,-0.43179,-0.496391,-0.427682,-0.5032478989331404,-0.43214270539750516
2.816,TARGET_1,-0.511591,-0.430203,-0.525437,-0.425299,-0.5204328961358083,-0.42688056848315786
2.88,TARGET_1,-0.509582,-0.428617,-0.497164,-0.436381,-0.5016212373567576,-0.4342271562320705
2.944,TARGET_1,-0.507572,-0.427031,-0.495307,-0.425723,-0.49589219390868394,-0.427766530750193
3.008,TARGET_1,-0.505563,-0.425444,-0.494759,-0.444335,-0.49421856272378617,-0.4405454805660985
3.072,TARGET_1,-0.503554,-0.423858,-0.487869,-0.42553,-0.4884758906940568,-0.4290920267971368
3.136,TARGET_1,-0.501544,-0.422272,-0.495053,-0.408131,-0.4931163919393488,-0.41299669809320155
3.2,TARGET_1,-0.499535,-0.420686,-0.483429,-0.435521,-0.4848905458611897,-0.4302756723400392
3.264,TARGET_1,-0.497526,-0.419099,-0.517275,-0.399303,-0.5104447064737989,-0.4064753727774676
3.328,TARGET_1,-0.495516,-0.417513,-0.484008,-0.436348,-0.4895198839455601,-0.4293442090284219
3.392,TARGET_1,-0.493507,-0.415927,-0.479479,-0.427908,-0.48104239008958566,-0.42820540437198656
3.456,TARGET_1,-0.491498,-0.41434,-0.476308,-0.409623,-0.47658951151738727,-0.4139027005559243
3.52,TARGET_1,-0.489489,-0.412754,-0.47901,-0.401126,-0.47783554209863865,-0.40402811928904175
3.584,TARGET_1,-0.487479,-0.411168,-0.469683,-0.424001,-0.4708219849044924,-0.4192645125254275
3.648,TARGET_1,-0.48547,-0.409582,-0.467975,-0.41686,-0.4679024442163836,-0.4173602653713072
3.712,TARGET_1,-0.483461,-0.407995,-0.489111,-0.416275,-0.48439277561564037,-0.41654398236724177
3.776,TARGET_1,-0.481451,-0.406409,-0.48371,-0.392319,-0.4837976874328098,-0.39798982477508493
3.84,TARGET_1,-0.479442,-0.404823,-0.483154,-0.38747,-0.48319671042248047,-0.3899250237055155
3.904,TARGET_1,-0.477433,-0.403236,-0.474247,-0.387622,-0.47589131178515165,-0.38811438288012357
3.968,TARGET_1,-0.475423,-0.40165,-0.466931,-0.413948,-0.46846112810904944,-0.40784393187322415
4.032,TARGET_1,-0.473414,-0.400064,-0.478788,-0.384385,-0.4762743674151592,-0.38985342994510036
4.096,TARGET_1,-0.471405,-0.398477,-0.460094,-0.393478,-0.4630953169723161,-0.39254090938282704
4.16,TARGET_1,-0.469396,-0.396891,-0.483171,-0.399317,-0.4787599004163449,-0.39776854103260223
4.224,TARGET_1,-0.467386,-0.395305,-0.459783,-0.406353,-0.4635802035747822,-0.404271778163435
4.288,TARGET_1,-0.465377,-0.393719,-0.470335,-0.412813,-0.46864900267725734,-0.4108066098461059
4.352,TARGET_1,-0.463368,-0.392132,-0.448606,-0.411472,-0.45233827986596276,-0.4112280425965326
4.416,TARGET_1,-0.461358,-0.390546,-0.465795,-0.392547,-0.4624594281113366,-0.3968667706725725
4.48,TARGET_1,-0.459349,-0.38896,-0.477602,-0.397436,-0.47441522148153664,-0.3973450946700894
4.544,TARGET_1,-0.45734,-0.387373,-0.458107,-0.372071,-0.46131801018547297,-0.37791148396430285
4.608,TARGET_1,-0.45533,-0.385787,-0.464209,-0.388639,-0.4633392086003237,-0.3861042692379676
4.672,TARGET_1,-0.453321,-0.384201,-0.434339,-0.384402,-0.4397518203884204,-0.3846324838490266
4.736,TARGET_1,-0.451312,-0.382615,-0.465242,-0.386371,-0.4593569773848814,-0.38596940744386576
4.8,TARGET_1,-0.449303,-0.381028,-0.450539,-0.370617,-0.452042007751788,-0.37413877155203473
4.864,TARGET_1,-0.447293,-0.379442,-0.464848,-0.364901,-0.4619159612787604,-0.36706302783022915
4.928,TARGET_1,-0.445284,-0.377856,-0.457198,-0.383452,-0.4581827212255617,-0.3795923219475144
4.992,TARGET_1,-0.443275,-0.376269,-0.437484,-0.362576,-0.4413115528143181,-0.36640780737604567
5.056,TARGET_1,-0.441265,-0.374683,-0.43973,-0.365891,-0.43934124939952707,-0.36589140749557547
5.12,TARGET_1,-0.439256,-0.373097,-0.445886,-0.387914,-0.4441062290301359,-0.3827733181254164
5.184,TARGET_1,-0.437247,-0.371511,-0.433933,-0.384759,-0.43562648104623336,-0.38422559641482273
5.248,TARGET_1,-0.435237,-0.369924,-0.454031,-0.380695,-0.44994177097433224,-0.3815370451365689
5.312,TARGET_1,-0.433228,-0.368338,-0.416458,-0.359317,-0.42289548830704177,-0.3643820570263976
5.376,TARGET_1,-0.431219,-0.366752,-0.415111,-0.348064,-0.41563190333146866,-0.3516845730277146
5.44,TARGET_1,-0.42921,-0.365165,-0.430282,-0.364861,-0.42646623545681717,-0.36177631715586206
5.504,TARGET_1,-0.4272,-0.363579,-0.434502,-0.355611,-0.4324602708375934,-0.3570237133463138
5.568,TARGET_1,-0.425191,-0.361993,-0.425171,-0.351305,-0.4263585836496918,-0.352573758976308
5.632,TARGET_1,-0.423182,-0.360407,-0.407731,-0.373478,-0.41107580673708377,-0.3684578414956037
5.696,TARGET_1,-0.421172,-0.35882,-0.413151,-0.356785,-0.4119496327428248,-0.3594128493762393
5.76,TARGET_1,-0.419163,-0.357234,-0.413444,-0.337439,-0.4124242668830689,-0.3424327428404779
5.824,TARGET_1,-0.417154,-0.355648,-0.418984,-0.336247,-0.4170990636257029,-0.33760293250535683
5.888,TARGET_1,-0.415144,-0.354061,-0.421378,-0.345011,-0.4202618195567574,-0.34325475195614713
5.952,TARGET_1,-0.413135,-0.352475,-0.425624,-0.365043,-0.42461707644778734,-0.35999495120815383
6.016,TARGET_1,-0.411126,-0.350889,-0.395324,-0.34653,-0.4010618913576144,-0.349464829616151
6.08,TARGET_1,-0.409117,-0.349303,-0.394692,-0.337522,-0.39512766633249824,-0.34009798837402516
6.144,TARGET_1,-0.407107,-0.347716,-0.391103,-0.331258,-0.39098219154849934,-0.3330635580348159
6.208,TARGET_1,-0.405098,-0.34613,-0.401948,-0.360628,-0.3991628287823225,-0.3542433116828598
6.272,TARGET_1,-0.403089,-0.344544,-0.40953,-0.328468,-0.40704999219127974,-0.33447114747793544
6.336,TARGET_1,-0.401079,-0.342957,-0.407755,-0.362491,-0.40773832948767696,-0.355956595871958
6.4,TARGET_1,-0.39907,-0.341371,-0.404381,-0.343546,-0.40502369496862745,-0.34642873335914
6.464,TARGET_1,-0.397061,-0.339785,-0.382549,-0.356021,-0.3869097544959038,-0.35360967185448605
6.528,TARGET_1,-0.395051,-0.338198,-0.405371,-0.349075,-0.4011364517662001,-0.3501412495696662
6.592,TARGET_1,-0.393042,-0.336612,-0.387309,-0.3175,-0.3896925649401938,-0.3249831174979771
6.656,TARGET_1,-0.391033,-0.335026,-0.396109,-0.330935,-0.3943298653596966,-0.32948591579937886
6.72,TARGET_1,-0.389024,-0.33344,-0.409022,-0.320183,-0.4057879355183476,-0.32239681042113316
6.784,TARGET_1,-0.387014,-0.331853,-0.38708,-0.3494,-0.3910456255726937,-0.34297620713680316
6.848,TARGET_1,-0.385005,-0.330267,-0.391159,-0.322882,-0.39070032716902403,-0.32748915204505125
6.912,TARGET_1,-0.382996,-0.328681,-0.363604,-0.335222,-0.368634538930086,-0.33309971293119756
6.976,TARGET_1,-0.380986,-0.327094,-0.379135,-0.333565,-0.37614964216046315,-0.33333190702957644
7.04,TARGET_1,-0.378977,-0.325508,-0.388811,-0.340733,-0.3858686106387983,-0.33901595649279376
7.104,TARGET_1,-0.376968,-0.323922,-0.380784,-0.307949,-0.38142187904189057,-0.31510064106980634
7.168,TARGET_1,-0.374958,-0.322336,-0.381606,-0.325935,-0.38128810322608536,-0.3233358853226583
7.232,TARGET_1,-0.372949,-0.320749,-0.381826,-0.303097,-0.3812828103815599,-0.3077331116605001
7.296,TARGET_1,-0.37094,-0.319163,-0.369639,-0.319596,-0.37170518027692145,-0.31665687052430747
7.36,TARGET_1,-0.368931,-0.317577,-0.356334,-0.326005,-0.3589163736388622,-0.3235949167549172
7.424,TARGET_1,-0.366921,-0.31599,-0.377277,-0.31534,-0.37286184813516504,-0.31721063358958757
7.488,TARGET_1,-0.364912,-0.314404,-0.352206,-0.317198,-0.3560110684247257,-0.3169547127535368
7.552,TARGET_1,-0.362903,-0.312818,-0.348564,-0.302745,-0.34916605961375435,-0.3057621743022912
7.616,TARGET_1,-0.360893,-0.311232,-0.371632,-0.309329,-0.36637121307085707,-0.3084712299489556
7.68,TARGET_1,-0.358884,-0.309645,-0.345201,-0.313436,-0.3492307798283924,-0.31201350633341784
7.744,TARGET_1,-0.356875,-0.308059,-0.366559,-0.320768,-0.36259787864919185,-0.31875656512454287
7.808,TARGET_1,-0.354865,-0.306473,-0.339504,-0.322173,-0.34400023341284913,-0.3211334780884627
7.872,TARGET_1,-0.352856,-0.304886,-0.34917,-0.304192,-0.3473823332623548,-0.30798026304261444
7.936,TARGET_1,-0.350847,-0.3033,-0.362385,-0.322956,-0.359094385869827,-0.3195275931365325
8.0,TARGET_1,-0.348838,-0.301714,-0.33734,-0.310191,-0.3415601084515323,-0.31213697634411414
8.064,TARGET_1,-0.346828,-0.300128,-0.366303,-0.300104,-0.3607628618497508,-0.3029645188839905
8.128,TARGET_1,-0.344819,-0.298541,-0.335115,-0.305848,-0.3402482096259074,-0.30490121187949004
8.192,TARGET_1,-0.34281,-0.296955,-0.323253,-0.294365,-0.3259095805538032,-0.2964091826464746
8.256,TARGET_1,-0.3408,-0.295369,-0.348175,-0.288339,-0.3427289139756541,-0.2900592268313798
8.32,TARGET_1,-0.338791,-0.293782,-0.357722,-0.283998,-0.35431247389970655,-0.28543037350834666
8.384,TARGET_1,-0.336782,-0.292196,-0.354306,-0.29353,-0.3544177099662691,-0.29167832027021523
8.448,TARGET_1,-0.334772,-0.29061,-0.354658,-0.280868,-0.3545213408735722,-0.28336831937145807
8.512,TARGET_1,-0.332763,-0.289024,-0.348863,-0.299566,-0.3501920135267358,-0.295769843694323
8.576,TARGET_1,-0.330754,-0.287437,-0.322445,-0.281548,-0.3277623816834653,-0.28438325329308556
8.64,TARGET_1,-0.328745,-0.285851,-0.34525,-0.305464,-0.3412723632342469,-0.30061876481925776
8.704,TARGET_1,-0.326735,-0.284265,-0.310867,-0.273401,-0.31646291296522905,-0.27919254472074484
8.768,TARGET_1,-0.324726,-0.282678,-0.330374,-0.264708,-0.32642885216074724,-0.2677166499548383
8.832,TARGET_1,-0.322717,-0.281092,-0.324082,-0.295683,-0.32428480920961117,-0.28908016799068104
8.896,TARGET_1,-0.320707,-0.279506,-0.335129,-0.273852,-0.3324300039653405,-0.27733772857279904
8.96,TARGET_1,-0.318698,-0.277919,-0.308579,-0.275632,-0.31312743739082943,-0.2756076767557707
9.024,TARGET_1,-0.316689,-0.276333,-0.299849,-0.296094,-0.302032790494728,-0.2910002608495326
9.088,TARGET_1,-0.314679,-0.274747,-0.29616,-0.279567,-0.29643055801053153,-0.2818497257320982
9.152,TARGET_1,-0.31267,-0.273161,-0.294795,-0.259886,-0.2939947477349488,-0.2644888799788516
9.216,TARGET_1,-0.310661,-0.271574,-0.301904,-0.25897,-0.2993165928718393,-0.2598582345886625
9.28,TARGET_1,-0.308652,-0.269988,-0.295606,-0.252524,-0.29556563631610544,-0.2537644717063075
9.344,TARGET_1,-0.306642,-0.268402,-0.297132,-0.251595,-0.2960501695617885,-0.2517153765385099
9.408,TARGET_1,-0.304633,-0.266815,-0.313777,-0.248739,-0.309540916216985,-0.249345203801413
9.472,TARGET_1,-0.302624,-0.265229,-0.297381,-0.277552,-0.3001556722446052,-0.27092148489414997
9.536,TARGET_1,-0.300614,-0.263643,-0.282127,-0.254295,-0.2854085682735287,-0.25769133241717856
9.6,TARGET_1,-0.298605,-0.262057,-0.28537,-0.2504,-0.2846204514966241,-0.25169250955948363
9.664,TARGET_1,-0.296596,-0.26047,-0.295269,-0.264574,-0.29269711089439976,-0.2615333075156601
9.728,TARGET_1,-0.294586,-0.258884,-0.288969,-0.263251,-0.28957966316057054,-0.2627127451739448
9.792,TARGET_1,-0.292577,-0.257298,-0.285073,-0.23818,-0.28536587155788007,-0.24352511969612847
9.856,TARGET_1,-0.290568,-0.255711,-0.294168,-0.24985,-0.2919515622630225,-0.2482841228149995
9.92,TARGET_1,-0.288559,-0.254125,-0.291141,-0.245531,-0.291048991345286,-0.24602203888692473
9.984,TARGET_1,-0.286549,-0.252539,-0.273047,-0.260678,-0.2767156230403092,-0.25695425074233136
10.048,TARGET_1,-0.28454,-0.250953,-0.286273,-0.232442,-0.28353368262180895,-0.23789617873615596
10.112,TARGET_1,-0.282531,-0.249366,-0.286744,-0.234042,-0.28561810657753783,-0.23472024830153618
10.176,TARGET_1,-0.280521,-0.24778,-0.276934,-0.238736,-0.27844201826479886,-0.23749421528940254
10.24,TARGET_1,-0.278512,-0.246194,-0.263419,-0.262173,-0.2664780280021487,-0.2561743074199011
10.304,TARGET_1,-0.276503,-0.244607,-0.278728,-0.231824,-0.2754828478433766,-0.2373074679985645
10.368,TARGET_1,-0.274493,-0.243021,-0.291234,-0.232312,-0.28763396063645774,-0.23351477952277344
10.432,TARGET_1,-0.272484,-0.241435,-0.28686,-0.235306,-0.28704033386299255,-0.2348854979042458
10.496,TARGET_1,-0.270475,-0.239849,-0.266309,-0.242813,-0.27067512174798447,-0.2406635395018025
10.56,TARGET_1,-0.268466,-0.238262,-0.281611,-0.232557,-0.27891391042491603,-0.23436959907118374
10.624,TARGET_1,-0.266456,-0.236676,-0.2557,-0.234229,-0.2602841388499862,-0.23374488762826642
10.688,TARGET_1,-0.264447,-0.23509,-0.268803,-0.245334,-0.2666688401189963,-0.2425534639911515
10.752,TARGET_1,-0.262438,-0.233503,-0.255363,-0.235411,-0.2573303409282579,-0.23669041801497773
10.816,TARGET_1,-0.260428,-0.231917,-0.275269,-0.227353,-0.27097646061003217,-0.22945349874779458
10.88,TARGET_1,-0.258419,-0.230331,-0.263124,-0.224596,-0.26447922080731073,-0.2254308497895365
10.944,TARGET_1,-0.25641,-0.228745,-0.259321,-0.212901,-0.25979806340711475,-0.21536564131212768
11.008,TARGET_1,-0.2544,-0.227158,-0.266649,-0.245511,-0.26522667209500617,-0.2386288544617852
11.072,TARGET_1,-0.252391,-0.225572,-0.256219,-0.240412,-0.2581175809415503,-0.23986958962188173
11.136,TARGET_1,-0.250382,-0.223986,-0.266411,-0.218453,-0.26421251737058765,-0.22332586072410654
11.2,TARGET_1,-0.248373,-0.222399,-0.238639,-0.211073,-0.24343286594624883,-0.21324652491370708
11.264,TARGET_1,-0.246363,-0.220813,-0.253658,-0.206393,-0.25064817985721183,-0.20758217292275435
11.328,TARGET_1,-0.244354,-0.219227,-0.252149,-0.202413,-0.25118385075634714,-0.2032081889033053
11.392,TARGET_1,-0.242345,-0.21764,-0.223383,-0.216069,-0.22877985277083937,-0.21240975411371427
11.456,TARGET_1,-0.240335,-0.216054,-0.225661,-0.196899,-0.22520055665099523,-0.19978760720920619
11.52,TARGET_1,-0.238326,-0.214468,-0.222298,-0.214073,-0.22214326387129926,-0.21033369223382742
11.584,TARGET_1,-0.236317,-0.212882,-0.21692,-0.225527,-0.21746891174600605,-0.2217081252603397
11.648,TARGET_1,-0.234307,-0.211295,-0.231793,-0.197952,-0.22799832527033945,-0.20322245861957583
11.712,TARGET_1,-0.232298,-0.209709,-0.212959,-0.206414,-0.21564282167771592,-0.20521944243749873
11.776,TARGET_1,-0.230289,-0.208123,-0.24591,-0.202299,-0.23912108086536002,-0.20308834460126013
11.84,TARGET_1,-0.22828,-0.206536,-0.245569,-0.198401,-0.2442278290579553,-0.19960025000965478
11.904,TARGET_1,-0.22627,-0.20495,-0.224309,-0.199844,-0.22850299346647657,-0.19950175381095095
11.968,TARGET_1,-0.224261,-0.203364,-0.221774,-0.189635,-0.22268209783646634,-0.19153729647427
12.032,TARGET_1,-0.222252,-0.201778,-0.240244,-0.217555,-0.236620243198817,-0.21178648393710237
12.096,TARGET_1,-0.220242,-0.200191,-0.229296,-0.181172,-0.23047664184108674,-0.1880309980823609
12.16,TARGET_1,-0.218233,-0.198605,-0.223521,-0.18772,-0.22461845448422657,-0.1874929427111326
12.224,TARGET_1,-0.216224,-0.197019,-0.197022,-0.205566,-0.202511664418659,-0.200823908447063
12.288,TARGET_1,-0.214214,-0.195432,-0.218477,-0.214057,-0.21473037572484271,-0.21098634414093165
12.352,TARGET_1,-0.212205,-0.193846,-0.23048,-0.200462,-0.2270121639230465,-0.20302550653938026
12.416,TARGET_1,-0.210196,-0.19226,-0.196943,-0.172788,-0.20261665748138252,-0.1792034389677624
12.48,TARGET_1,-0.208187,-0.190674,-0.222294,-0.177192,-0.21743728476558769,-0.17749561251852708
12.544,TARGET_1,-0.206177,-0.189087,-0.186211,-0.208756,-0.19268218095837836,-0.20105347620305838
12.608,TARGET_1,-0.204168,-0.187501,-0.217669,-0.204372,-0.21209500741247186,-0.2037124117175285
12.672,TARGET_1,-0.202159,-0.185915,-0.19201,-0.166495,-0.1955178504344752,-0.17468105527274264
12.736,TARGET_1,-0.200149,-0.184328,-0.214846,-0.166487,-0.21009078371338455,-0.16824432389233632
12.8,TARGET_1,-0.19814,-0.182742,-0.196468,-0.196341,-0.19935630398185242,-0.18964039002533828
12.864,TARGET_1,-0.196131,-0.181156,-0.200582,-0.177493,-0.19989114977866831,-0.1801499259154157
12.928,TARGET_1,-0.194121,-0.17957,-0.191081,-0.175516,-0.1924572617385496,-0.17628025059946287
12.992,TARGET_1,-0.192112,-0.177983,-0.180611,-0.169405,-0.18236205113104217,-0.1705337221663875
13.056,TARGET_1,-0.190103,-0.176397,-0.204689,-0.18423,-0.1996403705955781,-0.18111999997484252
13.12,TARGET_1,-0.188094,-0.174811,-0.205115,-0.175897,-0.20390634740827565,-0.17715358585641536
13.184,TARGET_1,-0.186084,-0.173224,-0.166433,-0.156766,-0.17367023298535572,-0.16082367692464125
13.248,TARGET_1,-0.184075,-0.171638,-0.189192,-0.190887,-0.18549434581733715,-0.1839351735106849
13.312,TARGET_1,-0.182066,-0.170052,-0.163738,-0.187581,-0.16788922814810192,-0.18637468397415055
13.376,TARGET_1,-0.180056,-0.168466,-0.168328,-0.16214,-0.16727384595677597,-0.16741730773293934
13.44,TARGET_1,-0.178047,-0.166879,-0.175269,-0.172393,-0.17298926042845278,-0.17105439686195612
13.504,TARGET_1,-0.176038,-0.165293,-0.188865,-0.159858,-0.18512976837514036,-0.1624401797598078
13.568,TARGET_1,-0.174028,-0.163707,-0.158905,-0.14428,-0.16377723784286566,-0.14795148711060555
13.632,TARGET_1,-0.172019,-0.16212,-0.153461,-0.160267,-0.15484164248903623,-0.15696292629336184
13.696,TARGET_1,-0.17001,-0.160534,-0.17471,-0.144775,-0.16975219964452404,-0.1474025800974697
13.76,TARGET_1,-0.168001,-0.158948,-0.181575,-0.164224,-0.1790803249817002,-0.1604299278559715
13.824,TARGET_1,-0.165991,-0.157361,-0.182898,-0.149955,-0.1820758174171135,-0.15244460006436786
13.888,TARGET_1,-0.163982,-0.155775,-0.16492,-0.170803,-0.16872507811546186,-0.16639742352335724
13.952,TARGET_1,-0.161973,-0.154189,-0.156801,-0.171534,-0.15914943452197966,-0.17011718693037653
14.016,TARGET_1,-0.159963,-0.152603,-0.157941,-0.165884,-0.1577961831920143,-0.1666716124625829
14.08,TARGET_1,-0.157954,-0.151016,-0.150845,-0.13296,-0.15136630593453207,-0.14030404829337667
14.144,TARGET_1,-0.155945,-0.14943,-0.163284,-0.165757,-0.1604842189427176,-0.15985852607823575
14.208,TARGET_1,-0.153935,-0.147844,-0.163509,-0.160513,-0.1627661092182233,-0.16034519197299588
14.272,TARGET_1,-0.151926,-0.146257,-0.152256,-0.155709,-0.15423956606363057,-0.1565727319711594
14.336,TARGET_1,-0.149917,-0.144671,-0.155301,-0.129389,-0.15434092103284733,-0.13541372323035078
14.4,TARGET_1,-0.147908,-0.143085,-0.160306,-0.123622,-0.1583932222406692,-0.12609406662793732
14.464,TARGET_1,-0.145898,-0.141499,-0.141723,-0.144803,-0.1449525391975931,-0.1401002463764916
14.528,TARGET_1,-0.143889,-0.139912,-0.137482,-0.148566,-0.13857252776682963,-0.14629739136716974
14.592,TARGET_1,-0.14188,-0.138326,-0.16124,-0.158072,-0.15634010149845387,-0.15550758627441164
14.656,TARGET_1,-0.13987,-0.13674,-0.153909,-0.144383,-0.1543951126280801,-0.14695379207633988
14.72,TARGET_1,-0.137861,-0.135153,-0.11825,-0.117718,-0.12500827942595938,-0.1238264767229955
14.784,TARGET_1,-0.135852,-0.133567,-0.120252,-0.138299,-0.12024456317078552,-0.13452875072497247
14.848,TARGET_1,-0.133842,-0.131981,-0.141058,-0.135564,-0.13599491028552024,-0.1352208675212198
14.912,TARGET_1,-0.131833,-0.130395,-0.14319,-0.1245,-0.14130259016889238,-0.12691029583122776
14.976,TARGET_1,-0.129824,-0.128808,-0.134828,-0.147817,-0.13622050561898277,-0.1428753525177332
15.04,TARGET_1,-0.127815,-0.127222,-0.115875,-0.132739,-0.1196561399380557,-0.1347242736608416
15.104,TARGET_1,-0.125805,-0.125636,-0.129572,-0.111166,-0.12661821257296746,-0.11637078412197337
15.168,TARGET_1,-0.123796,-0.124049,-0.143414,-0.111922,-0.13944211482944519,-0.11290560901003013
15.232,TARGET_1,-0.121787,-0.122463,-0.103106,-0.133883,-0.11062829484813194,-0.12848169376887889
15.296,TARGET_1,-0.119777,-0.120877,-0.123327,-0.108703,-0.11980266671842557,-0.11301110704636645
15.36,TARGET_1,-0.117768,-0.119291,-0.119024,-0.101905,-0.1185031772328272,-0.1040971990908336
15.424,TARGET_1,-0.115759,-0.117704,-0.121021,-0.10108,-0.11989877168619054,-0.10146284431336179
15.488,TARGET_1,-0.113749,-0.116118,-0.099663,-0.119941,-0.10362906656323036,-0.11521510594182008
15.552,TARGET_1,-0.11174,-0.114532,-0.100258,-0.126989,-0.10051362003775793,-0.12400125179572509
15.616,TARGET_1,-0.109731,-0.112945,-0.114075,-0.127548,-0.11093985985251667,-0.1267376285128536
15.68,TARGET_1,-0.107722,-0.111359,-0.088622,-0.107893,-0.09273876786790362,-0.11177982055356693
15.744,TARGET_1,-0.105712,-0.109773,-0.100995,-0.090244,-0.09827614199499116,-0.0948308712603733
15.808,TARGET_1,-0.103703,-0.108187,-0.097992,-0.127382,-0.09790132903362943,-0.11977819458816573
15.872,TARGET_1,-0.101694,-0.1066,-0.106808,-0.125592,-0.1048982231129194,-0.12431928025274173
15.936,TARGET_1,-0.099684,-0.105014,-0.080002,-0.12476,-0.08507132046216515,-0.12430913314659826
16.0,TARGET_1,-0.097675,-0.103428,-0.078521,-0.084288,-0.07874189922038469,-0.09303489039771765
16.064,TARGET_1,-0.095666,-0.101841,-0.07652,-0.083647,-0.07588635471365823,-0.08518965064260899
16.128,TARGET_1,-0.093656,-0.100255,-0.091729,-0.10627,-0.087895144512578,-0.10134362294656085
16.192,TARGET_1,-0.091647,-0.098669,-0.085113,-0.115568,-0.08565111554111259,-0.112201087761126
16.256,TARGET_1,-0.089638,-0.097082,-0.093585,-0.111797,-0.09186509906505436,-0.11195846853492179
16.32,TARGET_1,-0.087629,-0.095496,-0.079511,-0.078541,-0.08152737246778824,-0.0859591748391276
16.384,TARGET_1,-0.085619,-0.09391,-0.080766,-0.107551,-0.08068128711384859,-0.10240125990573873
16.448,TARGET_1,-0.08361,-0.092324,-0.065082,-0.090685,-0.06773952150715226,-0.09300150214627113
16.512,TARGET_1,-0.081601,-0.090737,-0.072448,-0.107728,-0.07099658657844253,-0.10416872552504707
16.576,TARGET_1,-0.079591,-0.089151,-0.089302,-0.098799,-0.08522641563236086,-0.1001276094394876
16.64,TARGET_1,-0.077582,-0.087565,-0.078269,-0.070133,-0.07928576095765238,-0.07691238072577819
16.704,TARGET_1,-0.075573,-0.085978,-0.087211,-0.101967,-0.08560230812663878,-0.0962147977069592
16.768,TARGET_1,-0.073563,-0.084392,-0.061298,-0.087277,-0.0660939723872856,-0.0890176371107181
16.832,TARGET_1,-0.071554,-0.082806,-0.081899,-0.070143,-0.07793424761894946,-0.07442702701413477
16.896,TARGET_1,-0.069545,-0.08122,-0.056007,-0.072458,-0.060065880703414176,-0.07245302876122299
16.96,TARGET_1,-0.067536,-0.079633,-0.059965,-0.077752,-0.05928603238792522,-0.07622658315848539
17.024,TARGET_1,-0.065526,-0.078047,-0.08124,-0.060872,-0.07605154385424506,-0.0643748081026596
17.088,TARGET_1,-0.063517,-0.076461,-0.081989,-0.092278,-0.08107484641656106,-0.0859799018096553
17.152,TARGET_1,-0.061508,-0.074874,-0.048175,-0.085694,-0.05505478057514303,-0.0853761614904457
17.216,TARGET_1,-0.059498,-0.073288,-0.067992,-0.057862,-0.06448207816647508,-0.06405171190419735
17.28,TARGET_1,-0.057489,-0.071702,-0.063304,-0.069177,-0.06321581268439343,-0.06778542982171054
17.344,TARGET_1,-0.05548,-0.070116,-0.057919,-0.073896,-0.058767253039463174,-0.0722661850512448
17.408,TARGET_1,-0.05347,-0.068529,-0.046388,-0.048744,-0.04817592618689048,-0.053672562615013936
17.472,TARGET_1,-0.051461,-0.066943,-0.067102,-0.068607,-0.06272528544041045,-0.06515342207412751
17.536,TARGET_1,-0.049452,-0.065357,-0.06344,-0.058087,-0.06306176660769233,-0.05962904118535028
17.6,TARGET_1,-0.047443,-0.06377,-0.05672,-0.047668,-0.057637222563777214,-0.050166246717834734
17.664,TARGET_1,-0.045433,-0.062184,-0.054682,-0.06325,-0.0550917346050996,-0.06004644740658312
17.728,TARGET_1,-0.043424,-0.060598,-0.059282,-0.077778,-0.058462287415115284,-0.07371932991280138
17.792,TARGET_1,-0.041415,-0.059012,-0.037521,-0.073736,-0.04179397633847566,-0.07341910468253243
17.856,TARGET_1,-0.039405,-0.057425,-0.059085,-0.045258,-0.05475697318515749,-0.05169266386409456
17.92,TARGET_1,-0.037396,-0.055839,-0.024515,-0.068587,-0.030657496372952918,-0.06413500570172789
17.984,TARGET_1,-0.035387,-0.054253,-0.027691,-0.069649,-0.02768726133187991,-0.06803236579433483
18.048,TARGET_1,-0.033377,-0.052666,-0.016343,-0.057488,-0.017862175011165472,-0.059400463781795435
18.112,TARGET_1,-0.031368,-0.05108,-0.034385,-0.052305,-0.030111396592720087,-0.053679457166413175
18.176,TARGET_1,-0.029359,-0.049494,-0.029771,-0.036859,-0.029118850123551934,-0.0403468000719875
18.24,TARGET_1,-0.02735,-0.047908,-0.031658,-0.039982,-0.030566143927622004,-0.039750630687078216
18.304,TARGET_1,-0.02534,-0.046321,-0.040622,-0.040944,-0.03814792025672782,-0.04057789931654038
18.368,TARGET_1,-0.023331,-0.044735,-0.035661,-0.043438,-0.036055539968450276,-0.04264887710158509
18.432,TARGET_1,-0.021322,-0.043149,-0.001748,-0.047911,-0.00872119051387013,-0.04600540614922171
18.496,TARGET_1,-0.019312,-0.041562,-0.021685,-0.031022,-0.018053498603320443,-0.03409149128372021
18.56,TARGET_1,-0.017303,-0.039976,-0.015995,-0.020939,-0.015645901660780975,-0.023406165855793477
18.624,TARGET_1,-0.015294,-0.03839,-0.014624,-0.05727,-0.01477537520400786,-0.04940997036455101
18.688,TARGET_1,-0.013284,-0.036804,-0.024174,-0.04432,-0.02200533629248063,-0.0455312903158368
18.752,TARGET_1,-0.011275,-0.035217,-0.014446,-0.046497,-0.016002101395957716,-0.046137243744186096
18.816,TARGET_1,-0.009266,-0.033631,-0.008025,-0.034543,-0.009299446370656207,-0.03689340636839194
18.88,TARGET_1,-0.007257,-0.032045,0.003341,-0.031396,0.0012779314918040935,-0.03212953614315882
18.944,TARGET_1,-0.005247,-0.030458,0.011808,-0.026398,0.010439262574869866,-0.02706759555320062
19.008,TARGET_1,-0.003238,-0.028872,0.012215,-0.046623,0.012412983565241956,-0.04179501688763207
19.072,TARGET_1,-0.001229,-0.027286,-0.017192,-0.034059,-0.01054255537171312,-0.035956197038359415
19.136,TARGET_1,0.000781,-0.025699,-0.015824,-0.037397,-0.014833151307524477,-0.03720505077877854
19.2,TARGET_1,0.00279,-0.024113,-0.007373,-0.007187,-0.008525995964954148,-0.01386539778882484
19.264,TARGET_1,0.004799,-0.022527,0.024279,-0.023095,0.017797730039913764,-0.020241219040160734
19.328,TARGET_1,0.006809,-0.020941,0.0061,-0.002022,0.009618421345249279,-0.005751718711329786
19.392,TARGET_1,0.008818,-0.019354,-0.009845,-0.03584,-0.005689656139442948,-0.029112980022744206
19.456,TARGET_1,0.010827,-0.017768,0.007294,-0.007472,0.00488205244339897,-0.012173185635247736
19.52,TARGET_1,0.012836,-0.016182,-0.003444,-0.034098,-0.0017460878302496203,-0.029121514742129553
19.584,TARGET_1,0.014846,-0.014595,0.026525,-0.026209,0.02074504120040859,-0.026423129226118367
19.648,TARGET_1,0.016855,-0.013009,0.004877,-0.031273,0.008548443427037844,-0.030157174733006144
19.712,TARGET_1,0.018864,-0.011423,0.012397,-0.010764,0.012030447654519678,-0.015009968089650596
19.776,TARGET_1,0.020874,-0.009837,0.017688,0.000703,0.01717764987629135,-0.002503414321422065
19.84,TARGET_1,0.022883,-0.00825,0.028833,-0.014623,0.026869997652777942,-0.011378628432860347
19.904,TARGET_1,0.024892,-0.006664,0.03827,0.012771,0.03698124410713499,0.007917476662752589
19.968,TARGET_1,0.026902,-0.005078,0.017103,0.001687,0.02204952344209531,0.0033761233727116775
20.032,TARGET_1,0.028911,-0.003491,0.03514,-0.014845,0.032559198790459834,-0.010337052734719332
20.096,TARGET_1,0.03092,-0.001905,0.042857,-0.010506,0.0411630097103329,-0.01007869392297023
20.16,TARGET_1,0.032929,-0.000319,0.031588,0.018772,0.03454308164478101,0.012473460815659553
20.224,TARGET_1,0.034939,0.001267,0.028156,0.015899,0.03009067627256213,0.01540466646051578
20.288,TARGET_1,0.036948,0.002854,0.040207,0.011625,0.03847071078811673,0.01291305056748701
20.352,TARGET_1,0.038957,0.00444,0.048504,0.012667,0.04694778172747418,0.013217400110876095
20.416,TARGET_1,0.040967,0.006026,0.042419,0.000226,0.04374797851526381,0.003399414213878729
20.48,TARGET_1,0.042976,0.007613,0.034878,-0.009849,0.03674701959034097,-0.006880082161641996
20.544,TARGET_1,0.044985,0.009199,0.053013,0.005991,0.04984943889540021,0.003343780194864531
20.608,TARGET_1,0.046995,0.010785,0.040761,-0.003814,0.042894830712781606,-0.0021366020334147038
20.672,TARGET_1,0.049004,0.012371,0.029673,0.02665,0.03294588711950215,0.020005211854904028
20.736,TARGET_1,0.051013,0.013958,0.03417,0.019996,0.03405158442339098,0.02009759762377612
20.8,TARGET_1,0.053022,0.015544,0.067511,0.01265,0.06069568628330717,0.01499749646438782
20.864,TARGET_1,0.055032,0.01713,0.054693,0.001105,0.0563930136815134,0.004491837713721327
20.928,TARGET_1,0.057041,0.018717,0.038591,0.02857,0.042920644639702715,0.023054265937583147
20.992,TARGET_1,0.05905,0.020303,0.055512,0.023244,0.05312293332014667,0.023534847967580184
21.056,TARGET_1,0.06106,0.021889,0.076477,0.039514,0.07240444579489143,0.03661294867626802
21.12,TARGET_1,0.063069,0.023475,0.070443,0.013249,0.07149236759043834,0.018924354873982845
21.184,TARGET_1,0.065078,0.025062,0.065742,0.04253,0.06782819679084412,0.03745957793955711
21.248,TARGET_1,0.067088,0.026648,0.065959,0.024976,0.06673556064740492,0.02806906225654977
21.312,TARGET_1,0.069097,0.028234,0.056519,0.023007,0.05884330576254923,0.0241531784887552
21.376,TARGET_1,0.071106,0.029821,0.078231,0.028204,0.07438946935073991,0.027642892637734666
21.44,TARGET_1,0.073115,0.031407,0.084022,0.016088,0.08234664203778845,0.019093024668701112
21.504,TARGET_1,0.075125,0.032993,0.075147,0.042538,0.07745376586314795,0.03740987215219884
21.568,TARGET_1,0.077134,0.03458,0.073077,0.033075,0.07439348530613381,0.034260848392497815
21.632,TARGET_1,0.079143,0.036166,0.063355,0.01632,0.06557942183316162,0.020303997935912366
21.696,TARGET_1,0.081153,0.037752,0.067656,0.052825,0.06761831699456057,0.04545430032431075
21.76,TARGET_1,0.083162,0.039338,0.080288,0.050538,0.07806986758446116,0.049755145210865034
21.824,TARGET_1,0.085171,0.040925,0.065411,0.038174,0.0683283937163843,0.040851398353838844
21.888,TARGET_1,0.087181,0.042511,0.071194,0.047719,0.07080506184846816,0.04626012926785218
21.952,TARGET_1,0.08919,0.044097,0.097197,0.057328,0.09224845568925033,0.05539168140724604
22.016,TARGET_1,0.091199,0.045684,0.091175,0.025852,0.0918021307009078,0.03284047950607032
22.08,TARGET_1,0.093208,0.04727,0.111614,0.030278,0.1080249228500504,0.031305611089760405
22.144,TARGET_1,0.095218,0.048856,0.112206,0.057285,0.11248730816875514,0.05178593374457992
22.208,TARGET_1,0.097227,0.050442,0.104528,0.060204,0.10719905093251134,0.058709903389057114
22.272,TARGET_1,0.099236,0.052029,0.115176,0.032626,0.11391761687540855,0.038914248604818874
22.336,TARGET_1,0.101246,0.053615,0.093606,0.06988,0.0986215664145122,0.06283319373908831
22.4,TARGET_1,0.103255,0.055201,0.106919,0.049665,0.10531358678500728,0.05291672965062871
22.464,TARGET_1,0.105264,0.056788,0.097854,0.063076,0.0998034481839782,0.06080655702012548
22.528,TARGET_1,0.107274,0.058374,0.102239,0.067264,0.10204458611290398,0.0659513326231169
22.592,TARGET_1,0.109283,0.05996,0.122137,0.050979,0.11810714148971599,0.05483636748718015
22.656,TARGET_1,0.111292,0.061546,0.110947,0.064275,0.11304655370333533,0.062294033959994576
22.72,TARGET_1,0.113301,0.063133,0.106716,0.043582,0.10806705183798766,0.0478791050461663
22.784,TARGET_1,0.115311,0.064719,0.129891,0.063439,0.1257330282328993,0.06027227379848908
22.848,TARGET_1,0.11732,0.066305,0.121781,0.066101,0.12329553731623313,0.06504469273370436
22.912,TARGET_1,0.119329,0.067892,0.09998,0.060297,0.10511352987493922,0.06125860399756921
22.976,TARGET_1,0.121339,0.069478,0.126978,0.080376,0.12277033127849678,0.0763862012132108
23.04,TARGET_1,0.123348,0.071064,0.108231,0.057091,0.11143405437029566,0.06148186832720155
23.104,TARGET_1,0.125357,0.07265,0.135944,0.091281,0.1314700658383486,0.08495635433502156
23.168,TARGET_1,0.127367,0.074237,0.114786,0.081678,0.11892533456539794,0.08258772580505677
23.232,TARGET_1,0.129376,0.075823,0.145834,0.078126,0.14064061744884787,0.07974545755534893
23.296,TARGET_1,0.131385,0.077409,0.124948,0.071425,0.12878028548992257,0.07344377302038678
23.36,TARGET_1,0.133394,0.078996,0.151859,0.071069,0.1474379701890139,0.07210175326226169
23.424,TARGET_1,0.135404,0.080582,0.126211,0.062127,0.13102250916722621,0.06438239139940648
23.488,TARGET_1,0.137413,0.082168,0.126805,0.092517,0.12812576374305829,0.08608487316070197
23.552,TARGET_1,0.139422,0.083754,0.150296,0.081908,0.14599313048377724,0.08332253319310765
23.616,TARGET_1,0.141432,0.085341,0.125583,0.083533,0.13031531280253375,0.08348239066056118
23.68,TARGET_1,0.143441,0.086927,0.140177,0.070125,0.13806796474498978,0.07335275243766733
23.744,TARGET_1,0.14545,0.088513,0.154743,0.09525,0.151895944449339,0.09064186224506648
23.808,TARGET_1,0.14746,0.0901,0.142116,0.10128,0.14496982345267143,0.0991191944551274
23.872,TARGET_1,0.149469,0.091686,0.167012,0.10526,0.16317443201331605,0.10453706744335792
23.936,TARGET_1,0.151478,0.093272,0.142689,0.073914,0.14735005617240013,0.0808756944702132
24.0,TARGET_1,0.153487,0.094859,0.140824,0.09904,0.1424778812337729,0.094849852585748
24.064,TARGET_1,0.155497,0.096445,0.150824,0.104538,0.14939977814561126,0.1025180151416669
24.128,TARGET_1,0.157506,0.098031,0.164857,0.096345,0.16202899402815454,0.09815879098619805
24.192,TARGET_1,0.159515,0.099617,0.164826,0.106505,0.16499015280915766,0.10493759005524411
24.256,TARGET_1,0.161525,0.101204,0.167555,0.08262,0.1673775145899512,0.0879713151109285
24.32,TARGET_1,0.163534,0.10279,0.144413,0.113951,0.1497408725963756,0.10789286770509579
24.384,TARGET_1,0.165543,0.104376,0.171665,0.085404,0.16696857296869916,0.09087775832144596
24.448,TARGET_1,0.167553,0.105963,0.147747,0.110672,0.1522029208130647,0.10602562093564807
24.512,TARGET_1,0.169562,0.107549,0.153769,0.115738,0.15364282061590778,0.11358001629100384
24.576,TARGET_1,0.171571,0.109135,0.153457,0.124051,0.15383079795869414,0.12176397940501649
24.64,TARGET_1,0.17358,0.110721,0.18881,0.094567,0.18155990711344294,0.10140599492803568
24.704,TARGET_1,0.17559,0.112308,0.167687,0.103951,0.17118534802611715,0.10348613459610723
24.768,TARGET_1,0.177599,0.113894,0.159628,0.124155,0.16256972131378583,0.11945404082652886
24.832,TARGET_1,0.179608,0.11548,0.176108,0.106634,0.17337438081719353,0.10986253390755313
24.896,TARGET_1,0.181618,0.117067,0.191493,0.104479,0.1880863188218997,0.10615664480416254
24.96,TARGET_1,0.183627,0.118653,0.180963,0.103653,0.18297916419558527,0.10440682622758679
25.024,TARGET_1,0.185636,0.120239,0.171625,0.134649,0.17472925264867345,0.12782666618040422
25.088,TARGET_1,0.187646,0.121825,0.203092,0.135769,0.19784222018531727,0.13467928038303303
25.152,TARGET_1,0.189655,0.123412,0.193743,0.139303,0.1956305056761294,0.13877995507637553
25.216,TARGET_1,0.191664,0.124998,0.208966,0.131849,0.20697763635925157,0.1340478434832301
25.28,TARGET_1,0.193673,0.126584,0.207578,0.120017,0.20817326177874468,0.12357948137670749
25.344,TARGET_1,0.195683,0.128171,0.202716,0.11278,0.20431114594445893,0.11541001164345635
25.408,TARGET_1,0.197692,0.129757,0.193418,0.111714,0.19586850725812177,0.11253445007948493
25.472,TARGET_1,0.199701,0.131343,0.203168,0.140374,0.20211915189376262,0.13412775941864183
25.536,TARGET_1,0.201711,0.132929,0.221633,0.124066,0.21802911738171737,0.12682309745187154
25.6,TARGET_1,0.20372,0.134516,0.185866,0.131266,0.19304066863829522,0.13013045783525012
25.664,TARGET_1,0.205729,0.136102,0.197204,0.147906,0.19656145491940996,0.1438872782750064
25.728,TARGET_1,0.207739,0.137688,0.190115,0.135831,0.19148363700238039,0.1376535669731752
25.792,TARGET_1,0.209748,0.139275,0.209264,0.146625,0.20578739174527205,0.14483938256459614
25.856,TARGET_1,0.211757,0.140861,0.231006,0.122084,0.22605594280280653,0.12782466137398138
25.92,TARGET_1,0.213766,0.142447,0.205615,0.152587,0.21073352565989428,0.14701815824386008
25.984,TARGET_1,0.215776,0.144033,0.21644,0.14459,0.2156240168428285,0.14541599239029931
26.048,TARGET_1,0.217785,0.14562,0.232275,0.148532,0.2293934980495434,0.14830223433355746
26.112,TARGET_1,0.219794,0.147206,0.229175,0.138364,0.22983232179670893,0.14094751259789334
26.176,TARGET_1,0.221804,0.148792,0.237994,0.133981,0.23681095337553007,0.13591171421327713
26.24,TARGET_1,0.223813,0.150379,0.213845,0.137784,0.2190333007217925,0.13729049031236376
26.304,TARGET_1,0.225822,0.151965,0.243797,0.136644,0.23882815101944344,0.13716785694754324
26.368,TARGET_1,0.227832,0.153551,0.228994,0.160495,0.23185101077917886,0.15532076935641811
26.432,TARGET_1,0.229841,0.155138,0.237509,0.168826,0.23705541131816352,0.16612641632018138
26.496,TARGET_1,0.23185,0.156724,0.224112,0.156313,0.2272339048034558,0.15865731337172922
26.56,TARGET_1,0.233859,0.15831,0.233288,0.168835,0.2324255409960478,0.1667518656648163
26.624,TARGET_1,0.235869,0.159896,0.221661,0.141134,0.22381493224916013,0.14691350419776142
26.688,TARGET_1,0.237878,0.161483,0.256159,0.167379,0.24980248472415229,0.16320879579838105
26.752,TARGET_1,0.239887,0.163069,0.224105,0.155842,0.22993289987634247,0.15748577078981219
26.816,TARGET_1,0.241897,0.164655,0.251537,0.158989,0.24723123059650476,0.1590260672291802
26.88,TARGET_1,0.243906,0.166242,0.24595,0.170207,0.24689437899529054,0.16793444372020563
26.944,TARGET_1,0.245915,0.167828,0.239769,0.15841,0.24157807543586718,0.16070710295095678
27.008,TARGET_1,0.247925,0.169414,0.230764,0.171802,0.23332843867790182,0.1692269881140622
27.072,TARGET_1,0.249934,0.171,0.235659,0.162015,0.23512257891744914,0.16371057685841028
27.136,TARGET_1,0.251943,0.172587,0.253216,0.159901,0.24950199670596426,0.16108132049099969
27.2,TARGET_1,0.253952,0.174173,0.252998,0.174207,0.2528650162511053,0.17151015848893908
27.264,TARGET_1,0.255962,0.175759,0.246105,0.16439,0.24787652158214293,0.16615845458785472
27.328,TARGET_1,0.257971,0.177346,0.274099,0.178829,0.26922811167147287,0.17656165980480212
27.392,TARGET_1,0.25998,0.178932,0.25239,0.169671,0.2565672964002191,0.17142420896332583
27.456,TARGET_1,0.26199,0.180518,0.264326,0.175569,0.2631548328591842,0.17495827175761475
27.52,TARGET_1,0.263999,0.182104,0.282225,0.183567,0.2789997905939241,0.1822391349163953
27.584,TARGET_1,0.266008,0.183691,0.271627,0.201366,0.27431517633067,0.1975593257981522
27.648,TARGET_1,0.268018,0.185277,0.254983,0.171234,0.2593141463914218,0.17720622252583187
27.712,TARGET_1,0.270027,0.186863,0.251062,0.176815,0.2527514874994059,0.17675910029418246
27.776,TARGET_1,0.272036,0.18845,0.266297,0.174063,0.2633212649587019,0.17481581994312712
27.84,TARGET_1,0.274045,0.190036,0.254341,0.177576,0.2563266967059094,0.17685631083426998
27.904,TARGET_1,0.276055,0.191622,0.260082,0.17358,0.2591951867655307,0.17434402162647722
27.968,TARGET_1,0.278064,0.193208,0.264347,0.21078,0.26394741577561626,0.2027353762009315
28.032,TARGET_1,0.280073,0.194795,0.265573,0.180367,0.2653780749859753,0.18568564158684606
28.096,TARGET_1,0.282083,0.196381,0.274672,0.176427,0.2728482217802338,0.1787844281239919
28.16,TARGET_1,0.284092,0.197967,0.279354,0.187958,0.27847188110467924,0.18615354568230447
28.224,TARGET_1,0.286101,0.199554,0.294149,0.21381,0.29191547216858804,0.20813653172040503
28.288,TARGET_1,0.288111,0.20114,0.272386,0.191744,0.2771179463951065,0.1956498903755875
28.352,TARGET_1,0.285684,0.201956,0.271941,0.19213,0.2732346784981639,0.19299813063640198
28.416,TARGET_1,0.283258,0.202773,0.273172,0.191346,0.27326876821212376,0.19177873527982983
28.48,TARGET_1,0.280832,0.203589,0.280954,0.18846,0.27941213942515225,0.18938259409944003
28.544,TARGET_1,0.278405,0.204406,0.291401,0.224136,0.2897595888350047,0.2166453366443163
28.608,TARGET_1,0.275979,0.205222,0.257358,0.189142,0.26427825904760427,0.19516769423582422
28.672,TARGET_1,0.273553,0.206039,0.273359,0.214526,0.2715561516743741,0.21017144606336197
28.736,TARGET_1,0.271126,0.206855,0.256257,0.214654,0.2595913743184444,0.21346669527836706
28.8,TARGET_1,0.2687,0.207672,0.257843,0.214412,0.2580794213691777,0.21409516257642744
28.864,TARGET_1,0.266274,0.208488,0.285646,0.191785,0.27953012364980706,0.19719951519999435
28.928,TARGET_1,0.263847,0.209305,0.248186,0.227085,0.2552859617681618,0.21994528831537985
28.992,TARGET_1,0.261421,0.210121,0.260947,0.210052,0.2594900278619672,0.21229039675236325
29.056,TARGET_1,0.258995,0.210938,0.249283,0.216129,0.25133320469414966,0.21501705742350122
29.12,TARGET_1,0.256569,0.211754,0.244541,0.20309,0.2454644973732472,0.20546947402872803
29.184,TARGET_1,0.254142,0.212571,0.269633,0.219337,0.26445164181661107,0.21638549638359075
29.248,TARGET_1,0.251716,0.213387,0.250301,0.21507,0.2533964497704392,0.215239116745789
29.312,TARGET_1,0.24929,0.214204,0.24836,0.207609,0.2491486399243788,0.20914855861779608
29.376,TARGET_1,0.246863,0.21502,0.253115,0.212099,0.25207775978730235,0.2113389401809196
29.44,TARGET_1,0.244437,0.215837,0.227253,0.208862,0.23217069327262485,0.20887140064885348
29.504,TARGET_1,0.242011,0.216653,0.243427,0.198632,0.2403313407918653,0.20069793867395982
29.568,TARGET_1,0.239584,0.21747,0.247796,0.216938,0.24612819976599126,0.2132059980409118
29.632,TARGET_1,0.237158,0.218286,0.246765,0.198872,0.24633854606434868,0.202048327650545
29.696,TARGET_1,0.234732,0.219102,0.253188,0.205504,0.25165635700792033,0.20474213776132352
29.76,TARGET_1,0.232306,0.219919,0.228263,0.223181,0.233439436346817,0.2186542009740403
29.824,TARGET_1,0.229879,0.220735,0.235389,0.206969,0.2345672974294116,0.20946467201893115
29.888,TARGET_1,0.227453,0.221552,0.242212,0.219485,0.2405466710936332,0.21722362993887387
29.952,TARGET_1,0.225027,0.222368,0.227145,0.216376,0.2299161307673466,0.2163284127979962
30.016,TARGET_1,0.2226,0.223185,0.226572,0.209677,0.22689574097319284,0.2109299753460364
30.08,TARGET_1,0.220174,0.224001,0.219017,0.240321,0.22082818146776287,0.23344786042945145
30.144,TARGET_1,0.217748,0.224818,0.202512,0.211029,0.20576076616450226,0.2156543787210863
30.208,TARGET_1,0.215321,0.225634,0.201417,0.210852,0.20151220977111892,0.21141758834830857
30.272,TARGET_1,0.212895,0.226451,0.198944,0.222593,0.19889114991206436,0.21964745734756647
30.336,TARGET_1,0.210469,0.227267,0.211636,0.244378,0.20887559881609752,0.23878473327530345
30.4,TARGET_1,0.208042,0.228084,0.222047,0.236611,0.2194209125639323,0.2373449300705121
30.464,TARGET_1,0.205616,0.2289,0.185874,0.245575,0.19306221047933056,0.24333058045918193
30.528,TARGET_1,0.20319,0.229717,0.189801,0.234918,0.18994554195414826,0.2365675926279739
30.592,TARGET_1,0.200764,0.230533,0.216279,0.216288,0.21015891370426062,0.2210028040443144
30.656,TARGET_1,0.198337,0.23135,0.191524,0.250352,0.19578658269602175,0.2434163812009963
30.72,TARGET_1,0.195911,0.232166,0.212965,0.229449,0.20913067623591974,0.23283453082475722
30.784,TARGET_1,0.193485,0.232983,0.192391,0.213156,0.19555934784062906,0.2173177295629598
30.848,TARGET_1,0.191058,0.233799,0.211057,0.22797,0.20761030842980288,0.22558614417160555
30.912,TARGET_1,0.188632,0.234616,0.182981,0.222391,0.18797414782185803,0.22267766423899535
30.976,TARGET_1,0.186206,0.235432,0.202713,0.248653,0.19965208793216077,0.24282896040567511
31.04,TARGET_1,0.183779,0.236249,0.173791,0.242331,0.17919637663404958,0.24208627853860554
31.104,TARGET_1,0.181353,0.237065,0.174159,0.231101,0.17459196279978928,0.2332640530942589
31.168,TARGET_1,0.178927,0.237882,0.194784,0.223882,0.18997704736308715,0.2259788869988015
31.232,TARGET_1,0.1765,0.238698,0.187722,0.251621,0.18847329262680748,0.24576393668600158
31.296,TARGET_1,0.174074,0.239515,0.179905,0.250978,0.18186466124941877,0.24972581864287466
31.36,TARGET_1,0.171648,0.240331,0.188856,0.222129,0.1869259332379872,0.22842794557702797
31.424,TARGET_1,0.169222,0.241148,0.176625,0.231993,0.17859301027568397,0.23089797728277528
31.488,TARGET_1,0.166795,0.241964,0.178176,0.25406,0.17832974019222483,0.24868653618476352
31.552,TARGET_1,0.164369,0.24278,0.160464,0.256147,0.16418405714044979,0.2541489955264374
31.616,TARGET_1,0.161943,0.243597,0.148489,0.247267,0.15122650051947142,0.2483942614308171
31.68,TARGET_1,0.159516,0.244413,0.174528,0.254909,0.1692574381020317,0.25346051824259924
31.744,TARGET_1,0.15709,0.24523,0.146832,0.263938,0.1515293874669921,0.2611899789158552
31.808,TARGET_1,0.154664,0.246046,0.154032,0.248407,0.15294501773549624,0.25113128002444635
31.872,TARGET_1,0.152237,0.246863,0.141487,0.247492,0.14333931929729804,0.2478977181334084
31.936,TARGET_1,0.149811,0.247679,0.155841,0.256832,0.15282936329287278,0.2547025629621936
32.0,TARGET_1,0.147385,0.248496,0.134029,0.246492,0.1375131338419335,0.24792949798309658
32.064,TARGET_1,0.144959,0.249312,0.152996,0.236842,0.14906041385635596,0.2392141943281114
32.128,TARGET_1,0.142532,0.250129,0.15635,0.263548,0.15494981883365336,0.2580539280613759
32.192,TARGET_1,0.140106,0.250945,0.154244,0.242976,0.15427101666518409,0.24643256222974239
32.256,TARGET_1,0.13768,0.251762,0.152687,0.249223,0.1529935884982693,0.24853376675281433
32.32,TARGET_1,0.135253,0.252578,0.128573,0.25405,0.13356008431682867,0.25235718889244424
32.384,TARGET_1,0.132827,0.253395,0.146659,0.240943,0.14332620192371284,0.24344620568144762
32.448,TARGET_1,0.130401,0.254211,0.134741,0.264573,0.13657864531080896,0.25954401405308314
32.512,TARGET_1,0.127974,0.255028,0.133295,0.246897,0.1335774493841683,0.24959592459221044
32.576,TARGET_1,0.125548,0.255844,0.135809,0.241146,0.134860943332428,0.24288355383796528
32.64,TARGET_1,0.123122,0.256661,0.136071,0.274953,0.13602115965416442,0.267608744743291
32.704,TARGET_1,0.120695,0.257477,0.138668,0.263872,0.13817155517791724,0.26480884845019886
32.768,TARGET_1,0.118269,0.258294,0.108929,0.266549,0.11494446808277803,0.2657277983314855
32.832,TARGET_1,0.115843,0.25911,0.098575,0.25276,0.10112978323681097,0.25515246528341906
32.896,TARGET_1,0.113417,0.259927,0.123323,0.255616,0.11793831731848792,0.2553292174486674
32.96,TARGET_1,0.11099,0.260743,0.108685,0.279135,0.11063440904359823,0.27348976277034936
33.024,TARGET_1,0.108564,0.26156,0.120238,0.272474,0.11808790059534954,0.2727622448603699
33.088,TARGET_1,0.106138,0.262376,0.114576,0.262037,0.11513420925626268,0.26441931941357916
33.152,TARGET_1,0.103711,0.263193,0.10723,0.272739,0.10878868959609746,0.2706443832691702
33.216,TARGET_1,0.101285,0.264009,0.113786,0.249639,0.1122149680694336,0.2543571875715322
33.28,TARGET_1,0.098859,0.264825,0.080451,0.251236,0.08649835522842123,0.25125638075543505
33.344,TARGET_1,0.096432,0.265642,0.080339,0.285641,0.08104263220531828,0.2774992091575537
33.408,TARGET_1,0.094006,0.266458,0.111687,0.260895,0.10481572045249445,0.26479242070556513
33.472,TARGET_1,0.09158,0.267275,0.094286,0.260681,0.0963787730592668,0.2614971768350085
33.536,TARGET_1,0.089154,0.268091,0.080376,0.256666,0.08325766437905176,0.2574420069783771
33.6,TARGET_1,0.086727,0.268908,0.076223,0.268745,0.0771530618144697,0.2658400806257824
33.664,TARGET_1,0.084301,0.269724,0.09066,0.28442,0.08761907988950168,0.2801634426954598
33.728,TARGET_1,0.081875,0.270541,0.086834,0.268569,0.0868233199508188,0.2712213572468809
33.792,TARGET_1,0.079448,0.271357,0.093398,0.254857,0.09177044441362062,0.25866182364981594
33.856,TARGET_1,0.077022,0.272174,0.071413,0.290045,0.07573992901809562,0.28254028078760446
33.92,TARGET_1,0.074596,0.27299,0.073202,0.262417,0.07315215525148983,0.26691531530525536
33.984,TARGET_1,0.072169,0.273807,0.089404,0.265628,0.08569510875496684,0.26594833543619134
34.048,TARGET_1,0.069743,0.274623,0.080478,0.289174,0.08178414408584503,0.2837632434863669
34.112,TARGET_1,0.067317,0.27544,0.068923,0.286747,0.07155411285947365,0.2859122430107197
34.176,TARGET_1,0.06489,0.276256,0.06844,0.293754,0.06891172167713652,0.2918285928494746
34.24,TARGET_1,0.062464,0.277073,0.046298,0.285201,0.05046162436232129,0.2863682615991832
34.304,TARGET_1,0.060038,0.277889,0.055158,0.285237,0.05342540558265573,0.28527772641560434
34.368,TARGET_1,0.057612,0.278706,0.050595,0.259576,0.05027849084623682,0.26517236967813484
34.432,TARGET_1,0.055185,0.279522,0.050579,0.262065,0.04972630758354663,0.26242550932413833
34.496,TARGET_1,0.052759,0.280339,0.03315,0.286644,0.03612012625640523,0.28069917656715165
34.56,TARGET_1,0.050333,0.281155,0.068559,0.295943,0.06159972222460893,0.29263535176068045
34.624,TARGET_1,0.047906,0.281972,0.0421,0.277772,0.04605841188065693,0.28106010150634875
34.688,TARGET_1,0.04548,0.282788,0.0639,0.28075,0.06003970932092241,0.2809187041052302
34.752,TARGET_1,0.043054,0.283605,0.041917,0.280327,0.045619849504399394,0.2802964458349502
34.816,TARGET_1,0.040627,0.284421,0.034377,0.266445,0.036098454220986766,0.269399751413568
34.88,TARGET_1,0.038201,0.285238,0.057935,0.284088,0.05313376069562216,0.28076937818425013
34.944,TARGET_1,0.035775,0.286054,0.047768,0.297975,0.04910385750271827,0.2939658575954348
35.008,TARGET_1,0.033348,0.28687,0.045886,0.292642,0.04657145316166427,0.29293164796167365
35.072,TARGET_1,0.030922,0.287687,0.033888,0.27917,0.03619458669946008,0.2821992575068192
35.136,TARGET_1,0.028496,0.288503,0.046428,0.299798,0.044163398655465196,0.2957289765137034
35.2,TARGET_1,0.02607,0.28932,0.021621,0.30167,0.02610458790787619,0.3000607057056887
35.264,TARGET_1,0.023643,0.290136,0.024674,0.290989,0.024336926408993913,0.29292631471527475
35.328,TARGET_1,0.021217,0.290953,0.020947,0.278806,0.020922394852843952,0.28185173004066716
35.392,TARGET_1,0.018791,0.291769,0.034732,0.309686,0.03166788035341708,0.30329578125243295
35.456,TARGET_1,0.016364,0.292586,0.029977,0.28453,0.030126077117504868,0.2888634610891683
35.52,TARGET_1,0.013938,0.293402,0.029224,0.30879,0.029430014202882444,0.30412202105778396
35.584,TARGET_1,0.011512,0.294219,0.006983,0.277305,0.011086329606349515,0.2833174513725375
35.648,TARGET_1,0.009085,0.295035,-0.006172,0.307054,-0.0033693269634398207,0.3012875217867727
35.712,TARGET_1,0.006659,0.295852,0.007431,0.28902,0.004290753325752761,0.29172105118251135
35.776,TARGET_1,0.004233,0.296668,0.006807,0.290477,0.005710693017876221,0.2906518251198203
35.84,TARGET_1,0.001807,0.297485,0.006009,0.278889,0.005402501045359821,0.281501833870324
35.904,TARGET_1,-0.00062,0.298301,-0.016469,0.298719,-0.012481548990517052,0.29444163279958563
35.968,TARGET_1,-0.003046,0.299118,0.00366,0.292366,-0.00034153570545284936,0.29279157348350926
36.032,TARGET_1,-0.005472,0.299934,-0.013977,0.296502,-0.011601258574379499,0.29546539555601625
36.096,TARGET_1,-0.007899,0.300751,-0.020389,0.285044,-0.01936030695026527,0.28725461676030845
36.16,TARGET_1,-0.010325,0.301567,-0.022522,0.310018,-0.022529043977571717,0.30462366841349997
36.224,TARGET_1,-0.012751,0.302384,-0.031588,0.291562,-0.03054992866741479,0.29442957862556657
36.288,TARGET_1,-0.015178,0.3032,-0.018198,0.308331,-0.021359814313147006,0.3050858498487556
36.352,TARGET_1,-0.017604,0.304017,-0.018043,0.29952,-0.01905529261551446,0.3007869171459031
36.416,TARGET_1,-0.02003,0.304833,-0.031863,0.309796,-0.02955207492214652,0.3075948980357234
36.48,TARGET_1,-0.022457,0.30565,-0.023479,0.308369,-0.025153480626108164,0.30815758778222857
36.544,TARGET_1,-0.024883,0.306466,-0.019603,0.313447,-0.02091811606077379,0.3122091050769114
36.608,TARGET_1,-0.027309,0.307283,-0.01521,0.293332,-0.016468151692350465,0.29776465725397167
36.672,TARGET_1,-0.029735,0.308099,-0.0482,0.295419,-0.04202005434198859,0.29580992580054055
36.736,TARGET_1,-0.032162,0.308915,-0.027106,0.314308,-0.0307304873225463,0.31001018907526295
36.8,TARGET_1,-0.034588,0.309732,-0.035606,0.310344,-0.0349069861142495,0.3102324004054671
36.864,TARGET_1,-0.037014,0.310548,-0.017566,0.329768,-0.02120447476773695,0.32523861450127634
36.928,TARGET_1,-0.039441,0.311365,-0.046406,0.297766,-0.04137145153400014,0.3041630209437963
36.992,TARGET_1,-0.041867,0.312181,-0.042483,0.315672,-0.04278771034812796,0.3129740179957758
37.056,TARGET_1,-0.044293,0.312998,-0.062294,0.313538,-0.059004082917730544,0.3133998857654111
37.12,TARGET_1,-0.04672,0.313814,-0.063212,0.329371,-0.0633395089681394,0.32571711900363987
37.184,TARGET_1,-0.049146,0.314631,-0.067532,0.306235,-0.0676053505740092,0.31074534324428255
37.248,TARGET_1,-0.051572,0.315447,-0.069545,0.318514,-0.0700456931187863,0.3167181740300524
37.312,TARGET_1,-0.053999,0.316264,-0.049427,0.318557,-0.054216859989376795,0.3181400442672632
37.376,TARGET_1,-0.056425,0.31708,-0.037669,0.314957,-0.04099620229132797,0.3156916654064622
37.44,TARGET_1,-0.058851,0.317897,-0.073797,0.313736,-0.06711989550488874,0.31421058881528474
37.504,TARGET_1,-0.061277,0.318713,-0.043146,0.333659,-0.04839257293560051,0.32912060243765007
37.568,TARGET_1,-0.063704,0.31953,-0.075438,0.306943,-0.07003598796764857,0.31218947184701373
37.632,TARGET_1,-0.06613,0.320346,-0.048879,0.336605,-0.053619611246293865,0.33091232857976105
37.696,TARGET_1,-0.068556,0.321163,-0.083594,0.321696,-0.0777227913805176,0.32398055552416805
37.76,TARGET_1,-0.070983,0.321979,-0.088072,0.341694,-0.08690027561927943,0.33773434702334243
37.824,TARGET_1,-0.073409,0.322796,-0.082428,0.331258,-0.0842365023585446,0.33287070725939444
37.888,TARGET_1,-0.075835,0.323612,-0.082208,0.316658,-0.08321291812000328,0.32046287254465744
37.952,TARGET_1,-0.078262,0.324429,-0.066487,0.305056,-0.07015386730648988,0.3086048964055175
38.016,TARGET_1,-0.080688,0.325245,-0.094018,0.337967,-0.08939602908080098,0.33113874037785945
38.08,TARGET_1,-0.083114,0.326062,-0.091174,0.320078,-0.09143339205051818,0.32268602980871797
38.144,TARGET_1,-0.08554,0.326878,-0.095443,0.334729,-0.09525422590816242,0.3319547791949438
38.208,TARGET_1,-0.087967,0.327695,-0.078212,0.337279,-0.08212709267796242,0.3360477480782864
38.272,TARGET_1,-0.090393,0.328511,-0.090609,0.337601,-0.08904246051681701,0.3372683885758602
38.336,TARGET_1,-0.092819,0.329328,-0.096122,0.322991,-0.09499961322879712,0.3263717525257929
38.4,TARGET_1,-0.095246,0.330144,-0.113792,0.312694,-0.11053663066461927,0.3159536933547837
38.464,TARGET_1,-0.097672,0.33096,-0.115679,0.315333,-0.11552588435943514,0.31550761432649266
38.528,TARGET_1,-0.100098,0.331777,-0.102389,0.34048,-0.10581645620722926,0.33476976720799373
38.592,TARGET_1,-0.102525,0.332593,-0.120391,0.315607,-0.11788491997444839,0.32017004856327563
38.656,TARGET_1,-0.104951,0.33341,-0.124886,0.339695,-0.12427631721439457,0.3352618165971676
38.72,TARGET_1,-0.107377,0.334226,-0.091964,0.324711,-0.09899227338936023,0.32709510527427904
38.784,TARGET_1,-0.109804,0.335043,-0.123824,0.336251,-0.11885624611942722,0.3342066135612466
38.848,TARGET_1,-0.11223,0.335859,-0.110772,0.324547,-0.11281713615109568,0.3268175831913614
38.912,TARGET_1,-0.114656,0.336676,-0.133776,0.317137,-0.12988041383916638,0.319504243159394
38.976,TARGET_1,-0.117082,0.337492,-0.131322,0.324419,-0.1317721684426763,0.3233466445840257
39.04,TARGET_1,-0.119509,0.338309,-0.134305,0.349331,-0.1345710319157362,0.34340750269469045
39.104,TARGET_1,-0.121935,0.339125,-0.112726,0.352449,-0.1177197938139748,0.35036871733304387
39.168,TARGET_1,-0.124361,0.339942,-0.137939,0.323697,-0.13383639118914065,0.3300753661140896
39.232,TARGET_1,-0.126788,0.340758,-0.144175,0.351976,-0.14276086732315962,0.34706048448317717
39.296,TARGET_1,-0.129214,0.341575,-0.113139,0.323901,-0.1194792204462578,0.32914387104947085
39.36,TARGET_1,-0.13164,0.342391,-0.125392,0.342966,-0.124085094654772,0.3397434995357592
39.424,TARGET_1,-0.134067,0.343208,-0.142269,0.340311,-0.13873820704382445,0.34030621639332576
39.488,TARGET_1,-0.136493,0.344024,-0.122118,0.328416,-0.12575173346028246,0.33114792804647786
39.552,TARGET_1,-0.138919,0.344841,-0.134561,0.328907,-0.13275758287551964,0.3294743887525862
39.616,TARGET_1,-0.141346,0.345657,-0.156572,0.345768,-0.15220660396731017,0.3421399183701649
39.68,TARGET_1,-0.143772,0.346474,-0.134086,0.335185,-0.13839683906366243,0.33681273572943643
39.744,TARGET_1,-0.146198,0.34729,-0.15292,0.343296,-0.1503465836619358,0.34190561853731616
39.808,TARGET_1,-0.148624,0.348107,-0.142724,0.363062,-0.1449189781713494,0.3582159871140625
39.872,TARGET_1,-0.151051,0.348923,-0.157746,0.361539,-0.15566026421274165,0.36095547111737003
39.936,TARGET_1,-0.153477,0.34974,-0.138129,0.348788,-0.14213490645505583,0.35159364615753586
40.0,TARGET_1,-0.155903,0.350556,-0.155518,0.339681,-0.15288475814689,0.34256790921324437
40.064,TARGET_1,-0.15833,0.351373,-0.166703,0.359844,-0.16448390377446628,0.3559885201435898
40.128,TARGET_1,-0.160756,0.352189,-0.159063,0.346979,-0.1607937924512844,0.3491587003655197
40.192,TARGET_1,-0.163182,0.353005,-0.15156,0.338854,-0.15373563721822767,0.3412522303300313
40.256,TARGET_1,-0.165609,0.353822,-0.175026,0.359155,-0.17109928354590495,0.35512985318153156
40.32,TARGET_1,-0.168035,0.354638,-0.175498,0.352493,-0.17534769122909677,0.3532484421567349
40.384,TARGET_1,-0.170461,0.355455,-0.164346,0.339806,-0.16712928712168013,0.34294300039063164
40.448,TARGET_1,-0.172887,0.356271,-0.158962,0.345387,-0.16083347019497465,0.3448097630073829
40.512,TARGET_1,-0.175314,0.357088,-0.157724,0.346815,-0.15836340380922445,0.34633412534946495
40.576,TARGET_1,-0.17774,0.357904,-0.173025,0.359022,-0.17019290573995124,0.3561222161455594
40.64,TARGET_1,-0.180166,0.358721,-0.166089,0.34375,-0.16721202537172455,0.3466618810934366
40.704,TARGET_1,-0.182593,0.359537,-0.187342,0.375653,-0.18375342510674075,0.36898792474814807
40.768,TARGET_1,-0.185019,0.360354,-0.166069,0.356277,-0.1702164384365917,0.35922650836076864
40.832,TARGET_1,-0.187445,0.36117,-0.173129,0.347204,-0.1726690910063489,0.3500375689954279
40.896,TARGET_1,-0.189872,0.361987,-0.200458,0.373561,-0.19534079314189995,0.36817359959669366
40.96,TARGET_1,-0.192298,0.362803,-0.201127,0.369183,-0.20096630583463482,0.36907266402557737
41.024,TARGET_1,-0.194724,0.36362,-0.193687,0.354671,-0.19602447324780808,0.35802087195618654
41.088,TARGET_1,-0.197151,0.364436,-0.214574,0.359579,-0.21159904222245413,0.359281899598706
41.152,TARGET_1,-0.199577,0.365253,-0.202291,0.379999,-0.20515116613628098,0.3753150184998566
41.216,TARGET_1,-0.202003,0.366069,-0.197166,0.362777,-0.19930814834143804,0.3657180379586579
41.28,TARGET_1,-0.204429,0.366886,-0.220377,0.347644,-0.21652879622625176,0.3519688002305197
41.344,TARGET_1,-0.206856,0.367702,-0.21604,0.358454,-0.2169335935748043,0.35700349646521556
41.408,TARGET_1,-0.209282,0.368519,-0.220096,0.374841,-0.22020779345389155,0.3707896367520154
41.472,TARGET_1,-0.211708,0.369335,-0.21973,0.375498,-0.2205400338899183,0.37450992080038126
41.536,TARGET_1,-0.214135,0.370152,-0.227108,0.384356,-0.22648799059137062,0.382214540513524
41.6,TARGET_1,-0.216561,0.370968,-0.23114,0.390902,-0.23101669316985313,0.389068754802215
41.664,TARGET_1,-0.218987,0.371785,-0.231055,0.355886,-0.23159382034942633,0.3636361759514247
41.728,TARGET_1,-0.221414,0.372601,-0.215513,0.373675,-0.2191794281236642,0.371324899002751
41.792,TARGET_1,-0.22384,0.373418,-0.211023,0.362483,-0.21259491571104305,0.36451416152244837
41.856,TARGET_1,-0.226266,0.374234,-0.223401,0.393755,-0.2212263710176645,0.3869450778107606
41.92,TARGET_1,-0.228693,0.37505,-0.236021,0.391942,-0.23337049853545602,0.3908529012081905
41.984,TARGET_1,-0.231119,0.375867,-0.24863,0.355904,-0.24611671784524683,0.36414314864685327
42.048,TARGET_1,-0.233545,0.376683,-0.240438,0.393219,-0.2423917339668025,0.38652520721798844
42.112,TARGET_1,-0.235971,0.3775,-0.241272,0.358619,-0.24195086093267315,0.36513934361226813
42.176,TARGET_1,-0.238398,0.378316,-0.234519,0.387833,-0.2363899518596142,0.3825465103204518
42.24,TARGET_1,-0.240824,0.379133,-0.235616,0.398045,-0.235978909117735,0.39443358698327863
42.304,TARGET_1,-0.24325,0.379949,-0.229835,0.366272,-0.23106273297378002,0.3728477865903441
42.368,TARGET_1,-0.245677,0.380766,-0.233128,0.376864,-0.23263203040558542,0.3759219748254129
42.432,TARGET_1,-0.248103,0.381582,-0.239748,0.3694,-0.2383192765699697,0.3709486840702938
42.496,TARGET_1,-0.250529,0.382399,-0.240431,0.378222,-0.24019890924492768,0.3765392504192088
42.56,TARGET_1,-0.252956,0.383215,-0.234877,0.394865,-0.23617444688449662,0.3905780304173187
42.624,TARGET_1,-0.255382,0.384032,-0.262265,0.364621,-0.2571816657917405,0.3708072851953572
42.688,TARGET_1,-0.257808,0.384848,-0.253574,0.368502,-0.25496071809102144,0.3690852806048592
42.752,TARGET_1,-0.260234,0.385665,-0.249456,0.381831,-0.25105935135398677,0.3788954284614598
42.816,TARGET_1,-0.262661,0.386481,-0.267391,0.380739,-0.2645412971881176,0.38041750573120564
42.88,TARGET_1,-0.265087,0.387298,-0.281896,0.387793,-0.2792725843769317,0.3862486363596153
42.944,TARGET_1,-0.267513,0.388114,-0.281542,0.38801,-0.2822029122801262,0.38776762695708117
43.008,TARGET_1,-0.26994,0.388931,-0.266494,0.386528,-0.2705387351120405,0.38687816348277465
43.072,TARGET_1,-0.272366,0.389747,-0.270378,0.379149,-0.27080714253263966,0.38099914038676264
43.136,TARGET_1,-0.274792,0.390564,-0.270161,0.387041,-0.2706621156576741,0.3856749608440238
43.2,TARGET_1,-0.277219,0.39138,-0.267859,0.406812,-0.26881493272053497,0.40191417114904443
43.264,TARGET_1,-0.279645,0.392197,-0.28777,0.387234,-0.2842507170674566,0.39081731939785513
43.328,TARGET_1,-0.282071,0.393013,-0.293013,0.403866,-0.2920481206396935,0.4009954821503812
43.392,TARGET_1,-0.284498,0.39383,-0.285122,0.3828,-0.2872054287160921,0.3870718129232772
43.456,TARGET_1,-0.286924,0.394646,-0.270413,0.38481,-0.27412598620082884,0.3853055763381624
43.52,TARGET_1,-0.28935,0.395463,-0.276925,0.40114,-0.27640307766640526,0.3974445357784132
43.584,TARGET_1,-0.291776,0.396279,-0.305642,0.392174,-0.3000273081929146,0.39355818857527464
43.648,TARGET_1,-0.294203,0.397095,-0.279758,0.400264,-0.28454812701173204,0.3987253821830264
43.712,TARGET_1,-0.296629,0.397912,-0.315761,0.387926,-0.30983840166288773,0.39064468534167174
43.776,TARGET_1,-0.299055,0.398728,-0.300034,0.392699,-0.3029033248563132,0.3923025307418207
43.84,TARGET_1,-0.301482,0.399545,-0.29478,0.409878,-0.29701305578230364,0.4058574795236009
43.904,TARGET_1,-0.303908,0.400361,-0.316977,0.394395,-0.3133456018364392,0.39725840085168557
43.968,TARGET_1,-0.306334,0.401178,-0.294129,0.393092,-0.29859518411775443,0.39405577557161603
44.032,TARGET_1,-0.308761,0.401994,-0.300582,0.398632,-0.30035082996181306,0.39759902476016806
44.096,TARGET_1,-0.311187,0.402811,-0.318119,0.416293,-0.3149692913094481,0.4120828626905743
44.16,TARGET_1,-0.313613,0.403627,-0.3046,0.414922,-0.3073389992073716,0.41432607536229704
44.224,TARGET_1,-0.316039,0.404444,-0.334418,0.413262,-0.3294846572410164,0.41377497509218647
44.288,TARGET_1,-0.318466,0.40526,-0.314484,0.412923,-0.3183973989909497,0.4132041006840737
44.352,TARGET_1,-0.320892,0.406077,-0.319518,0.389253,-0.31959287509799145,0.3948761410317297
44.416,TARGET_1,-0.323318,0.406893,-0.330379,0.411339,-0.32868798442781616,0.40760618086498823
44.48,TARGET_1,-0.325745,0.40771,-0.339202,0.4224,-0.33785985840405586,0.41913226289821204
44.544,TARGET_1,-0.328171,0.408526,-0.325072,0.391826,-0.32824487740024083,0.3981505157689047
44.608,TARGET_1,-0.330597,0.409343,-0.344011,0.41011,-0.3412872405296089,0.40742102570541217
44.672,TARGET_1,-0.333024,0.410159,-0.31698,0.397904,-0.3223449765454972,0.40007831774051267
44.736,TARGET_1,-0.33545,0.410976,-0.31972,0.400485,-0.32014760166994627,0.40037172623053924
44.8,TARGET_1,-0.337876,0.411792,-0.318102,0.418856,-0.31842920802218433,0.41450937584103087
44.864,TARGET_1,-0.340303,0.412609,-0.352802,0.428724,-0.34607220514828874,0.425510043322429
44.928,TARGET_1,-0.342729,0.413425,-0.357,0.418641,-0.35571517655687185,0.4203320248693654
44.992,TARGET_1,-0.345155,0.414242,-0.330893,0.41852,-0.3367013835393201,0.418936395661773
45.056,TARGET_1,-0.347581,0.415058,-0.336753,0.429795,-0.3369631351613851,0.4272724190340031
45.12,TARGET_1,-0.350008,0.415875,-0.358269,0.428477,-0.3543370194184487,0.4282711338272441
45.184,TARGET_1,-0.352434,0.416691,-0.367947,0.432342,-0.3660638342639667,0.4314934576270625
45.248,TARGET_1,-0.35486,0.417508,-0.366307,0.403512,-0.36718980300095944,0.4099804533992966
45.312,TARGET_1,-0.357287,0.418324,-0.376623,0.417692,-0.37561151081075794,0.4158882324856231
45.376,TARGET_1,-0.359713,0.41914,-0.358959,0.431265,-0.36312836048700375,0.42775176583582236
45.44,TARGET_1,-0.362139,0.419957,-0.347258,0.437561,-0.3507088418026087,0.4352722511650666
45.504,TARGET_1,-0.364566,0.420773,-0.37322,0.423495,-0.36872541567613926,0.42631299295771996
45.568,TARGET_1,-0.366992,0.42159,-0.360731,0.437862,-0.3628088312411341,0.4351840789740591
45.632,TARGET_1,-0.369418,0.422406,-0.354593,0.4225,-0.3563678125236757,0.42545412535633703
45.696,TARGET_1,-0.371845,0.423223,-0.387292,0.437621,-0.3812974759440706,0.4348794594110123
45.76,TARGET_1,-0.374271,0.424039,-0.387565,0.41251,-0.3870952280472616,0.4177752400048935
45.824,TARGET_1,-0.376697,0.424856,-0.394525,0.41288,-0.393904531760184,0.4140313646506628
45.888,TARGET_1,-0.379123,0.425672,-0.361064,0.436107,-0.3683209036562015,0.4310402370127644
45.952,TARGET_1,-0.38155,0.426489,-0.370324,0.445609,-0.369870655176214,0.4421941121120862
46.016,TARGET_1,-0.383976,0.427305,-0.388944,0.415617,-0.38513928770214895,0.42190973089131695
46.08,TARGET_1,-0.386402,0.428122,-0.380866,0.417596,-0.3821140209316952,0.4186277769988076
46.144,TARGET_1,-0.388829,0.428938,-0.385437,0.43953,-0.38512012325429307,0.434682337439239
46.208,TARGET_1,-0.391255,0.429755,-0.38356,0.449376,-0.3842812260071427,0.44598479404435803
46.272,TARGET_1,-0.393681,0.430571,-0.395634,0.433893,-0.3936738951914161,0.4368131264308681
46.336,TARGET_1,-0.396108,0.431388,-0.395041,0.444118,-0.39533445278484974,0.4424900269819232
46.4,TARGET_1,-0.398534,0.432204,-0.400947,0.418727,-0.40024719728530744,0.4243351306107476
46.464,TARGET_1,-0.40096,0.433021,-0.41412,0.416541,-0.4119156009878475,0.4184369561257482
46.528,TARGET_1,-0.403386,0.433837,-0.39958,0.429427,-0.4027839361983788,0.4269089637272543
46.592,TARGET_1,-0.405813,0.434654,-0.419763,0.446823,-0.41691144945399244,0.4422846997344441
46.656,TARGET_1,-0.408239,0.43547,-0.402001,0.423172,-0.40561821766131495,0.42760987503497205
46.72,TARGET_1,-0.410665,0.436287,-0.40405,0.419491,-0.4045652805490712,0.42139697031415235
46.784,TARGET_1,-0.413092,0.437103,-0.421402,0.450328,-0.418370288523835,0.4436142910769701
46.848,TARGET_1,-0.415518,0.43792,-0.400156,0.427351,-0.4042591689932549,0.43112262955717123
46.912,TARGET_1,-0.417944,0.438736,-0.419179,0.450855,-0.4163558539247731,0.44627079017108706
46.976,TARGET_1,-0.420371,0.439553,-0.425314,0.440373,-0.4240146313061605,0.4417996194726901
47.04,TARGET_1,-0.422797,0.440369,-0.40539,0.435715,-0.409595567566388,0.43711935292301185
47.104,TARGET_1,-0.425223,0.441185,-0.418778,0.439613,-0.41702441169117077,0.43904544707374515
47.168,TARGET_1,-0.42765,0.442002,-0.414234,0.45328,-0.4150635843967942,0.4499560098535663
47.232,TARGET_1,-0.430076,0.442818,-0.414801,0.456104,-0.41503415987878606,0.45467407910870117
47.296,TARGET_1,-0.432502,0.443635,-0.434508,0.46073,-0.4309042502801929,0.45936940844451046
47.36,TARGET_1,-0.434928,0.444451,-0.430602,0.434778,-0.4312621582802835,0.44052667573992943
47.424,TARGET_1,-0.437355,0.445268,-0.455089,0.460468,-0.45101549171851046,0.4558474755868992
47.488,TARGET_1,-0.439781,0.446084,-0.429325,0.443363,-0.4345994565761623,0.4462282822048394
47.552,TARGET_1,-0.442207,0.446901,-0.42539,0.461523,-0.42751691318971125,0.45796065258152846
47.616,TARGET_1,-0.444634,0.447717,-0.438023,0.466289,-0.4360499679483132,0.4643522955309486
47.68,TARGET_1,-0.44706,0.448534,-0.45084,0.465956,-0.4483164557146587,0.46561711958008023
47.744,TARGET_1,-0.449486,0.44935,-0.460615,0.463597,-0.45892353133765956,0.4641129177781739
47.808,TARGET_1,-0.451913,0.450167,-0.463343,0.440265,-0.4633819512045841,0.44576572296326683
47.872,TARGET_1,-0.454339,0.450983,-0.46586,0.454846,-0.46625721875399206,0.4527083049113958
47.936,TARGET_1,-0.456765,0.4518,-0.446753,0.471796,-0.4513264819056754,0.4674173946558617
48.0,TARGET_1,-0.459192,0.452616,-0.450323,0.468018,-0.4506809622757838,0.467884490945489
48.064,TARGET_1,-0.461618,0.453433,-0.457342,0.470142,-0.4561721128487842,0.4696311028420574
48.128,TARGET_1,-0.464044,0.454249,-0.456352,0.473423,-0.45660566522832624,0.4725504413244253
48.192,TARGET_1,-0.46647,0.455066,-0.479269,0.453554,-0.4750981441224053,0.4580584895472476
48.256,TARGET_1,-0.468897,0.455882,-0.46503,0.462604,-0.4677856856296507,0.46156393441148785
48.32,TARGET_1,-0.471323,0.456699,-0.475042,0.46035,-0.47405874424351685,0.46066408286231303
48.384,TARGET_1,-0.473749,0.457515,-0.484162,0.472252,-0.4827858292314292,0.4696008001943348
48.448,TARGET_1,-0.476176,0.458332,-0.470997,0.445314,-0.47398384966456875,0.4509401936487327
48.512,TARGET_1,-0.478602,0.459148,-0.471231,0.473099,-0.472066130041548,0.4679255536039837
48.576,TARGET_1,-0.481028,0.459965,-0.477761,0.44111,-0.4768143810478773,0.4473977715950196
48.64,TARGET_1,-0.483455,0.460781,-0.491374,0.443835,-0.48885230645814687,0.44467430698665933
48.704,TARGET_1,-0.485881,0.461598,-0.485722,0.464678,-0.48697432681794073,0.4600338587532669
48.768,TARGET_1,-0.488307,0.462414,-0.470345,0.470012,-0.4740462458618991,0.46768921143375947
48.832,TARGET_1,-0.490733,0.46323,-0.495495,0.448651,-0.49125725615196153,0.45316735774807687
48.896,TARGET_1,-0.49316,0.464047,-0.502492,0.467943,-0.5008733469082285,0.4645659495969292
48.96,TARGET_1,-0.495586,0.464863,-0.503397,0.477758,-0.5037240433841905,0.4747986467062498
49.024,TARGET_1,-0.498012,0.46568,-0.513715,0.453617,-0.5124385354560855,0.45863549598586056
49.088,TARGET_1,-0.500439,0.466496,-0.481908,0.450221,-0.4886449384672413,0.4521184439932025
49.152,TARGET_1,-0.502865,0.467313,-0.519446,0.476603,-0.5134260763604327,0.47091804572196166
49.216,TARGET_1,-0.505291,0.468129,-0.515149,0.484181,-0.5156094797369377,0.4811488096569805
49.28,TARGET_1,-0.507718,0.468946,-0.517605,0.458955,-0.5178783374150456,0.4641424091369142
49.344,TARGET_1,-0.510144,0.469762,-0.529342,0.469084,-0.5277627915314345,0.4679583180170493
49.408,TARGET_1,-0.51257,0.470579,-0.496582,0.459115,-0.5034561118101585,0.4611395933143295
49.472,TARGET_1,-0.514997,0.471395,-0.498278,0.482098,-0.49916450073392254,0.4771858680636746
49.536,TARGET_1,-0.517423,0.472212,-0.518197,0.480831,-0.5142811185339129,0.47998021709564753
49.6,TARGET_1,-0.519849,0.473028,-0.5238,0.469517,-0.5222709629728993,0.47197000809052486
49.664,TARGET_1,-0.522275,0.473845,-0.515673,0.467045,-0.5174741694911371,0.46819009941873707
49.728,TARGET_1,-0.524702,0.474661,-0.511253,0.473168,-0.5127252595438699,0.4720035459921278
49.792,TARGET_1,-0.522222,0.474024,-0.521697,0.477364,-0.520024952114278,0.47610388300374185
49.856,TARGET_1,-0.519743,0.473388,-0.510157,0.478908,-0.5123600954881649,0.47825292741077235
49.92,TARGET_1,-0.517263,0.472751,-0.506195,0.454859,-0.5073757502695769,0.4603437130870081
49.984,TARGET_1,-0.514784,0.472114,-0.529096,0.461754,-0.5247216188592371,0.461418922623654
50.048,TARGET_1,-0.512304,0.471477,-0.519318,0.454983,-0.520802046733088,0.4564851827319366
50.112,TARGET_1,-0.509825,0.47084,-0.526764,0.478567,-0.5258281961069624,0.4733926929434308
50.176,TARGET_1,-0.507345,0.470203,-0.499576,0.456561,-0.5049967617696522,0.4604926936013206
50.24,TARGET_1,-0.504866,0.469566,-0.517241,0.477364,-0.5144518227625667,0.473417584270994
50.304,TARGET_1,-0.502386,0.46893,-0.491731,0.482154,-0.49608092148583777,0.48013913460424135
50.368,TARGET_1,-0.499907,0.468293,-0.500458,0.448725,-0.4990112494017727,0.456042571752685
50.432,TARGET_1,-0.497427,0.467656,-0.494757,0.461963,-0.49517898902542584,0.460563269860152
50.496,TARGET_1,-0.494948,0.467019,-0.507674,0.482204,-0.5048200419066784,0.4771665449977449
50.56,TARGET_1,-0.492468,0.466382,-0.504809,0.482742,-0.5047663001210049,0.4814368280509601
50.624,TARGET_1,-0.489988,0.465745,-0.481936,0.447725,-0.48634265248763464,0.4556499204503688
50.688,TARGET_1,-0.487509,0.465108,-0.473195,0.461693,-0.47510011840497923,0.46030729459862857
50.752,TARGET_1,-0.485029,0.464472,-0.473555,0.461999,-0.47294964734094236,0.4616407105290229
50.816,TARGET_1,-0.48255,0.463835,-0.499345,0.445381,-0.4934460297915243,0.4491057062631398
50.88,TARGET_1,-0.48007,0.463198,-0.470568,0.459923,-0.4750232852749274,0.45737880524254293
50.944,TARGET_1,-0.477591,0.462561,-0.458773,0.453642,-0.4613176737369422,0.45449208815371506
51.008,TARGET_1,-0.475111,0.461924,-0.464213,0.470989,-0.4627138350278034,0.46719100561738414
51.072,TARGET_1,-0.472632,0.461287,-0.466056,0.468476,-0.4646789450159246,0.46820977893151045
51.136,TARGET_1,-0.470152,0.460651,-0.469394,0.44069,-0.46799255080602375,0.44708556429376745
51.2,TARGET_1,-0.467673,0.460014,-0.452794,0.447967,-0.4554308661938601,0.4477428740590665
51.264,TARGET_1,-0.465193,0.459377,-0.46015,0.476929,-0.45859470741255615,0.470152682969015
51.328,TARGET_1,-0.462714,0.45874,-0.460582,0.445186,-0.4598091765270002,0.4510183465133367
51.392,TARGET_1,-0.460234,0.458103,-0.460126,0.441416,-0.4597807902866572,0.4436587125303634
51.456,TARGET_1,-0.457755,0.457466,-0.448979,0.472093,-0.45084195097829854,0.4654333072932423
51.52,TARGET_1,-0.455275,0.456829,-0.46804,0.446088,-0.46423960771584516,0.45059599507601183
51.584,TARGET_1,-0.452796,0.456193,-0.458481,0.468445,-0.45965844814906665,0.4642593230302814
51.648,TARGET_1,-0.450316,0.455556,-0.458149,0.454503,-0.4583324022165211,0.4567871466698699
51.712,TARGET_1,-0.447837,0.454919,-0.448479,0.455704,-0.45024926356544137,0.45594803627276204
51.776,TARGET_1,-0.445357,0.454282,-0.455727,0.468255,-0.4542954848682548,0.46537681813705745
51.84,TARGET_1,-0.442878,0.453645,-0.450238,0.435946,-0.450844127473858,0.44283509761679546
51.904,TARGET_1,-0.440398,0.453008,-0.44752,0.458372,-0.44791614712226846,0.4547260424006176
51.968,TARGET_1,-0.437919,0.452372,-0.434859,0.43576,-0.43706656884231293,0.4401829013583086
52.032,TARGET_1,-0.435439,0.451735,-0.447228,0.441729,-0.44464271152382306,0.4413588031027667
52.096,TARGET_1,-0.432959,0.451098,-0.416253,0.455157,-0.4215007343801902,0.4518855234275873
52.16,TARGET_1,-0.43048,0.450461,-0.435967,0.462455,-0.4321973620689908,0.46003295212456224
52.224,TARGET_1,-0.428,0.449824,-0.429109,0.441479,-0.42927761383878377,0.4458044302393501
52.288,TARGET_1,-0.425521,0.449187,-0.417734,0.438331,-0.4195070861750894,0.44005672897224385
52.352,TARGET_1,-0.423041,0.44855,-0.421857,0.448302,-0.42070612613550307,0.44637402867643156
52.416,TARGET_1,-0.420562,0.447914,-0.429889,0.432203,-0.42757110227432454,0.43549042773822955
52.48,TARGET_1,-0.418082,0.447277,-0.424642,0.459346,-0.42503192552442226,0.45375593454149127
52.544,TARGET_1,-0.415603,0.44664,-0.428607,0.428392,-0.4276582845660873,0.4343250147011132
52.608,TARGET_1,-0.413123,0.446003,-0.432293,0.437374,-0.431281633011419,0.4366619445611377
52.672,TARGET_1,-0.410644,0.445366,-0.409359,0.454087,-0.413652242813486,0.4499662732950443
52.736,TARGET_1,-0.408164,0.444729,-0.402291,0.438111,-0.40391451647981136,0.4408304726033812
52.8,TARGET_1,-0.405685,0.444093,-0.402377,0.445761,-0.4018897673312858,0.4445687356620111
52.864,TARGET_1,-0.403205,0.443456,-0.407734,0.429135,-0.40585723974786186,0.43266611077817624
52.928,TARGET_1,-0.400726,0.442819,-0.383121,0.460581,-0.3871459215400996,0.45397565956504526
52.992,TARGET_1,-0.398246,0.442182,-0.385311,0.453794,-0.3847087104381767,0.4538117706233269
53.056,TARGET_1,-0.395767,0.441545,-0.37775,0.432803,-0.3782019398708197,0.43757833033044047
53.12,TARGET_1,-0.393287,0.440908,-0.39827,0.460107,-0.3935112790088566,0.454935177168244
53.184,TARGET_1,-0.390808,0.440271,-0.403592,0.435188,-0.40139614843338217,0.4398048908337955
53.248,TARGET_1,-0.388328,0.439635,-0.374381,0.434674,-0.37965888641852247,0.43581982965340965
53.312,TARGET_1,-0.385849,0.438998,-0.404605,0.445399,-0.399120986304954,0.44319122108674613
53.376,TARGET_1,-0.383369,0.438361,-0.398915,0.441581,-0.39905648686238604,0.44196196315767633
53.44,TARGET_1,-0.38089,0.437724,-0.381856,0.457418,-0.3852882823687672,0.4537708660504664
53.504,TARGET_1,-0.37841,0.437087,-0.3626,0.446303,-0.3665932761582873,0.4479928597945304
53.568,TARGET_1,-0.375931,0.43645,-0.358986,0.417942,-0.35945189280619055,0.42477610959686174
53.632,TARGET_1,-0.373451,0.435813,-0.364602,0.444613,-0.3626465996398307,0.439968228753295
53.696,TARGET_1,-0.370971,0.435177,-0.382677,0.4278,-0.3780626995632039,0.4306099543091752
53.76,TARGET_1,-0.368492,0.43454,-0.350488,0.416491,-0.3556760749956265,0.4196426200320527
53.824,TARGET_1,-0.366012,0.433903,-0.358117,0.448347,-0.35692954013334716,0.44163815701723735
53.888,TARGET_1,-0.363533,0.433266,-0.345193,0.425024,-0.3468501801214622,0.4288194935623539
53.952,TARGET_1,-0.361053,0.432629,-0.359482,0.43288,-0.35621490663992317,0.43191021089909853
54.016,TARGET_1,-0.358574,0.431992,-0.36099,0.420319,-0.3596612452894159,0.42300128123351666
54.08,TARGET_1,-0.356094,0.431356,-0.37539,0.44304,-0.37221306668497794,0.438401897509779
54.144,TARGET_1,-0.353615,0.430719,-0.340463,0.428404,-0.3468677749448249,0.4306568533927263
54.208,TARGET_1,-0.351135,0.430082,-0.369377,0.430216,-0.36439463538030586,0.4303405114489217
54.272,TARGET_1,-0.348656,0.429445,-0.33447,0.445133,-0.34037676843857506,0.441577460295531
54.336,TARGET_1,-0.346176,0.428808,-0.335367,0.441961,-0.33561980337052855,0.4418028198029811
54.4,TARGET_1,-0.343697,0.428171,-0.355116,0.435101,-0.3505750455065524,0.4366447074213963
54.464,TARGET_1,-0.341217,0.427534,-0.348137,0.413384,-0.3483874331204945,0.41879341018202654
54.528,TARGET_1,-0.338738,0.426898,-0.343715,0.435542,-0.3444654637535448,0.43157891866848214
54.592,TARGET_1,-0.336258,0.426261,-0.328787,0.42357,-0.33151324830819473,0.4253383222404524
54.656,TARGET_1,-0.333779,0.425624,-0.333771,0.445237,-0.33274129301441824,0.4405636066053084
54.72,TARGET_1,-0.331299,0.424987,-0.325208,0.416975,-0.32613276838643723,0.4224069503023843
54.784,TARGET_1,-0.32882,0.42435,-0.328934,0.418422,-0.32772860949544325,0.41927787580862674
54.848,TARGET_1,-0.32634,0.423713,-0.307555,0.429842,-0.311025057101719,0.427231628893704
54.912,TARGET_1,-0.323861,0.423077,-0.335976,0.403694,-0.33012915822217287,0.40908400686041124
54.976,TARGET_1,-0.321381,0.42244,-0.318709,0.441597,-0.32097150953057774,0.43392526900924866
55.04,TARGET_1,-0.318902,0.421803,-0.312756,0.427917,-0.31400427620223365,0.42922162570561545
55.104,TARGET_1,-0.316422,0.421166,-0.299753,0.411264,-0.30190477976186875,0.41526738315369033
55.168,TARGET_1,-0.313942,0.420529,-0.311195,0.405123,-0.30844168342092254,0.4073344764792179
55.232,TARGET_1,-0.311463,0.419892,-0.310433,0.41887,-0.30958063037732914,0.4161048564600257
55.296,TARGET_1,-0.308983,0.419255,-0.295235,0.430432,-0.29777727054283604,0.4269312072735108
55.36,TARGET_1,-0.306504,0.418619,-0.304633,0.431845,-0.30271722754293356,0.4306547150396056
55.424,TARGET_1,-0.304024,0.417982,-0.313819,0.418939,-0.3112650455659738,0.4216797514364094
55.488,TARGET_1,-0.301545,0.417345,-0.30084,0.416432,-0.3027962887020604,0.41757636889133704
55.552,TARGET_1,-0.299065,0.416708,-0.308847,0.409641,-0.30728582116152925,0.4114697736940431
55.616,TARGET_1,-0.296586,0.416071,-0.307617,0.434101,-0.3075631276469553,0.42880562204433254
55.68,TARGET_1,-0.294106,0.415434,-0.278156,0.414324,-0.2837569588804265,0.41749079889091895
55.744,TARGET_1,-0.291627,0.414797,-0.284066,0.402939,-0.2830564719064828,0.40613557806730505
55.808,TARGET_1,-0.289147,0.414161,-0.273483,0.411483,-0.2746012281937816,0.4100127003030656
55.872,TARGET_1,-0.286668,0.413524,-0.295301,0.404071,-0.29033243388973873,0.4053870718510263
55.936,TARGET_1,-0.284188,0.412887,-0.273439,0.405221,-0.2764751798724436,0.40504901307032176
56.0,TARGET_1,-0.281709,0.41225,-0.262916,0.413059,-0.2649684696200474,0.4109518521046663
56.064,TARGET_1,-0.279229,0.411613,-0.291468,0.429162,-0.28556231362975487,0.42502582786994003
56.128,TARGET_1,-0.27675,0.410976,-0.270452,0.416308,-0.2733681482118701,0.4182493701048682
56.192,TARGET_1,-0.27427,0.41034,-0.278823,0.415346,-0.2773397414210744,0.4159920267504306
56.256,TARGET_1,-0.271791,0.409703,-0.26387,0.392475,-0.2661209724193776,0.3978334392203343
56.32,TARGET_1,-0.269311,0.409066,-0.262535,0.408148,-0.26266317935453115,0.40562217481599233
56.384,TARGET_1,-0.266832,0.408429,-0.267012,0.398877,-0.2655286534299773,0.4003674108871257
56.448,TARGET_1,-0.264352,0.407792,-0.278383,0.403176,-0.2754773706918226,0.4025357145801783
56.512,TARGET_1,-0.261873,0.407155,-0.272077,0.402891,-0.272726660378766,0.40278181254001266
56.576,TARGET_1,-0.259393,0.406518,-0.258852,0.411177,-0.26150891300894313,0.4091048792106245
56.64,TARGET_1,-0.256913,0.405882,-0.245088,0.418364,-0.2479288668119519,0.4160315495906231
56.704,TARGET_1,-0.254434,0.405245,-0.236116,0.386951,-0.2374929046750395,0.39346782300100674
56.768,TARGET_1,-0.251954,0.404608,-0.246358,0.387019,-0.24352569479832553,0.38828304149137866
56.832,TARGET_1,-0.249475,0.403971,-0.26,0.423252,-0.2563838981541311,0.41525030724879
56.896,TARGET_1,-0.246995,0.403334,-0.265965,0.404866,-0.26406674990350276,0.40736139960632345
56.96,TARGET_1,-0.244516,0.402697,-0.230943,0.409686,-0.23763818208107484,0.40895397900970476
57.024,TARGET_1,-0.242036,0.402061,-0.25421,0.413595,-0.2503618203565282,0.4125158873865232
57.088,TARGET_1,-0.239557,0.401424,-0.247983,0.396635,-0.2482277438377396,0.40029883882868433
57.152,TARGET_1,-0.237077,0.400787,-0.227097,0.396997,-0.23095689003951275,0.3975664447251771
57.216,TARGET_1,-0.234598,0.40015,-0.231706,0.38415,-0.23070061751951051,0.38709623651660857
57.28,TARGET_1,-0.232118,0.399513,-0.246796,0.402363,-0.24307974193595766,0.39883192396064876
57.344,TARGET_1,-0.229639,0.398876,-0.222231,0.415862,-0.22632586264524024,0.41172233386762136
57.408,TARGET_1,-0.227159,0.398239,-0.237113,0.386888,-0.23430624405364092,0.3926203802415301
57.472,TARGET_1,-0.22468,0.397603,-0.232168,0.377886,-0.23216837489544478,0.3812147067515712
57.536,TARGET_1,-0.2222,0.396966,-0.233955,0.409087,-0.2334765455697699,0.4025655059654407
57.6,TARGET_1,-0.219721,0.396329,-0.214593,0.38273,-0.21799711621144705,0.38716235023069095
57.664,TARGET_1,-0.217241,0.395692,-0.230808,0.405186,-0.2277567069914996,0.40098913978052453
57.728,TARGET_1,-0.214762,0.395055,-0.226014,0.3782,-0.22602414582115243,0.38346035389242206
57.792,TARGET_1,-0.212282,0.394418,-0.219196,0.390546,-0.2202841334817517,0.3887879786780071
57.856,TARGET_1,-0.209803,0.393782,-0.22434,0.381305,-0.2230980559749791,0.3829955845514055
57.92,TARGET_1,-0.207323,0.393145,-0.224155,0.406052,-0.22385847584580554,0.4006518583360216
57.984,TARGET_1,-0.204844,0.392508,-0.22185,0.377162,-0.22199029113087979,0.38260777439352484
58.048,TARGET_1,-0.202364,0.391871,-0.2147,0.409533,-0.21607963024980817,0.4031696693909821
58.112,TARGET_1,-0.199885,0.391234,-0.193163,0.402914,-0.19734881767094342,0.40278574985184473
58.176,TARGET_1,-0.197405,0.390597,-0.209296,0.39216,-0.20608136090020598,0.3945411939203459
58.24,TARGET_1,-0.194925,0.38996,-0.178206,0.376612,-0.1830609310524351,0.3804706258704359
58.304,TARGET_1,-0.192446,0.389324,-0.176321,0.399859,-0.17657696917786406,0.39518526903862083
58.368,TARGET_1,-0.189966,0.388687,-0.18018,0.391151,-0.17835630046733933,0.39194237808217963
58.432,TARGET_1,-0.187487,0.38805,-0.169543,0.379707,-0.17032420890393823,0.382319691356546
58.496,TARGET_1,-0.185007,0.387413,-0.178533,0.393151,-0.175984487662124,0.39055247473190957
58.56,TARGET_1,-0.182528,0.386776,-0.178583,0.371348,-0.1773550576552682,0.3756886769619252
58.624,TARGET_1,-0.180048,0.386139,-0.176928,0.366878,-0.17641331661685128,0.3687914436497738
58.688,TARGET_1,-0.177569,0.385502,-0.174386,0.403398,-0.17456599856494964,0.3952838714586468
58.752,TARGET_1,-0.175089,0.384866,-0.166204,0.383146,-0.167457673221137,0.38586930694539845
58.816,TARGET_1,-0.17261,0.384229,-0.189686,0.374843,-0.18477083752399598,0.3774527928480608
58.88,TARGET_1,-0.17013,0.383592,-0.162362,0.393223,-0.16693491399604227,0.38939414457456023
58.944,TARGET_1,-0.167651,0.382955,-0.15448,0.401458,-0.15656695259223052,0.3984776307122653
59.008,TARGET_1,-0.165171,0.382318,-0.159515,0.367733,-0.15809760987568688,0.3747401052025805
59.072,TARGET_1,-0.162692,0.381681,-0.166495,0.387201,-0.1643606285846373,0.3842556979917941
59.136,TARGET_1,-0.160212,0.381045,-0.157867,0.380574,-0.15887384320917605,0.3813169881309303
59.2,TARGET_1,-0.157733,0.380408,-0.156657,0.380627,-0.1566981050742527,0.3806776097190995
59.264,TARGET_1,-0.155253,0.379771,-0.146679,0.397813,-0.1483939561368594,0.39367074433674204
59.328,TARGET_1,-0.152774,0.379134,-0.149554,0.396292,-0.14885121178717278,0.3955980062148118
59.392,TARGET_1,-0.150294,0.378497,-0.162243,0.371592,-0.1590737510892676,0.37718279259645027
59.456,TARGET_1,-0.147815,0.37786,-0.158915,0.381159,-0.15888307158372283,0.3802104577545263
59.52,TARGET_1,-0.145335,0.377223,-0.140838,0.359046,-0.14410301419598062,0.3637769058861853
59.584,TARGET_1,-0.142856,0.376587,-0.158074,0.366005,-0.1547152270878131,0.3654583222008034
59.648,TARGET_1,-0.140376,0.37595,-0.126714,0.386198,-0.13220316283474484,0.3810832070953622
59.712,TARGET_1,-0.137896,0.375313,-0.125432,0.361824,-0.12584795160409665,0.3660312944634558
59.776,TARGET_1,-0.135417,0.374676,-0.155052,0.376869,-0.1485191053517758,0.37441693876916626
59.84,TARGET_1,-0.132937,0.374039,-0.124939,0.361243,-0.12944904546050928,0.3640683054045225
59.904,TARGET_1,-0.130458,0.373402,-0.129929,0.386582,-0.1293828734086078,0.38124298557444286
59.968,TARGET_1,-0.127978,0.372766,-0.141551,0.364912,-0.13863002620343315,0.36870275147564374
60.032,TARGET_1,-0.125499,0.372129,-0.1373,0.381475,-0.13754716150674665,0.3784686589423084
60.096,TARGET_1,-0.123019,0.371492,-0.111706,0.352926,-0.11645383599067283,0.35860907928764485
60.16,TARGET_1,-0.12054,0.370855,-0.112954,0.362197,-0.11279138277843653,0.3611364610696632
60.224,TARGET_1,-0.11806,0.370218,-0.108789,0.361223,-0.10874638852907129,0.36098691079123546
60.288,TARGET_1,-0.115581,0.369581,-0.105488,0.352826,-0.10524882871823536,0.3544809910284018
60.352,TARGET_1,-0.113101,0.368944,-0.123605,0.38299,-0.11943534954307942,0.3764545501133618
60.416,TARGET_1,-0.110622,0.368308,-0.094278,0.374765,-0.09909846631895158,0.3749752939188777
60.48,TARGET_1,-0.108142,0.367671,-0.119838,0.375074,-0.11508673424133777,0.3750633776871164
60.544,TARGET_1,-0.105663,0.367034,-0.122444,0.365651,-0.12088187997821398,0.36788081525947103
60.608,TARGET_1,-0.103183,0.366397,-0.084532,0.369382,-0.09170029740458642,0.36879978148751136
60.672,TARGET_1,-0.100704,0.36576,-0.104816,0.363269,-0.10135855612368506,0.3644733469303516
0.064,TARGET_2,0.59819,0.49819,0.601182,0.489618,0.6011832730035723,0.489618
0.128,TARGET_2,0.59638,0.49638,0.580103,0.479673,0.5817417441628743,0.4818706606502038
0.192,TARGET_2,0.594569,0.494569,0.598905,0.475187,0.5955066813614507,0.4766140144230345
0.256,TARGET_2,0.592759,0.492759,0.604826,0.507355,0.6034834850942664,0.5002065744768557
0.32,TARGET_2,0.590949,0.490949,0.609916,0.485741,0.6093295648311509,0.48910227063209877
0.384,TARGET_2,0.589139,0.489139,0.572275,0.499588,0.5794166454423194,0.49720262686455785
0.448,TARGET_2,0.587329,0.487329,0.596115,0.482611,0.5922869204477185,0.4860042601163422
0.512,TARGET_2,0.585518,0.485518,0.596895,0.482583,0.5959202177248529,0.4833830089870737
0.576,TARGET_2,0.583708,0.483708,0.597804,0.476922,0.5974899982681784,0.47843742082326324
0.64,TARGET_2,0.581898,0.481898,0.563793,0.495547,0.5702992719753548,0.49152693304453604
0.704,TARGET_2,0.580088,0.480088,0.579468,0.472245,0.5768188725828428,0.476705997798804
0.768,TARGET_2,0.578278,0.478278,0.59703,0.465826,0.5926202837208017,0.4683656620541321
0.832,TARGET_2,0.576467,0.476467,0.560562,0.472254,0.5668622113330616,0.47124687032263723
0.896,TARGET_2,0.574657,0.474657,0.572895,0.469083,0.5709487110696781,0.46953802716859916
0.96,TARGET_2,0.572847,0.472847,0.591287,0.473381,0.5868666550834669,0.4725140814914465
1.024,TARGET_2,0.571037,0.471037,0.558193,0.454437,0.5637970786070933,0.4585756431777451
1.088,TARGET_2,0.569227,0.469227,0.573368,0.482472,0.5708901062211333,0.4768926456644146
1.152,TARGET_2,0.567417,0.467417,0.573523,0.474626,0.5727148176263688,0.4751495923368434
1.216,TARGET_2,0.565606,0.465606,0.565844,0.479446,0.5669945645936104,0.47842023426991775
1.28,TARGET_2,0.563796,0.463796,0.561555,0.46116,0.5622379030984115,0.46517265228296334
1.344,TARGET_2,0.561986,0.461986,0.575843,0.444947,0.5727092573978229,0.4496652317739402
1.408,TARGET_2,0.560176,0.460176,0.560322,0.464487,0.5627168998973715,0.4609687763536645
1.472,TARGET_2,0.558366,0.458366,0.554365,0.45301,0.5556063797688968,0.4548089730622723
1.536,TARGET_2,0.556555,0.456555,0.561488,0.439134,0.5597496926320555,0.4427485782812756
1.6,TARGET_2,0.554745,0.454745,0.557065,0.468699,0.5573655181748491,0.4625971830598765
1.664,TARGET_2,0.552935,0.452935,0.533638,0.453874,0.5379128738344956,0.4557958437435716
1.728,TARGET_2,0.551125,0.451125,0.550032,0.450782,0.5467624843324366,0.4518922380354462
1.792,TARGET_2,0.549315,0.449315,0.530561,0.446882,0.5332134473684269,0.4479204400644296
1.856,TARGET_2,0.547504,0.447504,0.540569,0.439379,0.5382581916184556,0.4412711193415756
1.92,TARGET_2,0.545694,0.445694,0.564526,0.445886,0.5588978165618399,0.4448795184165305
1.984,TARGET_2,0.543884,0.443884,0.552978,0.428616,0.5542663772185515,0.4324138374577878
2.048,TARGET_2,0.542074,0.442074,0.524558,0.453326,0.5304322757606581,0.4482610874639578
2.112,TARGET_2,0.540264,0.440264,0.529336,0.424285,0.5286899514046451,0.42972239918471183
2.176,TARGET_2,0.538453,0.438453,0.539736,0.436508,0.5368971215870555,0.43487408053259957
2.24,TARGET_2,0.536643,0.436643,0.555287,0.4465,0.5514822407807278,0.44388070084988285
2.304,TARGET_2,0.534833,0.434833,0.547457,0.422768,0.5483621337498336,0.42770772559888026
2.368,TARGET_2,0.533023,0.433023,0.530807,0.437353,0.5343136650647633,0.4349887969468934
2.432,TARGET_2,0.531213,0.431213,0.546728,0.419619,0.5438166688414559,0.4232116251329767
2.496,TARGET_2,0.529402,0.429402,0.526,0.433568,0.5294640384728769,0.4310075783990855
2.56,TARGET_2,0.527592,0.427592,0.536441,0.439911,0.534661136478361,0.4378062785190819
2.624,TARGET_2,0.525782,0.425782,0.541871,0.444162,0.5403212374400932,0.4426991191862787
2.688,TARGET_2,0.523972,0.423972,0.53866,0.431989,0.5389660156596058,0.4344858072006643
2.752,TARGET_2,0.522162,0.422162,0.516109,0.433093,0.5204972762462006,0.4332587365780884
2.816,TARGET_2,0.520351,0.420351,0.506897,0.434844,0.508900441814372,0.43428373041602125
2.88,TARGET_2,0.518541,0.418541,0.533871,0.406927,0.5279585331081428,0.41318366253071004
2.944,TARGET_2,0.516731,0.416731,0.519398,0.398274,0.5207015951856844,0.40157348560590533
3.008,TARGET_2,0.514921,0.414921,0.523559,0.407487,0.522553166228346,0.4060069770013384
3.072,TARGET_2,0.513111,0.413111,0.497416,0.428043,0.5022609460114024,0.42260600406362253
3.136,TARGET_2,0.511301,0.411301,0.517606,0.40951,0.5137324612252426,0.41246585204547215
3.2,TARGET_2,0.50949,0.40949,0.528508,0.416028,0.5253103828052694,0.4152632392822484
3.264,TARGET_2,0.50768,0.40768,0.518251,0.403304,0.5196133575194183,0.40602361805579956
3.328,TARGET_2,0.50587,0.40587,0.514793,0.415381,0.5156711802105489,0.41311564648042376
3.392,TARGET_2,0.50406,0.40406,0.488325,0.422409,0.4935925003764981,0.41990962065022225
3.456,TARGET_2,0.50225,0.40225,0.506258,0.400689,0.5027969480667589,0.4049902198094387
3.52,TARGET_2,0.500439,0.400439,0.507034,0.396241,0.5056131522420302,0.3981219240728612
3.584,TARGET_2,0.498629,0.398629,0.479021,0.41312,0.48409095424881166,0.4092150586267562
3.648,TARGET_2,0.496819,0.396819,0.490733,0.387762,0.48834457447467144,0.3924260401630705
3.712,TARGET_2,0.495009,0.395009,0.478622,0.41059,0.4800596989624741,0.40608249626602705
3.776,TARGET_2,0.493199,0.393199,0.478714,0.37613,0.47794372148566755,0.38268127810892283
3.84,TARGET_2,0.491388,0.391388,0.488302,0.38291,0.485401903266144,0.3826211644107344
3.904,TARGET_2,0.489578,0.389578,0.483984,0.384353,0.48380691354827426,0.3837244003210738
3.968,TARGET_2,0.487768,0.387768,0.502278,0.37195,0.4979863802058662,0.37469229859096564
4.032,TARGET_2,0.485958,0.385958,0.469049,0.391949,0.47507027643183447,0.38754327922172516
4.096,TARGET_2,0.484148,0.384148,0.484036,0.396794,0.48186214108408915,0.3946018954022747
4.16,TARGET_2,0.482337,0.382337,0.486691,0.392601,0.4855441897510187,0.39306224023586345
4.224,TARGET_2,0.480527,0.380527,0.489603,0.363885,0.48829675015575424,0.3705616270962436
4.288,TARGET_2,0.478717,0.378717,0.465751,0.396813,0.4704427208426275,0.39039371725423017
4.352,TARGET_2,0.476907,0.376907,0.475831,0.362202,0.473899209575739,0.3684841009660381
4.416,TARGET_2,0.475097,0.375097,0.481914,0.379568,0.4799503167929547,0.37693668211567716
4.48,TARGET_2,0.473286,0.373286,0.473679,0.383398,0.4748802329526641,0.38176021510339136
4.544,TARGET_2,0.471476,0.371476,0.473484,0.37298,0.473417774694896,0.3748528631302422
4.608,TARGET_2,0.469666,0.369666,0.486496,0.386963,0.4837609245104831,0.38428326078767494
4.672,TARGET_2,0.467856,0.367856,0.48217,0.383956,0.48264330302662495,0.38407897471071345
4.736,TARGET_2,0.466046,0.366046,0.473294,0.350381,0.47473785050502326,0.3579327705377102
4.8,TARGET_2,0.464235,0.364235,0.458864,0.376848,0.4618464160854027,0.37210993351751637
4.864,TARGET_2,0.462425,0.362425,0.45704,0.344286,0.4570308730567058,0.3502894650325614
4.928,TARGET_2,0.460615,0.360615,0.474426,0.361108,0.47024629823324215,0.3585259063140292
4.992,TARGET_2,0.458805,0.358805,0.477933,0.352618,0.4760648351523004,0.3539611708850443
5.056,TARGET_2,0.456995,0.356995,0.455462,0.343952,0.4593468734641594,0.3458462406776839
5.12,TARGET_2,0.455185,0.355185,0.471681,0.357778,0.4687474046995841,0.3549750869206238
5.184,TARGET_2,0.453374,0.353374,0.445107,0.348009,0.44958536235231095,0.34914756786479095
5.248,TARGET_2,0.451564,0.351564,0.432789,0.370787,0.4357219042886371,0.3653536672676728
5.312,TARGET_2,0.449754,0.349754,0.468804,0.333976,0.4610694145563964,0.3411439201611707
5.376,TARGET_2,0.447944,0.347944,0.462836,0.366435,0.46271560865937816,0.3606703987224769
5.44,TARGET_2,0.446134,0.346134,0.445087,0.348283,0.4485978962442043,0.35087337432218013
5.504,TARGET_2,0.444323,0.344323,0.463758,0.363451,0.46053143260510354,0.3606701841303771
5.568,TARGET_2,0.442513,0.342513,0.461364,0.335737,0.46093019686544895,0.3414635536137639
5.632,TARGET_2,0.440703,0.340703,0.436127,0.329641,0.4407939559835379,0.3318535307364951
5.696,TARGET_2,0.438893,0.338893,0.454695,0.337193,0.45120492344300905,0.33582413513912235
5.76,TARGET_2,0.437083,0.337083,0.422436,0.352065,0.428162344337303,0.34779996635615473
5.824,TARGET_2,0.435272,0.335272,0.417572,0.352196,0.4190007103053771,0.35075069903291045
5.888,TARGET_2,0.433462,0.333462,0.415378,0.352176,0.4152680085797376,0.35148213845320314
5.952,TARGET_2,0.431652,0.331652,0.448711,0.346647,0.44123593974157715,0.34783022064707664
6.016,TARGET_2,0.429842,0.329842,0.431125,0.345981,0.43317784846173496,0.34627584508489284
6.08,TARGET_2,0.428032,0.328032,0.408814,0.325453,0.4131747386074541,0.32972069888969224
6.144,TARGET_2,0.426221,0.326221,0.427616,0.329202,0.42380028471622055,0.3290859262685547
6.208,TARGET_2,0.424411,0.324411,0.42137,0.310189,0.42109729570256904,0.31415805578329314
6.272,TARGET_2,0.422601,0.322601,0.427831,0.307432,0.4257214556201166,0.3086765577363971
6.336,TARGET_2,0.420791,0.320791,0.418423,0.301749,0.4193060019714374,0.3028811451304163
6.4,TARGET_2,0.418981,0.318981,0.408074,0.311281,0.4098519012972606,0.30885538687309044
6.464,TARGET_2,0.41717,0.31717,0.411362,0.308007,0.4103506854503065,0.30784397406392744
6.528,TARGET_2,0.41536,0.31536,0.431259,0.316547,0.42660264821573574,0.31463278195210187
6.592,TARGET_2,0.41355,0.31355,0.40669,0.316468,0.4108083954505812,0.3157328337668017
6.656,TARGET_2,0.41174,0.31174,0.425183,0.309361,0.42180668812125754,0.3108401487648526
6.72,TARGET_2,0.40993,0.30993,0.406825,0.291928,0.409459483699084,0.2958580398312091
6.784,TARGET_2,0.40812,0.30812,0.405818,0.296347,0.40597426852931234,0.29583069751505126
6.848,TARGET_2,0.406309,0.306309,0.415859,0.319133,0.41366221047477114,0.31379218759783045
6.912,TARGET_2,0.406907,0.30382,0.387989,0.299101,0.3929100474610773,0.3019628250390912
6.976,TARGET_2,0.407505,0.301331,0.41517,0.289063,0.40975534630005556,0.2919077507629359
7.04,TARGET_2,0.408103,0.298842,0.413849,0.295703,0.4127967966285797,0.29475456144020085
7.104,TARGET_2,0.408701,0.296353,0.404753,0.295687,0.4062923144475861,0.29526173370029085
7.168,TARGET_2,0.409299,0.293863,0.39115,0.305874,0.39417563896662133,0.30308365644302154
7.232,TARGET_2,0.409897,0.291374,0.398445,0.28952,0.3969454920846227,0.29239611889488104
7.296,TARGET_2,0.410495,0.288885,0.421352,0.299772,0.41610252234848893,0.2983110414098305
7.36,TARGET_2,0.411093,0.286396,0.404892,0.281654,0.40710210128462876,0.28530149557164525
7.424,TARGET_2,0.411691,0.283907,0.405483,0.293836,0.40573962789921614,0.2917617294586667
7.488,TARGET_2,0.412289,0.281417,0.418333,0.291406,0.4156260882889956,0.2916378676129993
7.552,TARGET_2,0.412887,0.278928,0.417436,0.270926,0.41682159060702534,0.2756638450449847
7.616,TARGET_2,0.413485,0.276439,0.414378,0.278978,0.414838760932198,0.2781334644980392
7.68,TARGET_2,0.414083,0.27395,0.402235,0.285497,0.4048489511792543,0.2835663109474786
7.744,TARGET_2,0.414681,0.271461,0.430789,0.26311,0.42488874372961216,0.26799800404848345
7.808,TARGET_2,0.415279,0.268971,0.399325,0.273744,0.4047388092179447,0.2720301510305625
7.872,TARGET_2,0.415877,0.266482,0.413265,0.263742,0.4109980130555593,0.26549970221205677
7.936,TARGET_2,0.416474,0.263993,0.410855,0.24876,0.41032126525331886,0.2522919889649665
8.0,TARGET_2,0.417072,0.261504,0.426218,0.269665,0.42284211779201936,0.2658433510505518
8.064,TARGET_2,0.41767,0.259015,0.434949,0.240698,0.4321152943908181,0.2465954606350911
8.128,TARGET_2,0.418268,0.256526,0.42856,0.271176,0.42979761642285924,0.2656890828830632
8.192,TARGET_2,0.418866,0.254036,0.423996,0.261919,0.42539337874964434,0.26282879783372926
8.256,TARGET_2,0.419464,0.251547,0.414479,0.237739,0.41632982395322754,0.2431326801753107
8.32,TARGET_2,0.420062,0.249058,0.407931,0.257153,0.4094639120609633,0.25359765974551635
8.384,TARGET_2,0.42066,0.246569,0.439226,0.240641,0.43252361322065885,0.24380895753288195
8.448,TARGET_2,0.421258,0.24408,0.422514,0.238655,0.42457279752456717,0.23966461337803366
8.512,TARGET_2,0.421856,0.24159,0.409886,0.240646,0.4127743376236797,0.24002437864765921
8.576,TARGET_2,0.422454,0.239101,0.402607,0.24636,0.40442277941693494,0.24449585581185593
8.64,TARGET_2,0.423052,0.236612,0.441176,0.220649,0.4327403689810188,0.2262583774458378
8.704,TARGET_2,0.42365,0.234123,0.440467,0.253043,0.4393832997858985,0.24734882167103714
8.768,TARGET_2,0.424248,0.231634,0.416206,0.223338,0.42106122405535873,0.22849017994207269
8.832,TARGET_2,0.424846,0.229144,0.409012,0.214464,0.4109631686524257,0.2170502906301909
8.896,TARGET_2,0.425444,0.226655,0.432278,0.213845,0.4271530386844874,0.21441791511475183
8.96,TARGET_2,0.426042,0.224166,0.430117,0.224543,0.42946920947422157,0.22221481376360655
9.024,TARGET_2,0.42664,0.221677,0.411654,0.207407,0.41510151357981956,0.21023613437380467
9.088,TARGET_2,0.427238,0.219188,0.427884,0.215499,0.4248149029257345,0.21418802889151473
9.152,TARGET_2,0.427836,0.216699,0.437352,0.222019,0.4347133661090529,0.2204500110983144
9.216,TARGET_2,0.428433,0.214209,0.446931,0.203013,0.4441535755369597,0.2071771576027342
9.28,TARGET_2,0.429031,0.21172,0.413907,0.216089,0.42057393543200194,0.21362588183370199
9.344,TARGET_2,0.429629,0.209231,0.415665,0.196389,0.41609810709599326,0.19976738069033864
9.408,TARGET_2,0.430227,0.206742,0.413172,0.211098,0.41348503948605786,0.20813305243019714
9.472,TARGET_2,0.430825,0.204253,0.434574,0.213701,0.4298957757979459,0.21260922881416405
9.536,TARGET_2,0.431423,0.201763,0.425088,0.199255,0.42593056430984705,0.20212490471089659
9.6,TARGET_2,0.432021,0.199274,0.429498,0.201952,0.4285705446306368,0.20190681465686358
9.664,TARGET_2,0.432619,0.196785,0.433467,0.196153,0.43221607670858664,0.19740404207182802
9.728,TARGET_2,0.433217,0.194296,0.44992,0.182236,0.44575984158209847,0.18577825292147843
9.792,TARGET_2,0.433815,0.191807,0.416774,0.198424,0.4231872554101213,0.19509068379792366
9.856,TARGET_2,0.434413,0.189317,0.452235,0.17989,0.4454934903689276,0.18348863007977348
9.92,TARGET_2,0.435011,0.186828,0.433913,0.206395,0.43685263432760624,0.20125965465758994
9.984,TARGET_2,0.435609,0.184339,0.448041,0.179651,0.4453451215262033,0.18463540956926536
10.048,TARGET_2,0.436207,0.18185,0.434999,0.191747,0.43733704159641185,0.18999232431231966
10.112,TARGET_2,0.436805,0.179361,0.417421,0.185806,0.42152994354983087,0.1862293908738187
10.176,TARGET_2,0.437403,0.176872,0.437146,0.170172,0.43312193849718156,0.1735255315739366
10.24,TARGET_2,0.438001,0.174382,0.427217,0.187359,0.4284399637861136,0.18397129307888038
10.304,TARGET_2,0.438599,0.171893,0.425246,0.179023,0.42566529501438494,0.17984242140042242
10.368,TARGET_2,0.439197,0.169404,0.434317,0.188183,0.43238311318252537,0.18632473118879128
10.432,TARGET_2,0.439795,0.166915,0.457751,0.159977,0.45178094024189763,0.16612805821512977
10.496,TARGET_2,0.440392,0.164426,0.45393,0.182172,0.453784999819527,0.17878928589429144
10.56,TARGET_2,0.44099,0.161936,0.457453,0.146688,0.45624837293396886,0.15382804241789488
10.624,TARGET_2,0.441588,0.159447,0.452875,0.1534,0.45339198481327636,0.15323132948244608
10.688,TARGET_2,0.442186,0.156958,0.447266,0.157442,0.4484369564574568,0.15620225098029952
10.752,TARGET_2,0.442784,0.154469,0.447858,0.141283,0.4474608747835295,0.14425784532939787
10.816,TARGET_2,0.443382,0.15198,0.431009,0.152819,0.43427797277372715,0.1502857861619572
10.88,TARGET_2,0.44398,0.14949,0.448758,0.130727,0.4448713862048347,0.1347647557678355
10.944,TARGET_2,0.444578,0.147001,0.439187,0.138341,0.4400472376539033,0.13703260913557427
11.008,TARGET_2,0.445176,0.144512,0.446894,0.127286,0.44485744770319885,0.129084580107665
11.072,TARGET_2,0.445774,0.142023,0.459763,0.132134,0.45626915168859683,0.13137723393406558
11.136,TARGET_2,0.446372,0.139534,0.448327,0.137322,0.45008107860357893,0.13581070193777597
11.2,TARGET_2,0.44697,0.137045,0.453956,0.117585,0.4526605071615029,0.12141592403428038
11.264,TARGET_2,0.447568,0.134555,0.432125,0.133159,0.43652481721678027,0.1299673488199709
11.328,TARGET_2,0.448166,0.132066,0.457008,0.140994,0.45250442964504345,0.1387158230594807
11.392,TARGET_2,0.448764,0.129577,0.433652,0.123237,0.4375241179561372,0.1262702036486367
11.456,TARGET_2,0.449362,0.127088,0.443974,0.11423,0.4420134621299263,0.11653685432937791
11.52,TARGET_2,0.44996,0.124599,0.432844,0.127273,0.4346657530794716,0.12442517966743136
11.584,TARGET_2,0.450558,0.122109,0.440496,0.122394,0.438920291832963,0.12263465388968768
11.648,TARGET_2,0.451156,0.11962,0.4475,0.136411,0.44573435437575526,0.1334538765052585
11.712,TARGET_2,0.451753,0.117131,0.438591,0.11647,0.4399067944519562,0.12006064445799626
11.776,TARGET_2,0.452351,0.114642,0.471551,0.098386,0.46408846074976906,0.10339356208217096
11.84,TARGET_2,0.452949,0.112153,0.437428,0.110979,0.4432907780640142,0.108751758320948
11.904,TARGET_2,0.453547,0.109663,0.458347,0.127676,0.4551966785229711,0.12367994715052064
11.968,TARGET_2,0.454145,0.107174,0.449113,0.12664,0.4506880861750972,0.1261177430046019
12.032,TARGET_2,0.454743,0.104685,0.468941,0.100654,0.4646114606476368,0.1065489636782532
12.096,TARGET_2,0.455341,0.102196,0.469465,0.118026,0.4686426447112331,0.11567915139165957
12.16,TARGET_2,0.455939,0.099707,0.465365,0.115753,0.46627870478786204,0.11589367220548732
12.224,TARGET_2,0.456537,0.097218,0.453798,0.086214,0.45601796199507605,0.09240128639966644
12.288,TARGET_2,0.457135,0.094728,0.468918,0.098616,0.4658324065584099,0.0970829303425174
12.352,TARGET_2,0.457733,0.092239,0.457712,0.096455,0.45931387232351,0.09628128342184088
12.416,TARGET_2,0.458331,0.08975,0.443436,0.072255,0.4461358138056883,0.0767911403725408
12.48,TARGET_2,0.458929,0.087261,0.462859,0.080812,0.4586760001614008,0.0794792836400623
12.544,TARGET_2,0.459527,0.084772,0.463588,0.092207,0.4624380902891546,0.08923932061813489
12.608,TARGET_2,0.460125,0.082282,0.447734,0.06583,0.45038630434472643,0.07039086225372379
12.672,TARGET_2,0.460723,0.079793,0.448142,0.086686,0.44838552254611774,0.08261573924126911
12.736,TARGET_2,0.461321,0.077304,0.463456,0.065189,0.45960384676623994,0.06886549491424365
12.8,TARGET_2,0.461919,0.074815,0.458259,0.081748,0.45853119001995635,0.07869389390323528
12.864,TARGET_2,0.462517,0.072326,0.474546,0.077354,0.47097135780124383,0.0778696937071707
12.928,TARGET_2,0.463115,0.069836,0.480768,0.051439,0.4782031190929902,0.05731772771449078
12.992,TARGET_2,0.463712,0.067347,0.44471,0.068243,0.4520326852730278,0.06507995439074478
13.056,TARGET_2,0.46431,0.064858,0.456446,0.072956,0.45526013403559024,0.07095698386682432
13.12,TARGET_2,0.464908,0.062369,0.467618,0.05887,0.46454423296552516,0.06149126435564552
13.184,TARGET_2,0.465506,0.05988,0.473303,0.066799,0.471364737501355,0.06567955261146367
13.248,TARGET_2,0.466104,0.057391,0.46269,0.038012,0.46404784041989494,0.043721345695762075
13.312,TARGET_2,0.466702,0.054901,0.484861,0.041933,0.47990913572964083,0.042203149995238845
13.376,TARGET_2,0.4673,0.052412,0.475872,0.059861,0.4769525547340027,0.0559052938713631
13.44,TARGET_2,0.467898,0.049923,0.473437,0.04594,0.47406721887591485,0.048037574140541196
13.504,TARGET_2,0.468496,0.047434,0.46542,0.046675,0.4671599914978895,0.0466458504481927
13.568,TARGET_2,0.469094,0.044945,0.458422,0.060178,0.46037519740600247,0.05691049179904054
13.632,TARGET_2,0.469692,0.042455,0.452682,0.056449,0.45423649110886527,0.05627398853525153
13.696,TARGET_2,0.47029,0.039966,0.469565,0.039929,0.465739067052477,0.04347686255692616
13.76,TARGET_2,0.470888,0.037477,0.477877,0.055553,0.4752941067937133,0.053030185499142124
13.824,TARGET_2,0.471486,0.034988,0.485253,0.019572,0.48254098299796727,0.026954682948871572
13.888,TARGET_2,0.472084,0.032499,0.480879,0.036402,0.48120100275928784,0.03411599261326354
13.952,TARGET_2,0.472682,0.030009,0.455787,0.042722,0.461379464085493,0.04029184825413248
14.016,TARGET_2,0.47328,0.02752,0.466991,0.040104,0.46551536939050775,0.03996760407911033
14.08,TARGET_2,0.473878,0.025031,0.491677,0.037395,0.4858252180174509,0.0382894441273617
14.144,TARGET_2,0.474476,0.022542,0.47774,0.004123,0.4789434200151381,0.011317343649181126
14.208,TARGET_2,0.475074,0.020053,0.456903,0.036166,0.46170493130270046,0.030031652210695082
14.272,TARGET_2,0.475671,0.017564,0.486645,0.03493,0.4811129493483241,0.03406928175553923
14.336,TARGET_2,0.476269,0.015074,0.48722,0.021314,0.48578166571684395,0.02429853859468196
14.4,TARGET_2,0.476867,0.012585,0.460003,0.025661,0.46558184031610356,0.024863109035119214
14.464,TARGET_2,0.477465,0.010096,0.473417,-0.005004,0.47084047041911326,0.0011889766196188818
14.528,TARGET_2,0.478063,0.007607,0.462674,0.018773,0.46420932762134576,0.01433372982487945
14.592,TARGET_2,0.478661,0.005118,0.469615,-0.005613,0.46773814724618273,-0.0016187520415733587
14.656,TARGET_2,0.479259,0.002628,0.488857,-0.006299,0.48379882992112905,-0.0054501812091198075
14.72,TARGET_2,0.479857,0.000139,0.466536,0.011844,0.470440631904916,0.007658316650243319
14.784,TARGET_2,0.480455,-0.00235,0.497871,-0.000487,0.4916356239783928,0.0016337259370667184
14.848,TARGET_2,0.481053,-0.004839,0.489795,-0.019939,0.4898570689820469,-0.015337873298078926
14.912,TARGET_2,0.481651,-0.007328,0.494939,-0.007429,0.49376502865175526,-0.009260622193733881
14.976,TARGET_2,0.482249,-0.009818,0.463171,-0.017774,0.46963945912949373,-0.01664668648155655
15.04,TARGET_2,0.482847,-0.012307,0.496974,-0.020824,0.4905243613899728,-0.02002350291089977
15.104,TARGET_2,0.483445,-0.014796,0.476896,-0.032824,0.47950391266351744,-0.030648255469222632
15.168,TARGET_2,0.484043,-0.017285,0.503346,-0.016762,0.4979747657949906,-0.019787823453398808
15.232,TARGET_2,0.484641,-0.019774,0.500936,-0.030448,0.5001116725685171,-0.028150300303037133
15.296,TARGET_2,0.485239,-0.022263,0.471679,-0.041078,0.4776914247581207,-0.03907913076996394
15.36,TARGET_2,0.485837,-0.024753,0.503261,-0.005037,0.49777170261755205,-0.012253625444321025
15.424,TARGET_2,0.486435,-0.027242,0.498624,-0.031688,0.4983080115680032,-0.027320380303845856
15.488,TARGET_2,0.487033,-0.029731,0.493144,-0.029876,0.4942126557788293,-0.02949749389445455
15.552,TARGET_2,0.48763,-0.03222,0.485638,-0.015941,0.48769616164817975,-0.019039207178858427
15.616,TARGET_2,0.488228,-0.034709,0.48943,-0.041961,0.4886243687933551,-0.03719185097925099
15.68,TARGET_2,0.488826,-0.037199,0.489772,-0.042959,0.4891513876004907,-0.04214755338192932
15.744,TARGET_2,0.489424,-0.039688,0.49382,-0.041869,0.49251275046970283,-0.04227910760730022
15.808,TARGET_2,0.490022,-0.042177,0.47945,-0.050974,0.481988144608483,-0.049742747615537
15.872,TARGET_2,0.49062,-0.044666,0.509152,-0.028582,0.503165143736076,-0.03303569332178179
15.936,TARGET_2,0.491218,-0.047155,0.495246,-0.029684,0.49721632056494264,-0.030275445627326574
16.0,TARGET_2,0.491816,-0.049645,0.482683,-0.069345,0.4853341745275234,-0.061466313264981504
16.064,TARGET_2,0.492414,-0.052134,0.49567,-0.037587,0.49329586254539615,-0.04307072563337533
16.128,TARGET_2,0.493012,-0.054623,0.494374,-0.064499,0.4936891426675997,-0.06019067786972443
16.192,TARGET_2,0.49361,-0.057112,0.48795,-0.074334,0.48868887263703636,-0.07204671749154332
16.256,TARGET_2,0.494208,-0.059601,0.510162,-0.047332,0.5053778025862499,-0.052780057695620455
16.32,TARGET_2,0.494806,-0.06209,0.503809,-0.048056,0.5042914434916743,-0.048953923196035275
16.384,TARGET_2,0.495404,-0.06458,0.50025,-0.058921,0.5010708753590633,-0.05681456436685818
16.448,TARGET_2,0.496002,-0.067069,0.500246,-0.077735,0.5000014979641247,-0.07362783849356502
16.512,TARGET_2,0.4966,-0.069558,0.482384,-0.077971,0.4859438852409214,-0.07793149627892527
16.576,TARGET_2,0.497198,-0.072047,0.505325,-0.090516,0.5004285527847716,-0.08841885597054068
16.64,TARGET_2,0.497796,-0.074536,0.490135,-0.085664,0.492137600975197,-0.08706540514043613
16.704,TARGET_2,0.498394,-0.077026,0.488944,-0.074077,0.4895102721965489,-0.07737142792624521
16.768,TARGET_2,0.498992,-0.079515,0.506182,-0.065503,0.5024864828300195,-0.06792775210639851
16.832,TARGET_2,0.499589,-0.082004,0.518634,-0.063957,0.5151651548012155,-0.06430189086434669
16.896,TARGET_2,0.500187,-0.084493,0.480588,-0.098154,0.4879974605961493,-0.0914620400082109
16.96,TARGET_2,0.500785,-0.086982,0.520314,-0.105909,0.512486089235398,-0.1032566740634121
17.024,TARGET_2,0.501383,-0.089472,0.514092,-0.071287,0.5139057667991963,-0.07824224025986334
17.088,TARGET_2,0.501981,-0.091961,0.484099,-0.073234,0.4910773783572078,-0.07443261731543932
17.152,TARGET_2,0.502579,-0.09445,0.486372,-0.084427,0.48731723509783015,-0.08247688244532483
17.216,TARGET_2,0.503177,-0.096939,0.51507,-0.099136,0.5083947810552328,-0.09568494072960597
17.28,TARGET_2,0.503775,-0.099428,0.489349,-0.108791,0.4934087502469704,-0.10679588240264501
17.344,TARGET_2,0.504373,-0.101917,0.489049,-0.104057,0.4897615798315229,-0.1054292455918189
17.408,TARGET_2,0.504971,-0.104407,0.505451,-0.102131,0.5017032474554667,-0.10322145991870005
17.472,TARGET_2,0.505569,-0.106896,0.513388,-0.098024,0.510672539123695,-0.09923395619215612
17.536,TARGET_2,0.506167,-0.109385,0.4909,-0.098585,0.49544067544837855,-0.09901189256917556
17.6,TARGET_2,0.506765,-0.111874,0.512751,-0.097996,0.5087188840717184,-0.09817287254284952
17.664,TARGET_2,0.507363,-0.114363,0.503994,-0.113517,0.504897214884434,-0.11054568339454485
17.728,TARGET_2,0.507961,-0.116853,0.499891,-0.100201,0.5010285078378237,-0.10271064778015762
17.792,TARGET_2,0.508559,-0.119342,0.518388,-0.103357,0.5143413779647215,-0.1031535861633875
17.856,TARGET_2,0.509157,-0.121831,0.491433,-0.107484,0.4966641035846708,-0.10689906760883286
17.92,TARGET_2,0.509755,-0.12432,0.521372,-0.140452,0.5151959750965199,-0.13382567479907814
17.984,TARGET_2,0.510353,-0.126809,0.508658,-0.131651,0.5099198002188559,-0.13302184715852958
18.048,TARGET_2,0.510951,-0.129299,0.497158,-0.1229,0.4999136686757925,-0.12575539994881435
18.112,TARGET_2,0.511548,-0.131788,0.503277,-0.130811,0.5022697223112982,-0.13024098416853214
18.176,TARGET_2,0.512146,-0.134277,0.495158,-0.139406,0.49647919585274064,-0.13818153871313357
18.24,TARGET_2,0.512744,-0.136766,0.528222,-0.121717,0.5209966492787356,-0.1252985205658841
18.304,TARGET_2,0.513342,-0.139255,0.503265,-0.129115,0.5073397151784897,-0.12849170489700507
18.368,TARGET_2,0.51394,-0.141744,0.513415,-0.147122,0.5117644402010045,-0.14356743298810987
18.432,TARGET_2,0.514538,-0.144234,0.526133,-0.156465,0.5225534537686048,-0.1543670740201942
18.496,TARGET_2,0.515136,-0.146723,0.526564,-0.138106,0.5256219622611271,-0.14197291532002665
18.56,TARGET_2,0.515734,-0.149212,0.50846,-0.141018,0.5124067787360918,-0.1415291601886982
18.624,TARGET_2,0.516332,-0.151701,0.518933,-0.15143,0.5172732482433796,-0.14965989308936198
18.688,TARGET_2,0.51693,-0.15419,0.503273,-0.162319,0.5062987966666386,-0.1603799922982672
18.752,TARGET_2,0.517528,-0.15668,0.516125,-0.141878,0.5138515508281444,-0.14616552421690548
18.816,TARGET_2,0.518126,-0.159169,0.525203,-0.139728,0.5226058743006324,-0.14099726526164905
18.88,TARGET_2,0.518724,-0.161658,0.533869,-0.1496,0.5312054188041893,-0.14768335899432375
18.944,TARGET_2,0.519322,-0.164147,0.528767,-0.16727,0.529149841054141,-0.1635062495426414
19.008,TARGET_2,0.51992,-0.166636,0.538795,-0.182459,0.5362813595663842,-0.17923136735577722
19.072,TARGET_2,0.520518,-0.169126,0.511652,-0.183477,0.5170425392565242,-0.18373317374706918
19.136,TARGET_2,0.521116,-0.171615,0.534217,-0.153362,0.5303301900551302,-0.1601568406179001
19.2,TARGET_2,0.521714,-0.174104,0.502998,-0.176231,0.5091669317176519,-0.17333428800126502
19.264,TARGET_2,0.522312,-0.176593,0.530917,-0.192627,0.5255691379797401,-0.18919184764849817
19.328,TARGET_2,0.52291,-0.179082,0.516672,-0.162605,0.5187294459069425,-0.16869215750416344
19.392,TARGET_2,0.523507,-0.181572,0.522923,-0.175301,0.5218656891594314,-0.17404200492358182
19.456,TARGET_2,0.524105,-0.184061,0.509557,-0.183719,0.512252544323442,-0.18215406742257714
19.52,TARGET_2,0.524703,-0.18655,0.50829,-0.183525,0.5090473946031908,-0.18380053291939275
19.584,TARGET_2,0.525301,-0.189039,0.54483,-0.194565,0.5363705742980326,-0.1925813111822785
19.648,TARGET_2,0.525899,-0.191528,0.514884,-0.183864,0.5198354258655778,-0.1861745258849003
19.712,TARGET_2,0.526497,-0.194017,0.520239,-0.208866,0.5198805095354323,-0.20469852435595465
19.776,TARGET_2,0.527095,-0.196507,0.511163,-0.199656,0.5130067048550425,-0.20152310752670505
19.84,TARGET_2,0.527693,-0.198996,0.541394,-0.218913,0.5345845987302879,-0.21586514679423324
19.904,TARGET_2,0.528291,-0.201485,0.521954,-0.218355,0.5247051736222742,-0.21874901857867005
19.968,TARGET_2,0.528889,-0.203974,0.54004,-0.210409,0.5364408101335786,-0.2127316685763489
20.032,TARGET_2,0.529487,-0.206463,0.54924,-0.193876,0.5463317575960555,-0.19785923974969283
20.096,TARGET_2,0.530085,-0.208953,0.537338,-0.192317,0.5394938264849226,-0.19322497148905413
20.16,TARGET_2,0.530683,-0.211442,0.537936,-0.223939,0.5381882714644511,-0.2176938875803932
20.224,TARGET_2,0.531281,-0.213931,0.512155,-0.201699,0.518218706297147,-0.20549070447821033
20.288,TARGET_2,0.531879,-0.21642,0.546676,-0.222408,0.5399083177560056,-0.21907648198703253
20.352,TARGET_2,0.532477,-0.218909,0.514337,-0.203558,0.5203025902237104,-0.20716490506113727
20.416,TARGET_2,0.533075,-0.221399,0.523589,-0.20664,0.5228133311123042,-0.20678840771411136
20.48,TARGET_2,0.533673,-0.223888,0.542994,-0.205691,0.5382974367074912,-0.20577701452473285
20.544,TARGET_2,0.534271,-0.226377,0.527082,-0.239829,0.5294517820866778,-0.23317803734041515
20.608,TARGET_2,0.534869,-0.228866,0.549774,-0.228522,0.5449790712320399,-0.23014378591895376
20.672,TARGET_2,0.535466,-0.231355,0.551624,-0.228343,0.5500351079441843,-0.2291760575706018
20.736,TARGET_2,0.536064,-0.233844,0.527156,-0.249955,0.5323466207433171,-0.2464027141411275
20.8,TARGET_2,0.536662,-0.236334,0.51852,-0.254079,0.5214917018232393,-0.2536000644485011
20.864,TARGET_2,0.53726,-0.238823,0.521726,-0.245207,0.5215038980326747,-0.2478926248508733
20.928,TARGET_2,0.537858,-0.241312,0.551705,-0.241791,0.544714327963399,-0.2434433319626207
20.992,TARGET_2,0.538456,-0.243801,0.532453,-0.241664,0.5352881836607611,-0.242337499646823
21.056,TARGET_2,0.539054,-0.24629,0.538508,-0.241452,0.5377334126284562,-0.24183105524969986
21.12,TARGET_2,0.539652,-0.24878,0.533981,-0.268717,0.5347067109019558,-0.26368234876488894
21.184,TARGET_2,0.54025,-0.251269,0.535448,-0.245584,0.5352528924789621,-0.24995526401803772
21.248,TARGET_2,0.540848,-0.253758,0.544898,-0.242607,0.5426570157209906,-0.24424195066870752
21.312,TARGET_2,0.541446,-0.256247,0.539011,-0.261609,0.5397846017589303,-0.25825414176808753
21.376,TARGET_2,0.542044,-0.258736,0.541028,-0.26627,0.5406512095620793,-0.2651830967656896
21.44,TARGET_2,0.542642,-0.261226,0.541428,-0.279187,0.5411251713716848,-0.27708860110065764
21.504,TARGET_2,0.54324,-0.263715,0.533704,-0.264178,0.5353565551224836,-0.26760868310871083
21.568,TARGET_2,0.543838,-0.266204,0.551456,-0.252564,0.547742459348728,-0.25584904933740255
21.632,TARGET_2,0.544436,-0.268693,0.533057,-0.272189,0.5364304486289715,-0.2690141310462154
21.696,TARGET_2,0.545034,-0.271182,0.540165,-0.257917,0.5392971850621944,-0.26046867082980174
21.76,TARGET_2,0.545632,-0.273671,0.556291,-0.262381,0.5523030937960351,-0.26199307604826305
21.824,TARGET_2,0.54623,-0.276161,0.551714,-0.265693,0.5518340505077903,-0.26502890587320715
21.888,TARGET_2,0.546828,-0.27865,0.560964,-0.262908,0.5588227030467922,-0.2634298782085688
21.952,TARGET_2,0.547425,-0.281139,0.539135,-0.287959,0.5436578022730394,-0.28332416314685416
22.016,TARGET_2,0.548023,-0.283628,0.543278,-0.292832,0.5432694333156526,-0.2917378499449043
22.08,TARGET_2,0.548621,-0.286117,0.565115,-0.300734,0.5600165886580334,-0.2998240508237656
22.144,TARGET_2,0.549219,-0.288607,0.561348,-0.271973,0.5610667375300455,-0.27832218922180724
22.208,TARGET_2,0.549817,-0.291096,0.567773,-0.301348,0.5662156539307427,-0.29697526673902863
22.272,TARGET_2,0.550415,-0.293585,0.563491,-0.305753,0.5641462080327323,-0.3047454739412807
22.336,TARGET_2,0.551013,-0.296074,0.53144,-0.300777,0.5389626579639544,-0.30235495107627397
22.4,TARGET_2,0.551611,-0.298563,0.541506,-0.305036,0.5408416519901863,-0.3050966799661605
22.464,TARGET_2,0.552209,-0.301053,0.542455,-0.290987,0.5420763150221913,-0.29428454383392044
22.528,TARGET_2,0.552807,-0.303542,0.568957,-0.300976,0.5626383122743649,-0.29967852114232324
22.592,TARGET_2,0.553405,-0.306031,0.569926,-0.307278,0.5681839445702571,-0.30598524738271826
22.656,TARGET_2,0.554003,-0.30852,0.564447,-0.294858,0.5653260342504629,-0.29738233296464656
22.72,TARGET_2,0.554601,-0.311009,0.571523,-0.305633,0.5700471860490696,-0.30403656379440064
22.784,TARGET_2,0.555199,-0.313498,0.539906,-0.322945,0.5468900604783524,-0.31959727548326194
22.848,TARGET_2,0.555797,-0.315988,0.564258,-0.335051,0.5601206642176608,-0.3327606469055541
22.912,TARGET_2,0.556395,-0.318477,0.573875,-0.336315,0.570705393830506,-0.3366365789794669
22.976,TARGET_2,0.556993,-0.320966,0.540263,-0.324902,0.5472100700387698,-0.3281207451381319
23.04,TARGET_2,0.557591,-0.323455,0.549775,-0.335711,0.5490975942170302,-0.33472903737188997
23.104,TARGET_2,0.558189,-0.325944,0.547577,-0.327267,0.5478918128430116,-0.3293425091961197
23.168,TARGET_2,0.558787,-0.328434,0.539202,-0.321382,0.5412206033036348,-0.32330104757362566
23.232,TARGET_2,0.559384,-0.330923,0.57592,-0.334276,0.5677464372533935,-0.3320771075394724
23.296,TARGET_2,0.559982,-0.333412,0.550198,-0.337933,0.5542456413863427,-0.33713975064640017
23.36,TARGET_2,0.56058,-0.335901,0.567479,-0.350459,0.5642865948055226,-0.34825317455154614
23.424,TARGET_2,0.561178,-0.33839,0.56054,-0.334155,0.5613949131203054,-0.33758955947625774
23.488,TARGET_2,0.561776,-0.34088,0.552687,-0.360087,0.5546006882685337,-0.35599055097093507
23.552,TARGET_2,0.562374,-0.343369,0.556016,-0.357884,0.5555869065136483,-0.35833205349862135
23.616,TARGET_2,0.562972,-0.345858,0.551008,-0.349517,0.5520129665228354,-0.3519949965797321
23.68,TARGET_2,0.56357,-0.348347,0.573708,-0.365832,0.5685534724244425,-0.3634660010854032
23.744,TARGET_2,0.564168,-0.350836,0.556715,-0.344534,0.5594650408170484,-0.34889885150360533
23.808,TARGET_2,0.564766,-0.353325,0.550272,-0.368441,0.5523242269772106,-0.36478116631844265
23.872,TARGET_2,0.565364,-0.355815,0.569668,-0.342694,0.5656736247971573,-0.34751823023186096
23.936,TARGET_2,0.565962,-0.358304,0.575223,-0.34972,0.5729886584702925,-0.3491469461346643
24.0,TARGET_2,0.56656,-0.360793,0.551103,-0.380672,0.5561235137646604,-0.374587310950905
24.064,TARGET_2,0.567158,-0.363282,0.549212,-0.362095,0.5507795097361949,-0.3653822541656638
24.128,TARGET_2,0.567756,-0.365771,0.584411,-0.376599,0.5765090538934968,-0.3747035395035829
24.192,TARGET_2,0.568354,-0.368261,0.567311,-0.356242,0.5694622129056813,-0.360389731960315
24.256,TARGET_2,0.568952,-0.37075,0.560909,-0.387415,0.562858093493977,-0.38220153425644676
24.32,TARGET_2,0.56955,-0.373239,0.587288,-0.385944,0.5815809070947996,-0.3859078971009263
24.384,TARGET_2,0.570148,-0.375728,0.55064,-0.361201,0.5577967216344788,-0.3666747779735242
24.448,TARGET_2,0.570746,-0.378217,0.582895,-0.387924,0.5769646890622311,-0.3836724404558446
24.512,TARGET_2,0.571343,-0.380707,0.57814,-0.384535,0.5778290391175795,-0.38483175535069114
24.576,TARGET_2,0.571941,-0.383196,0.582149,-0.376695,0.5811358429122359,-0.37867890463738496
24.64,TARGET_2,0.572539,-0.385685,0.56322,-0.384829,0.5673864868654303,-0.38382193668661724
24.704,TARGET_2,0.573137,-0.388174,0.590605,-0.374402,0.5851864623243236,-0.37646491339655475
24.768,TARGET_2,0.573735,-0.390663,0.586756,-0.407671,0.5863196188650274,-0.40159981028726704
24.832,TARGET_2,0.574333,-0.393152,0.559651,-0.395667,0.5657883032865174,-0.39767810574642537
24.896,TARGET_2,0.574931,-0.395642,0.56146,-0.389171,0.5624203085622745,-0.39140863066321524
24.96,TARGET_2,0.575529,-0.398131,0.559775,-0.407426,0.5602587035044896,-0.4046083419276733
25.024,TARGET_2,0.576127,-0.40062,0.587672,-0.383311,0.5813638432231825,-0.3879636361141822
25.088,TARGET_2,0.576725,-0.403109,0.558855,-0.383783,0.5641462163492752,-0.38457918353196885
25.152,TARGET_2,0.577323,-0.405598,0.59413,-0.404276,0.5870544675165775,-0.4002176547107877
25.216,TARGET_2,0.577921,-0.408088,0.565438,-0.415848,0.5703920013734234,-0.41324696356890606
25.28,TARGET_2,0.578519,-0.410577,0.583755,-0.40381,0.5806195761981623,-0.40634667389937673
25.344,TARGET_2,0.579117,-0.413066,0.577023,-0.396582,0.5778643579123557,-0.3988506769502064
25.408,TARGET_2,0.579715,-0.415555,0.564443,-0.42355,0.5674825788303051,-0.41887966413454514
25.472,TARGET_2,0.580313,-0.418044,0.573336,-0.400637,0.5719759074219041,-0.404896510522989
25.536,TARGET_2,0.580911,-0.420534,0.564827,-0.402378,0.5664939433641474,-0.4030301758934348
25.6,TARGET_2,0.581509,-0.423023,0.594619,-0.439209,0.5878879363088403,-0.4321604508526572
25.664,TARGET_2,0.580676,-0.420602,0.573644,-0.43385,0.5768300582530076,-0.43452717386149736
25.728,TARGET_2,0.579843,-0.418181,0.582045,-0.420048,0.5807956259724533,-0.4237286739910858
25.792,TARGET_2,0.57901,-0.41576,0.568369,-0.413357,0.5712564997718104,-0.41579390890494594
25.856,TARGET_2,0.578178,-0.41334,0.594588,-0.401777,0.5892157021811866,-0.404437579467701
25.92,TARGET_2,0.577345,-0.410919,0.585998,-0.41048,0.5867685983493298,-0.4089276351968424
25.984,TARGET_2,0.576512,-0.408498,0.573711,-0.404264,0.5768063885100988,-0.40506982795952357
26.048,TARGET_2,0.57568,-0.406077,0.555968,-0.406499,0.5608522988221999,-0.40610115057189433
26.112,TARGET_2,0.574847,-0.403656,0.564524,-0.393292,0.5637263175591716,-0.39567154623141465
26.176,TARGET_2,0.574014,-0.401236,0.582373,-0.381656,0.5781249993383537,-0.3838679738501061
26.24,TARGET_2,0.573182,-0.398815,0.579047,-0.3904,0.5789091651410132,-0.3883380850555241
26.304,TARGET_2,0.572349,-0.396394,0.589738,-0.412501,0.5871800629352528,-0.4072521903295708
26.368,TARGET_2,0.571516,-0.393973,0.584503,-0.397726,0.5851616328662149,-0.39976369752496277
26.432,TARGET_2,0.570683,-0.391553,0.573802,-0.384224,0.5765760200245909,-0.3872299124034922
26.496,TARGET_2,0.569851,-0.389132,0.576598,-0.377856,0.5767308165437,-0.37923850307271617
26.56,TARGET_2,0.569018,-0.386711,0.577306,-0.398013,0.5771595150248452,-0.3937362246302376
26.624,TARGET_2,0.568185,-0.38429,0.577802,-0.368662,0.5778367635548411,-0.3734898631438931
26.688,TARGET_2,0.567353,-0.381869,0.550768,-0.393386,0.5569996841227246,-0.38899487807607747
26.752,TARGET_2,0.56652,-0.379449,0.560623,-0.373148,0.5598472798342091,-0.376249849837711
26.816,TARGET_2,0.565687,-0.377028,0.578264,-0.385544,0.5739727612437653,-0.38326925482483015
26.88,TARGET_2,0.564854,-0.374607,0.5759,-0.384293,0.5754646109518243,-0.3839414152756424
26.944,TARGET_2,0.564022,-0.372186,0.54821,-0.357706,0.5547360851725268,-0.3628459545141734
27.008,TARGET_2,0.563189,-0.369765,0.566077,-0.384896,0.5634327246272445,-0.37988081573530424
27.072,TARGET_2,0.562356,-0.367345,0.549148,-0.368461,0.5525570512196493,-0.37072880548755616
27.136,TARGET_2,0.561524,-0.364924,0.543483,-0.362418,0.5456880217023633,-0.36380781088795183
27.2,TARGET_2,0.560691,-0.362503,0.550519,-0.354106,0.5495053453925263,-0.3555375479544204
27.264,TARGET_2,0.559858,-0.360082,0.573621,-0.378831,0.5680227391410758,-0.3735446430373195
27.328,TARGET_2,0.559025,-0.357662,0.568453,-0.345993,0.5685865106120526,-0.3513425302927622
27.392,TARGET_2,0.558193,-0.355241,0.563439,-0.335451,0.5649150433979604,-0.33785821108478814
27.456,TARGET_2,0.55736,-0.35282,0.55654,-0.342869,0.5585983275923951,-0.3409312428773141
27.52,TARGET_2,0.556527,-0.350399,0.574618,-0.352795,0.5709960844493893,-0.3496907275353536
27.584,TARGET_2,0.555695,-0.347978,0.541621,-0.358226,0.5484166852197594,-0.3564478651037182
27.648,TARGET_2,0.554862,-0.345558,0.541854,-0.365412,0.5433067779951877,-0.3637972110839653
27.712,TARGET_2,0.554029,-0.343137,0.564567,-0.362636,0.5595696369517829,-0.3630574093086306
27.776,TARGET_2,0.553196,-0.340716,0.556135,-0.331736,0.5570953229397431,-0.3379996583306901
27.84,TARGET_2,0.552364,-0.338295,0.546054,-0.321104,0.5488067325359315,-0.32376609155337094
27.904,TARGET_2,0.551531,-0.335874,0.553025,-0.338928,0.552112635360789,-0.33497939937077836
27.968,TARGET_2,0.550698,-0.333454,0.557353,-0.325407,0.5562553282563735,-0.3267769349333288
28.032,TARGET_2,0.549866,-0.331033,0.565942,-0.322715,0.5638352931720556,-0.3227821358207483
28.096,TARGET_2,0.549033,-0.328612,0.536102,-0.341437,0.5424753762376406,-0.3372703876455536
28.16,TARGET_2,0.5482,-0.326191,0.544446,-0.322239,0.544051804932691,-0.325145899415364
28.224,TARGET_2,0.547368,-0.323771,0.5671,-0.331544,0.5617412277848303,-0.32980957095289426
28.288,TARGET_2,0.546535,-0.32135,0.537512,-0.3099,0.5432971227371366,-0.3136480750045033
28.352,TARGET_2,0.545702,-0.318929,0.528072,-0.311884,0.5316672014623627,-0.3116325485188228
28.416,TARGET_2,0.544869,-0.316508,0.561818,-0.316195,0.554851614669215,-0.31466813386230674
28.48,TARGET_2,0.544037,-0.314087,0.540464,-0.304763,0.5439144296787963,-0.30634088635897
28.544,TARGET_2,0.543204,-0.311667,0.555021,-0.329571,0.5524109108102978,-0.324449919077178
28.608,TARGET_2,0.542371,-0.309246,0.54522,-0.305974,0.5469895905579271,-0.3096960007636331
28.672,TARGET_2,0.541539,-0.306825,0.534041,-0.291253,0.5372155632202037,-0.29452263890879515
28.736,TARGET_2,0.540706,-0.304404,0.523556,-0.307145,0.5267347164524416,-0.3039887218166324
28.8,TARGET_2,0.539873,-0.301984,0.558347,-0.30511,0.5509983277130335,-0.30450210984972265
28.864,TARGET_2,0.53904,-0.299563,0.522756,-0.293087,0.5294351340401172,-0.2951601920694999
28.928,TARGET_2,0.538208,-0.297142,0.538225,-0.30248,0.5361927989650153,-0.30057408543884934
28.992,TARGET_2,0.537375,-0.294721,0.52694,-0.29413,0.5291521661209856,-0.2952027406246337
29.056,TARGET_2,0.536542,-0.2923,0.528073,-0.28202,0.5284103669281242,-0.28424477108567636
29.12,TARGET_2,0.53571,-0.28988,0.532848,-0.293469,0.5318471160841461,-0.2910297262238101
29.184,TARGET_2,0.534877,-0.287459,0.544676,-0.284552,0.5417507103739659,-0.2854417403491111
29.248,TARGET_2,0.534044,-0.285038,0.550629,-0.269512,0.5487120725689582,-0.27207963943571817
29.312,TARGET_2,0.533211,-0.282617,0.550487,-0.262903,0.550258555744604,-0.26381045404620396
29.376,TARGET_2,0.532379,-0.280196,0.529611,-0.293221,0.5342920003023015,-0.28662688665288955
29.44,TARGET_2,0.531546,-0.277776,0.521905,-0.286755,0.5247992257654358,-0.2867860156173782
29.504,TARGET_2,0.530713,-0.275355,0.529093,-0.280451,0.5281020029412716,-0.28170727731778145
29.568,TARGET_2,0.529881,-0.272934,0.522571,-0.282478,0.5238729727120853,-0.28220072544066077
29.632,TARGET_2,0.529048,-0.270513,0.534116,-0.279303,0.5317293576989883,-0.2797462263375632
29.696,TARGET_2,0.528215,-0.268093,0.541631,-0.267985,0.5393545161814227,-0.2700599075790983
29.76,TARGET_2,0.527382,-0.265672,0.516252,-0.252462,0.5217150395150314,-0.2554447039792371
29.824,TARGET_2,0.52655,-0.263251,0.537024,-0.282569,0.5334899598271913,-0.27645892494004354
29.888,TARGET_2,0.525717,-0.26083,0.539386,-0.27454,0.5380126197586439,-0.2748874887845528
29.952,TARGET_2,0.524884,-0.258409,0.523768,-0.251746,0.5271871972934096,-0.25620366372832737
30.016,TARGET_2,0.524052,-0.255989,0.510486,-0.264421,0.5143855476230175,-0.262230728312273
30.08,TARGET_2,0.523219,-0.253568,0.507236,-0.267108,0.5089056997236423,-0.26587450985874467
30.144,TARGET_2,0.522386,-0.251147,0.5354,-0.252608,0.529213294635055,-0.2550230734540987
30.208,TARGET_2,0.521554,-0.248726,0.54144,-0.241152,0.5386375016883485,-0.24333068551217882
30.272,TARGET_2,0.520721,-0.246305,0.519622,-0.263562,0.5240070130513278,-0.25889211269420004
30.336,TARGET_2,0.519888,-0.243885,0.512307,-0.25714,0.5150453319394699,-0.257377404019006
30.4,TARGET_2,0.519055,-0.241464,0.534086,-0.253049,0.5296242365937368,-0.2537523325731645
30.464,TARGET_2,0.518223,-0.239043,0.52597,-0.253927,0.526826919923272,-0.25366146482036855
30.528,TARGET_2,0.51739,-0.236622,0.505938,-0.22048,0.5108328504021632,-0.22669937569691143
30.592,TARGET_2,0.516557,-0.234202,0.502037,-0.245818,0.5040326061346838,-0.24105225821110143
30.656,TARGET_2,0.515725,-0.231781,0.514326,-0.216261,0.5118608167746751,-0.22067438081464194
30.72,TARGET_2,0.514892,-0.22936,0.531886,-0.237403,0.5273102096126079,-0.23319146819397288
30.784,TARGET_2,0.514059,-0.226939,0.531172,-0.244132,0.5302814606937996,-0.2416224303306166
30.848,TARGET_2,0.513226,-0.224518,0.521932,-0.233405,0.5239104414892655,-0.23497406708449667
30.912,TARGET_2,0.512394,-0.222098,0.526959,-0.218506,0.5263023023001348,-0.22143885781208722
30.976,TARGET_2,0.511561,-0.219677,0.521918,-0.223523,0.5229711228311793,-0.22247012033331795
31.04,TARGET_2,0.510728,-0.217256,0.50151,-0.216826,0.5065297620541825,-0.21745805573713026
31.104,TARGET_2,0.509896,-0.214835,0.498195,-0.222273,0.5001229770985473,-0.22078872358391094
31.168,TARGET_2,0.509063,-0.212415,0.519772,-0.226898,0.515185401314609,-0.22538977416454425
31.232,TARGET_2,0.50823,-0.209994,0.512002,-0.203837,0.5127519566010778,-0.20788323906501935
31.296,TARGET_2,0.507397,-0.207573,0.512594,-0.189237,0.5126402171146099,-0.19215236667847907
31.36,TARGET_2,0.506565,-0.205152,0.502742,-0.211902,0.5049905735420321,-0.20699053208428067
31.424,TARGET_2,0.505732,-0.202731,0.522509,-0.214416,0.5184347075807488,-0.21259863767114717
31.488,TARGET_2,0.504899,-0.200311,0.516274,-0.204508,0.5167798532879091,-0.2059404020244349
31.552,TARGET_2,0.504067,-0.19789,0.514518,-0.2154,0.515046827882842,-0.2132400518111111
31.616,TARGET_2,0.503234,-0.195469,0.498183,-0.193885,0.5021351818669924,-0.19759631143492298
31.68,TARGET_2,0.502401,-0.193048,0.511865,-0.194896,0.5095938036670772,-0.19486992180807552
31.744,TARGET_2,0.501569,-0.190627,0.492072,-0.201305,0.4961467373279361,-0.19952344433256688
31.808,TARGET_2,0.500736,-0.188207,0.496828,-0.187701,0.4966472560384991,-0.18969799457281575
31.872,TARGET_2,0.499903,-0.185786,0.482835,-0.186919,0.48602168223832953,-0.1868714479344086
31.936,TARGET_2,0.49907,-0.183365,0.51649,-0.178035,0.5093686522865538,-0.17924001273956655
32.0,TARGET_2,0.498238,-0.180944,0.484942,-0.194607,0.4905982741640835,-0.19095732910164595
32.064,TARGET_2,0.497405,-0.178524,0.513524,-0.191894,0.5081573462276747,-0.19158993473102404
32.128,TARGET_2,0.496572,-0.176103,0.51572,-0.191816,0.5139463908833809,-0.1916933522458315
32.192,TARGET_2,0.49574,-0.173682,0.481981,-0.164388,0.48944424693786637,-0.16956943103457783
32.256,TARGET_2,0.494907,-0.171261,0.493629,-0.164404,0.4926271024479203,-0.16459049985018198
32.32,TARGET_2,0.494074,-0.16884,0.508062,-0.182088,0.5045191567331612,-0.17788066611984804
32.384,TARGET_2,0.493241,-0.16642,0.501556,-0.14649,0.5022922879787511,-0.15232433234615664
32.448,TARGET_2,0.492409,-0.163999,0.495899,-0.18037,0.4973613309241773,-0.17390452223253416
32.512,TARGET_2,0.491576,-0.161578,0.495084,-0.145294,0.49563307267428497,-0.15068600570099988
32.576,TARGET_2,0.490743,-0.159157,0.498345,-0.175754,0.49771936441324693,-0.1700147581507297
32.64,TARGET_2,0.489911,-0.156736,0.495774,-0.160976,0.4962355539961346,-0.1626354236741853
32.704,TARGET_2,0.489078,-0.154316,0.492749,-0.153253,0.49357294178702094,-0.15474708584268823
32.768,TARGET_2,0.488245,-0.151895,0.469456,-0.141485,0.4750749196641938,-0.1435263772869259
32.832,TARGET_2,0.487412,-0.149474,0.481737,-0.168718,0.4801965358646435,-0.16304931910076703
32.896,TARGET_2,0.48658,-0.147053,0.489502,-0.152407,0.4873092572253044,-0.15447095451605403
32.96,TARGET_2,0.485747,-0.144633,0.478992,-0.146174,0.4809234773439897,-0.14748424099346405
33.024,TARGET_2,0.484914,-0.142212,0.465105,-0.161796,0.46879199676544053,-0.15853567980058106
33.088,TARGET_2,0.484082,-0.139791,0.500046,-0.13017,0.49265629677917394,-0.13569788940629124
33.152,TARGET_2,0.483249,-0.13737,0.47457,-0.120029,0.4786929197536096,-0.12227737080279358
33.216,TARGET_2,0.482416,-0.134949,0.478044,-0.153124,0.4781730822733726,-0.1460671935758786
33.28,TARGET_2,0.481583,-0.132529,0.463587,-0.13465,0.46692612235910047,-0.1366933003138133
33.344,TARGET_2,0.480751,-0.130108,0.46454,-0.117658,0.4649369674288602,-0.12089878926419387
33.408,TARGET_2,0.479918,-0.127687,0.468516,-0.140201,0.4676680307907248,-0.13558325561317236
33.472,TARGET_2,0.479085,-0.125266,0.475271,-0.133955,0.47346176913397414,-0.13407114795973024
33.536,TARGET_2,0.478253,-0.122846,0.484666,-0.103084,0.48187551045622967,-0.10892105861415466
33.6,TARGET_2,0.47742,-0.120425,0.460939,-0.112089,0.4656459723080163,-0.11041088725763543
33.664,TARGET_2,0.476587,-0.118004,0.459577,-0.121388,0.46087503789962975,-0.11840852965459103
33.728,TARGET_2,0.475755,-0.115583,0.482994,-0.129381,0.47788204090154973,-0.12698228884524962
33.792,TARGET_2,0.474922,-0.113162,0.491305,-0.099743,0.4879922223348635,-0.10516497119253093
33.856,TARGET_2,0.474089,-0.110742,0.454414,-0.092728,0.46201254195800034,-0.09430766080757809
33.92,TARGET_2,0.473256,-0.108321,0.471696,-0.119164,0.4694449678679906,-0.11339363453790269
33.984,TARGET_2,0.472424,-0.1059,0.485487,-0.095969,0.4815877500191176,-0.09934108313069795
34.048,TARGET_2,0.471591,-0.103479,0.454672,-0.101886,0.4608253143155953,-0.1006903854782059
34.112,TARGET_2,0.470758,-0.101058,0.474591,-0.112203,0.4713962250160274,-0.10958153297468212
34.176,TARGET_2,0.469926,-0.098638,0.469516,-0.091214,0.46978151145708663,-0.09473675563700606
34.24,TARGET_2,0.469093,-0.096217,0.463975,-0.101153,0.46525480187835455,-0.09932679301295926
34.304,TARGET_2,0.46826,-0.093796,0.459141,-0.10637,0.4605432683672853,-0.10462239783891766
34.368,TARGET_2,0.467427,-0.091375,0.480546,-0.091497,0.4757519257342693,-0.09412580648341698
34.432,TARGET_2,0.466595,-0.088955,0.463386,-0.092332,0.4661620641140378,-0.09225046961620281
34.496,TARGET_2,0.465762,-0.086534,0.46164,-0.07822,0.46245864671847164,-0.08052581332477697
34.56,TARGET_2,0.464929,-0.084113,0.447284,-0.084674,0.4506132669289354,-0.08300285139766697
34.624,TARGET_2,0.464097,-0.081692,0.465814,-0.094955,0.46228101512580816,-0.09215952984651374
34.688,TARGET_2,0.463264,-0.079271,0.454357,-0.069418,0.45592628655687156,-0.07368112478335337
34.752,TARGET_2,0.462431,-0.076851,0.448615,-0.061322,0.44997658473187535,-0.06294420174266933
34.816,TARGET_2,0.461598,-0.07443,0.44488,-0.057876,0.4457082038615276,-0.05783719054872164
34.88,TARGET_2,0.460766,-0.072009,0.443376,-0.085282,0.44384841511041234,-0.0788799818670147
34.944,TARGET_2,0.459933,-0.069588,0.459182,-0.056489,0.45532865231324493,-0.06090165856642086
35.008,TARGET_2,0.4591,-0.067167,0.466986,-0.060466,0.4641362466949518,-0.060088790327219026
35.072,TARGET_2,0.458268,-0.064747,0.46591,-0.051673,0.46529840081617896,-0.05290880338065684
35.136,TARGET_2,0.457435,-0.062326,0.470673,-0.078539,0.46953682538403874,-0.07299948195931803
35.2,TARGET_2,0.456602,-0.059905,0.45532,-0.049665,0.4584260036201001,-0.0542862960273805
35.264,TARGET_2,0.455769,-0.057484,0.455791,-0.056521,0.45628188198938974,-0.055535922939600406
35.328,TARGET_2,0.454937,-0.055064,0.457557,-0.051364,0.4571096181141504,-0.051786141107549304
35.392,TARGET_2,0.454104,-0.052643,0.434594,-0.05915,0.4397309429738265,-0.05703540078769035
35.456,TARGET_2,0.453271,-0.050222,0.445932,-0.042175,0.444225111943634,-0.04482370897498292
35.52,TARGET_2,0.452439,-0.047801,0.436023,-0.036212,0.4376178872318838,-0.03719533812194999
35.584,TARGET_2,0.451606,-0.04538,0.445207,-0.036859,0.44322693068720176,-0.03619914104065448
35.648,TARGET_2,0.450773,-0.04296,0.436484,-0.054897,0.43802442667531133,-0.05051223717354175
35.712,TARGET_2,0.449941,-0.040539,0.444879,-0.059364,0.4433626167324198,-0.05756550068801511
35.776,TARGET_2,0.449108,-0.038118,0.455628,-0.027128,0.4524831379796628,-0.03343302301491083
35.84,TARGET_2,0.448275,-0.035697,0.437451,-0.01768,0.440538131381347,-0.02009125091557397
35.904,TARGET_2,0.447442,-0.033276,0.457139,-0.051921,0.45342126939071903,-0.044887701529325294
35.968,TARGET_2,0.44661,-0.030856,0.461729,-0.033679,0.4597109278818173,-0.03609237217787423
36.032,TARGET_2,0.445777,-0.028435,0.454506,-0.012714,0.45538448956368155,-0.01713795251351579
36.096,TARGET_2,0.444944,-0.026014,0.451084,-0.027957,0.45195475831272147,-0.025057666232882407
36.16,TARGET_2,0.444112,-0.023593,0.46181,-0.029723,0.45947876550515254,-0.028536542844688838
36.224,TARGET_2,0.443279,-0.021173,0.446751,-0.03968,0.44977035850742875,-0.03719196080277674
36.288,TARGET_2,0.442446,-0.018752,0.449506,-0.007276,0.4492095838043266,-0.013234227634359642
36.352,TARGET_2,0.441613,-0.016331,0.456099,-0.001426,0.4541529132584428,-0.003153244799827015
36.416,TARGET_2,0.440781,-0.01391,0.4252,0.003838,0.4314238726710149,0.0035949685709279694
36.48,TARGET_2,0.439948,-0.011489,0.435919,-0.009034,0.43461144427125786,-0.005516542916826206
36.544,TARGET_2,0.439115,-0.009069,0.439435,-0.010979,0.43817456802902155,-0.00937233602527843
36.608,TARGET_2,0.438283,-0.006648,0.440698,-0.006439,0.4399465939955079,-0.006727298891829742
36.672,TARGET_2,0.43745,-0.004227,0.436465,-0.022462,0.43734525913560884,-0.018953663675398982
36.736,TARGET_2,0.436617,-0.001806,0.455909,-0.005522,0.4514960310718359,-0.008524528453200491
36.8,TARGET_2,0.435784,0.000614,0.430049,-0.004845,0.43485398539209524,-0.0051776884591958824
36.864,TARGET_2,0.434952,0.003035,0.436283,-0.000951,0.43574014325866756,-0.0014488339430212523
36.928,TARGET_2,0.434119,0.005456,0.444218,0.001804,0.44207774123938903,0.001432775437929184
36.992,TARGET_2,0.433286,0.007877,0.429099,0.019971,0.43166027534301277,0.016802777175054462
37.056,TARGET_2,0.432454,0.010298,0.419061,0.014241,0.42157655683484435,0.01575468264212735
37.12,TARGET_2,0.431621,0.012718,0.422459,0.012469,0.421946368749294,0.013881047165875699
37.184,TARGET_2,0.430788,0.015139,0.441517,0.013696,0.4368587862367399,0.014027196294197455
37.248,TARGET_2,0.429956,0.01756,0.438572,0.034447,0.4377742006804322,0.030652890847712534
37.312,TARGET_2,0.429123,0.019981,0.421136,0.038535,0.4245224866040136,0.037903980147550545
37.376,TARGET_2,0.42829,0.022402,0.432035,0.031646,0.43003372823029523,0.03373528551331984
37.44,TARGET_2,0.427457,0.024822,0.410879,0.021915,0.4151109572821663,0.02511240217035295
37.504,TARGET_2,0.426625,0.027243,0.433114,0.007799,0.4291200335843743,0.01140226667577125
37.568,TARGET_2,0.425792,0.029664,0.412889,0.014436,0.4166290958630057,0.013861687499365248
37.632,TARGET_2,0.424959,0.032085,0.416023,0.019791,0.4160463116000167,0.01865814466186971
37.696,TARGET_2,0.424127,0.034505,0.429276,0.031805,0.4259844498508103,0.02914281880462253
37.76,TARGET_2,0.423294,0.036926,0.412211,0.037812,0.415066577837291,0.03660035949955482
37.824,TARGET_2,0.422461,0.039347,0.437893,0.047483,0.43231316465416236,0.04557418252546559
37.888,TARGET_2,0.421628,0.041768,0.42864,0.030512,0.42946731750994566,0.034093586732253524
37.952,TARGET_2,0.420796,0.044189,0.413126,0.050349,0.4165650364248391,0.04748986173003861
38.016,TARGET_2,0.419963,0.046609,0.411058,0.035162,0.4121960809681032,0.038344357019691855
38.08,TARGET_2,0.41913,0.04903,0.43167,0.047352,0.4269759703709429,0.04558804604165069
38.144,TARGET_2,0.418298,0.051451,0.412301,0.052805,0.41542140700703856,0.05186983568850802
38.208,TARGET_2,0.417465,0.053872,0.423308,0.051171,0.42129569741974754,0.051756173514699085
38.272,TARGET_2,0.416632,0.056293,0.40555,0.048414,0.40901845251618185,0.049686022228426524
38.336,TARGET_2,0.415799,0.058713,0.406697,0.052865,0.4069989398289357,0.0526640803099413
38.4,TARGET_2,0.414967,0.061134,0.422629,0.056053,0.41884670266065555,0.055585476620035545
38.464,TARGET_2,0.414134,0.063555,0.410148,0.059538,0.41195050783053566,0.05917568128319958
38.528,TARGET_2,0.413301,0.065976,0.417282,0.069024,0.4157515345673804,0.06742009075123012
38.592,TARGET_2,0.412469,0.068396,0.397404,0.076984,0.40121710272496014,0.07588319882120187
38.656,TARGET_2,0.411636,0.070817,0.413449,0.075034,0.41034843923745284,0.07590104083414118
38.72,TARGET_2,0.410803,0.073238,0.398428,0.077354,0.40086555200686547,0.07782828423970783
38.784,TARGET_2,0.40997,0.075659,0.418555,0.076341,0.41431026780307173,0.07705791067211608
38.848,TARGET_2,0.409138,0.07808,0.405176,0.071806,0.4071918040438372,0.07333488948219563
38.912,TARGET_2,0.408305,0.0805,0.421788,0.094917,0.41805341769906457,0.09070232870159456
38.976,TARGET_2,0.407472,0.082921,0.392382,0.088164,0.3980354037180256,0.08960038007164867
39.04,TARGET_2,0.40664,0.085342,0.397375,0.0826,0.397324667892657,0.08467375329954237
39.104,TARGET_2,0.405807,0.087763,0.423347,0.093574,0.41714510936808324,0.09184239831590715
39.168,TARGET_2,0.404974,0.090183,0.392875,0.096255,0.3982405140257059,0.09601875858588677
39.232,TARGET_2,0.404142,0.092604,0.400701,0.102157,0.39981821455267536,0.10149050968631262
39.296,TARGET_2,0.403309,0.095025,0.422451,0.097929,0.4171305573925087,0.09896525333939549
39.36,TARGET_2,0.402476,0.097446,0.422206,0.10767,0.4208524983205906,0.10613624203791962
39.424,TARGET_2,0.401643,0.099867,0.405148,0.100002,0.4087026591344145,0.10177970867563971
39.488,TARGET_2,0.400811,0.102287,0.381521,0.121159,0.38740530803783835,0.11797139240073093
39.552,TARGET_2,0.399978,0.104708,0.388187,0.095348,0.3879137281259141,0.10075713206723255
39.616,TARGET_2,0.399145,0.107129,0.413996,0.113617,0.40777267003081574,0.11095801514760985
39.68,TARGET_2,0.398313,0.10955,0.41524,0.092493,0.4136713022413112,0.0963365779713491
39.744,TARGET_2,0.39748,0.111971,0.38744,0.103638,0.3934635005951804,0.10226860245813774
39.808,TARGET_2,0.396647,0.114391,0.399703,0.095766,0.3982905281086159,0.09714644772924778
39.872,TARGET_2,0.395814,0.116812,0.397912,0.110078,0.3978582522416199,0.10746940495810489
39.936,TARGET_2,0.394982,0.119233,0.402993,0.11046,0.40168562440069766,0.110073293863435
40.0,TARGET_2,0.394149,0.121654,0.390502,0.129704,0.3927490035022364,0.12622868322134687
40.064,TARGET_2,0.393316,0.124074,0.397813,0.132984,0.39632051654085626,0.13239036517651095
40.128,TARGET_2,0.392484,0.126495,0.385105,0.139858,0.3873134215007042,0.1393198644944834
40.192,TARGET_2,0.391651,0.128916,0.396449,0.126023,0.3942080853578937,0.12950376090187574
40.256,TARGET_2,0.390818,0.131337,0.387209,0.126105,0.38870718233322865,0.12728402808224426
40.32,TARGET_2,0.389985,0.133758,0.384037,0.138692,0.3848487504278015,0.13683616911660765
40.384,TARGET_2,0.389153,0.136178,0.383675,0.1349,0.38375405446976996,0.13590342243907108
40.448,TARGET_2,0.38832,0.138599,0.376855,0.131693,0.37830909852626915,0.13309334651561705
40.512,TARGET_2,0.387487,0.14102,0.383516,0.151231,0.38195234107157316,0.1479415049608455
40.576,TARGET_2,0.386655,0.143441,0.405599,0.147471,0.3999906056962437,0.1479922267439414
40.64,TARGET_2,0.385822,0.145862,0.383678,0.16129,0.38717355424338995,0.15925770078611437
40.704,TARGET_2,0.384989,0.148282,0.383662,0.14537,0.3843607502298896,0.14892817506067602
40.768,TARGET_2,0.384156,0.150703,0.379825,0.160113,0.38061346230480064,0.15832378975622885
40.832,TARGET_2,0.383324,0.153124,0.380421,0.141792,0.38044823787923837,0.14567256321314495
40.896,TARGET_2,0.382491,0.155545,0.382119,0.144252,0.3817077249267858,0.14464150642300497
40.96,TARGET_2,0.381658,0.157965,0.37952,0.175349,0.37960900320783514,0.16937049314190872
41.024,TARGET_2,0.380826,0.160386,0.396,0.169422,0.3919973939633415,0.17003933108530483
41.088,TARGET_2,0.379993,0.162807,0.362138,0.177021,0.368720223505887,0.17654260856268128
41.152,TARGET_2,0.37916,0.165228,0.367963,0.153156,0.36807283504025207,0.1586509088439926
41.216,TARGET_2,0.378328,0.167649,0.395287,0.185312,0.38863321213869356,0.1798253459458771
41.28,TARGET_2,0.377495,0.170069,0.376352,0.18247,0.37893167784103476,0.18264496824978646
41.344,TARGET_2,0.376662,0.17249,0.365078,0.186407,0.3679363258338951,0.18646790465438268
41.408,TARGET_2,0.375829,0.174911,0.387123,0.166507,0.3827526070626995,0.1709662041037467
41.472,TARGET_2,0.377283,0.177018,0.357303,0.179017,0.36302443473614804,0.1777613482050293
41.536,TARGET_2,0.378736,0.179126,0.379218,0.193581,0.3751464146061983,0.19063557715494944
41.6,TARGET_2,0.380189,0.181233,0.396138,0.185158,0.39121997883876664,0.18656996485121752
41.664,TARGET_2,0.381642,0.183341,0.37661,0.1957,0.37981030332356247,0.1942665332170578
41.728,TARGET_2,0.383096,0.185448,0.392411,0.205304,0.3892369820256366,0.2034937172438811
41.792,TARGET_2,0.384549,0.187556,0.392818,0.194351,0.3919204439963819,0.19672267850109557
41.856,TARGET_2,0.386002,0.189664,0.381479,0.197931,0.3837984700838848,0.1980757422824284
41.92,TARGET_2,0.387456,0.191771,0.402101,0.173777,0.39804863198392754,0.17868716578900662
41.984,TARGET_2,0.388909,0.193879,0.39921,0.204967,0.3987902656684721,0.19934490234205327
42.048,TARGET_2,0.390362,0.195986,0.400251,0.178637,0.4000621182971497,0.18294999415956256
42.112,TARGET_2,0.391815,0.198094,0.405261,0.181966,0.4041594218214186,0.18179855712012727
42.176,TARGET_2,0.393269,0.200201,0.390368,0.196665,0.3934794463198355,0.19357272090430336
42.24,TARGET_2,0.394722,0.202309,0.411371,0.213252,0.40696447021997384,0.2093917799833464
42.304,TARGET_2,0.396175,0.204416,0.413645,0.186317,0.4121954281814617,0.19130946904336493
42.368,TARGET_2,0.397628,0.206524,0.414629,0.192079,0.4141029155376192,0.19173456533666342
42.432,TARGET_2,0.399082,0.208631,0.38514,0.209436,0.39169969132959853,0.20612494611233365
42.496,TARGET_2,0.400535,0.210739,0.415766,0.205792,0.41008102257336115,0.20614967272038803
42.56,TARGET_2,0.401988,0.212846,0.414575,0.228903,0.4132796964959829,0.22471379144268344
42.624,TARGET_2,0.403442,0.214954,0.402428,0.225976,0.4047464902633524,0.22662398314477677
42.688,TARGET_2,0.404895,0.217061,0.412097,0.211297,0.4103579438820718,0.2150122330030838
42.752,TARGET_2,0.406348,0.219169,0.417467,0.223618,0.4156968135546911,0.2221155259928422
42.816,TARGET_2,0.407801,0.221276,0.419074,0.214552,0.4182734911289285,0.21638596330905063
42.88,TARGET_2,0.409255,0.223384,0.392211,0.229255,0.3981486962643457,0.22707056196461356
42.944,TARGET_2,0.410708,0.225491,0.423871,0.220603,0.41785967070135305,0.222225984370949
43.008,TARGET_2,0.412161,0.227599,0.424755,0.218142,0.42314903183309144,0.21906963276390795
43.072,TARGET_2,0.413614,0.229706,0.422628,0.233059,0.42265872352960543,0.23036114342121342
43.136,TARGET_2,0.415068,0.231814,0.423233,0.220402,0.4231007309705667,0.22271919933936574
43.2,TARGET_2,0.416521,0.233921,0.405047,0.239844,0.4091435584135322,0.2366965047353853
43.264,TARGET_2,0.417974,0.236029,0.434108,0.216178,0.42835799197811864,0.2205920439901823
43.328,TARGET_2,0.419427,0.238136,0.425172,0.24086,0.42583289563420723,0.23679750759901044
43.392,TARGET_2,0.420881,0.240244,0.415449,0.255797,0.41773563207249786,0.25258848650152876
43.456,TARGET_2,0.422334,0.242351,0.437167,0.26065,0.4325642680857167,0.2599075222045829
43.52,TARGET_2,0.423787,0.244459,0.415211,0.24492,0.4191602105033563,0.24879235944153866
43.584,TARGET_2,0.425241,0.246566,0.416099,0.266037,0.41667692471780315,0.2631337269612222
43.648,TARGET_2,0.426694,0.248674,0.434521,0.234706,0.43045009310342885,0.24096885331382856
43.712,TARGET_2,0.428147,0.250781,0.443722,0.268795,0.4405241608254293,0.2632586293882562
43.776,TARGET_2,0.4296,0.252889,0.415951,0.256958,0.4216327310182006,0.2588781400200208
43.84,TARGET_2,0.431054,0.254996,0.439253,0.253301,0.43512868255961723,0.25471713322918654
43.904,TARGET_2,0.432507,0.257104,0.436812,0.26429,0.4363656441273895,0.262583714967247
43.968,TARGET_2,0.43396,0.259211,0.415157,0.249191,0.4201163676592587,0.25224821519956986
44.032,TARGET_2,0.435413,0.261319,0.427418,0.255273,0.4256930634514282,0.2546740401044499
44.096,TARGET_2,0.436867,0.263426,0.417928,0.269017,0.4196599404206821,0.26635338338991105
44.16,TARGET_2,0.43832,0.265534,0.454388,0.264599,0.44625755011739937,0.2652394427311929
44.224,TARGET_2,0.439773,0.267641,0.433872,0.270895,0.43673332878168847,0.2700830411753989
44.288,TARGET_2,0.441227,0.269749,0.448907,0.258234,0.4460751128085127,0.260876017296937
44.352,TARGET_2,0.44268,0.271856,0.459879,0.266179,0.45663285423937305,0.2651054217481779
44.416,TARGET_2,0.444133,0.273964,0.46002,0.293575,0.4591565994910124,0.28817237877296786
44.48,TARGET_2,0.445586,0.276071,0.459218,0.292102,0.4591528231958805,0.292202864272324
44.544,TARGET_2,0.44704,0.278179,0.43291,0.264603,0.4389320173910725,0.2708317316591479
44.608,TARGET_2,0.448493,0.280287,0.442306,0.289432,0.44141184957359586,0.28581747324628326
44.672,TARGET_2,0.449946,0.282394,0.432179,0.272046,0.43432567155755614,0.2752688230662339
44.736,TARGET_2,0.451399,0.284502,0.432499,0.285142,0.432837420294967,0.28333118367635574
44.8,TARGET_2,0.452853,0.286609,0.47013,0.298531,0.46129287316690315,0.2956610458181714
44.864,TARGET_2,0.454306,0.288717,0.436866,0.280052,0.44254857253521124,0.28373084297638423
44.928,TARGET_2,0.455759,0.290824,0.460045,0.308738,0.4557758248111329,0.3038761465863736
44.992,TARGET_2,0.457213,0.292932,0.461976,0.281495,0.46057272953564377,0.2864886591807072
45.056,TARGET_2,0.458666,0.295039,0.454468,0.29456,0.4558471125271006,0.29299951983095013
45.12,TARGET_2,0.460119,0.297147,0.45467,0.280964,0.4549861979649709,0.283520998866123
45.184,TARGET_2,0.461572,0.299254,0.448493,0.305261,0.44989107001259604,0.30094804531496183
45.248,TARGET_2,0.463026,0.301362,0.447857,0.296776,0.4482778851307407,0.2980892411489314
45.312,TARGET_2,0.464479,0.303469,0.468032,0.302624,0.46335849658753153,0.301936381905156
45.376,TARGET_2,0.465932,0.305577,0.471281,0.321728,0.4692916115267834,0.3181585503649448
45.44,TARGET_2,0.467385,0.307684,0.463106,0.321118,0.4644344298642694,0.3213404233308621
45.504,TARGET_2,0.468839,0.309792,0.467308,0.295743,0.46666724809105353,0.30144830019100377
45.568,TARGET_2,0.470292,0.311899,0.486128,0.293044,0.48163214638856167,0.2945280914142238
45.632,TARGET_2,0.471745,0.314007,0.491712,0.303544,0.4893539883133824,0.3014177908826126
45.696,TARGET_2,0.473198,0.316114,0.475172,0.298703,0.4785097485191199,0.2992289660841899
45.76,TARGET_2,0.474652,0.318222,0.479447,0.317295,0.47914795867188104,0.313700669696053
45.824,TARGET_2,0.476105,0.320329,0.482268,0.321538,0.4814515915988687,0.32040857122214095
45.888,TARGET_2,0.477558,0.322437,0.495435,0.32426,0.49211068484925896,0.323997413730995
45.952,TARGET_2,0.479012,0.324544,0.466675,0.308302,0.4725835124296339,0.3119572305409236
46.016,TARGET_2,0.480465,0.326652,0.470343,0.319466,0.47080847882788474,0.31811402197975275
46.08,TARGET_2,0.481918,0.328759,0.493169,0.334208,0.4878181693695046,0.3312342677273876
46.144,TARGET_2,0.483371,0.330867,0.501371,0.323355,0.49820112350022144,0.32540201687383824
46.208,TARGET_2,0.484825,0.332974,0.495313,0.313088,0.4960121955816733,0.3157299326263805
46.272,TARGET_2,0.486278,0.335082,0.47802,0.344439,0.48213267506490826,0.33883806452486986
46.336,TARGET_2,0.487731,0.337189,0.483749,0.33255,0.4833307470637753,0.33448384010591653
46.4,TARGET_2,0.489184,0.339297,0.472892,0.326956,0.47530265427636925,0.32889671313327434
46.464,TARGET_2,0.490638,0.341404,0.479475,0.334128,0.4784537537908369,0.333301979936433
46.528,TARGET_2,0.492091,0.343512,0.497456,0.323531,0.4930345137265267,0.325645005933853
46.592,TARGET_2,0.493544,0.345619,0.492128,0.338449,0.49229924641212186,0.3359175764169587
46.656,TARGET_2,0.494998,0.347727,0.502833,0.332827,0.5003576336022376,0.3336890512714795
46.72,TARGET_2,0.496451,0.349834,0.503262,0.335378,0.5025675326661535,0.3351933188401817
46.784,TARGET_2,0.497904,0.351942,0.505579,0.362205,0.5047908971461258,0.35714232648089117
46.848,TARGET_2,0.499357,0.354049,0.49463,0.359183,0.49690941528297466,0.35968279691539856
46.912,TARGET_2,0.500811,0.356157,0.51847,0.355375,0.5134702879842565,0.35695677341413123
46.976,TARGET_2,0.502264,0.358264,0.521473,0.348686,0.5196262566496378,0.35081377999389546
47.04,TARGET_2,0.503717,0.360372,0.486273,0.345058,0.49406581151606654,0.3463900027788053
47.104,TARGET_2,0.50517,0.362479,0.510786,0.352419,0.5068591878255463,0.3512670618358887
47.168,TARGET_2,0.506624,0.364587,0.50654,0.350643,0.506609903683395,0.3509431845245447
47.232,TARGET_2,0.508077,0.366695,0.504613,0.358787,0.5050661364826896,0.35741101168648903
47.296,TARGET_2,0.50953,0.368802,0.495375,0.380835,0.49759721312399374,0.37665363307368893
47.36,TARGET_2,0.510984,0.37091,0.508323,0.351215,0.5058615227903329,0.3570449076014262
47.424,TARGET_2,0.512437,0.373017,0.49823,0.381321,0.5000002774222441,0.37673069959363875
47.488,TARGET_2,0.51389,0.375125,0.50389,0.388312,0.502972141286639,0.38681709079109616
47.552,TARGET_2,0.515343,0.377232,0.525675,0.367417,0.5205018162084004,0.37211478889822136
47.616,TARGET_2,0.516797,0.37934,0.508176,0.389019,0.51112942896014,0.38599444815778633
47.68,TARGET_2,0.51825,0.381447,0.514182,0.381733,0.51351393775112,0.3832426333462128
47.744,TARGET_2,0.519703,0.383555,0.516215,0.382776,0.5156267226931168,0.38334684628383064
47.808,TARGET_2,0.521156,0.385662,0.531913,0.396826,0.5282088909255538,0.3946734991720056
47.872,TARGET_2,0.52261,0.38777,0.529484,0.38467,0.5292412501863808,0.3873561488985351
47.936,TARGET_2,0.524063,0.389877,0.509489,0.402852,0.5142033768197187,0.4001206315290009
48.0,TARGET_2,0.525516,0.391985,0.509198,0.375592,0.510322666625218,0.3809919024760439
48.064,TARGET_2,0.526969,0.394092,0.535785,0.400226,0.5298773415600285,0.3964875950329774
48.128,TARGET_2,0.528423,0.3962,0.534584,0.387398,0.5334989328816688,0.3896603462740198
48.192,TARGET_2,0.529876,0.398307,0.518698,0.417282,0.5222760104397469,0.4120651736738952
48.256,TARGET_2,0.531329,0.400415,0.52616,0.413059,0.5253323084628737,0.41374553476955966
48.32,TARGET_2,0.532783,0.402522,0.53094,0.392919,0.5296581754225557,0.3977454575453725
48.384,TARGET_2,0.534236,0.40463,0.534022,0.421823,0.5331247085097298,0.4172987976968773
48.448,TARGET_2,0.535689,0.406737,0.52081,0.404272,0.5236823165498713,0.40750423091366567
48.512,TARGET_2,0.537142,0.408845,0.551119,0.399366,0.5447172869541383,0.401307506869581
48.576,TARGET_2,0.538596,0.410952,0.547981,0.399353,0.5472191292862,0.3998255010712371
48.64,TARGET_2,0.540049,0.41306,0.531541,0.412957,0.5352801488019112,0.4103484954518002
48.704,TARGET_2,0.541502,0.415167,0.544278,0.434717,0.5423525350465687,0.43035419780976436
48.768,TARGET_2,0.542955,0.417275,0.533797,0.421598,0.5358438923149852,0.42420620480780086
48.832,TARGET_2,0.544409,0.419382,0.559462,0.418111,0.5540441461168689,0.41995073219803175
48.896,TARGET_2,0.545862,0.42149,0.549094,0.4312,0.5503899827649852,0.4293625595060371
48.96,TARGET_2,0.547315,0.423597,0.532008,0.436142,0.5363962182085213,0.4353088942917149
49.024,TARGET_2,0.548769,0.425705,0.534621,0.434724,0.5350979311647703,0.4354478371237507
49.088,TARGET_2,0.550222,0.427812,0.54489,0.426919,0.5426407085832708,0.42912408664603746
49.152,TARGET_2,0.551675,0.42992,0.53183,0.417344,0.5343188515196664,0.41980923184226565
49.216,TARGET_2,0.553128,0.432027,0.566361,0.437722,0.5589443573683481,0.43426569020496925
49.28,TARGET_2,0.554582,0.434135,0.549719,0.426606,0.5518853101851641,0.42850729411159355
49.344,TARGET_2,0.556035,0.436242,0.555728,0.427644,0.5548430809201383,0.4279891158224368
49.408,TARGET_2,0.554136,0.434526,0.569757,0.423751,0.5662653782051632,0.4247632349292381
49.472,TARGET_2,0.552237,0.432809,0.567443,0.447617,0.5672807707264113,0.4432317872670263
49.536,TARGET_2,0.550338,0.431092,0.565868,0.411527,0.5661279935330852,0.4183124103474903
49.6,TARGET_2,0.548438,0.429376,0.566981,0.435998,0.5668331790871282,0.43227754788243267
49.664,TARGET_2,0.546539,0.427659,0.562725,0.419344,0.5636469702549698,0.4220517294085842
49.728,TARGET_2,0.54464,0.425942,0.531519,0.433283,0.5390637413709467,0.4307739530242752
49.792,TARGET_2,0.542741,0.424226,0.532307,0.425779,0.5338645637732273,0.42675766638868745
49.856,TARGET_2,0.540842,0.422509,0.542423,0.41242,0.5403258416783545,0.4151332402277116
49.92,TARGET_2,0.538943,0.420792,0.545554,0.43756,0.5443980097791936,0.43278727130231964
49.984,TARGET_2,0.537044,0.419076,0.556018,0.406459,0.5531916869993312,0.4118576331004551
50.048,TARGET_2,0.535145,0.417359,0.525627,0.429718,0.5320733760141687,0.42563925982264983
50.112,TARGET_2,0.533246,0.415642,0.539378,0.421205,0.5376387062719228,0.42209785994494836
50.176,TARGET_2,0.531346,0.413926,0.526209,0.430752,0.5289170111170185,0.4288793323544538
50.24,TARGET_2,0.529447,0.412209,0.531107,0.412879,0.5304877414176836,0.41609516817429626
50.304,TARGET_2,0.527548,0.410492,0.534771,0.392771,0.5335253896670661,0.3970120167903407
50.368,TARGET_2,0.525649,0.408776,0.507116,0.410777,0.5130714574985198,0.40704531517158143
50.432,TARGET_2,0.52375,0.407059,0.52086,0.406666,0.5189138345429304,0.4063106445814482
50.496,TARGET_2,0.521851,0.405342,0.531414,0.424919,0.5286253268504413,0.4210039924756098
50.56,TARGET_2,0.519952,0.403626,0.529381,0.422255,0.5292780282941126,0.42223737786251697
50.624,TARGET_2,0.518053,0.401909,0.511869,0.418708,0.515920466736463,0.41944640125115146
50.688,TARGET_2,0.516154,0.400192,0.498876,0.39344,0.5025694571173915,0.3983476312312411
50.752,TARGET_2,0.514254,0.398476,0.521015,0.38659,0.5164936654453951,0.3882635686009993
50.816,TARGET_2,0.512355,0.396759,0.524807,0.408372,0.522897327297457,0.4036408805609322
50.88,TARGET_2,0.510456,0.395042,0.521813,0.376706,0.5218691154472657,0.38174933031339653
50.944,TARGET_2,0.508557,0.393325,0.527834,0.4046,0.5264628841981777,0.3993224924261103
51.008,TARGET_2,0.506658,0.391609,0.498443,0.37855,0.5048421610691067,0.3823039628499362
51.072,TARGET_2,0.504759,0.389892,0.487099,0.389224,0.4910855426893169,0.38701513674230403
51.136,TARGET_2,0.50286,0.388175,0.512082,0.395625,0.5071983187030727,0.393580423499047
51.2,TARGET_2,0.500961,0.386459,0.518509,0.404061,0.5159354856101908,0.4019858200644611
51.264,TARGET_2,0.499062,0.384742,0.481682,0.383097,0.489574072927967,0.3867614600486823
51.328,TARGET_2,0.497162,0.383025,0.478012,0.395795,0.48068796311712514,0.39351120541539375
51.392,TARGET_2,0.495263,0.381309,0.489762,0.370455,0.487461034788017,0.3747944832596135
51.456,TARGET_2,0.493364,0.379592,0.489883,0.391134,0.4893058803670808,0.3872319040523194
51.52,TARGET_2,0.491465,0.377875,0.493172,0.369165,0.49213093429379673,0.3725012128177918
51.584,TARGET_2,0.489566,0.376159,0.480003,0.376964,0.48273717770914704,0.37539837202857895
51.648,TARGET_2,0.487667,0.374442,0.478893,0.385328,0.4797609025365131,0.3829028119245635
51.712,TARGET_2,0.485768,0.372725,0.474141,0.365514,0.47528248276988894,0.3686976430989055
51.776,TARGET_2,0.483869,0.371009,0.464801,0.377333,0.46715467437225483,0.37495317889264257
51.84,TARGET_2,0.48197,0.369292,0.501233,0.364501,0.493184389513447,0.36648078813727564
51.904,TARGET_2,0.48007,0.367575,0.465466,0.358516,0.47178446032905197,0.3594996148207317
51.968,TARGET_2,0.478171,0.365859,0.461666,0.372293,0.46394471507650337,0.3690693555744364
52.032,TARGET_2,0.476272,0.364142,0.462915,0.364818,0.4630397173744801,0.36535745368154837
52.096,TARGET_2,0.474373,0.362425,0.480564,0.358064,0.47635687409302635,0.35930191689228064
52.16,TARGET_2,0.472474,0.360709,0.462428,0.367433,0.46563538999865167,0.36534432387387605
52.224,TARGET_2,0.470575,0.358992,0.466054,0.34695,0.46573288549338165,0.35035342493706906
52.288,TARGET_2,0.468676,0.357275,0.47331,0.370478,0.4715936653588537,0.3659741015423388
52.352,TARGET_2,0.466777,0.355559,0.472564,0.370204,0.47238149407833263,0.3694009303450614
52.416,TARGET_2,0.464878,0.353842,0.454676,0.373634,0.458856422879117,0.3727702957294363
52.48,TARGET_2,0.462978,0.352125,0.469094,0.360355,0.4666295881508738,0.3629823937649999
52.544,TARGET_2,0.461079,0.350409,0.466236,0.359814,0.46625926484121666,0.3602651148197749
52.608,TARGET_2,0.45918,0.348692,0.472502,0.351361,0.4709194208040613,0.35293272863027886
52.672,TARGET_2,0.457281,0.346975,0.464065,0.347812,0.46551858435507965,0.34836634099138475
52.736,TARGET_2,0.455382,0.345259,0.445781,0.343769,0.45016613354221674,0.3439908263403604
52.8,TARGET_2,0.453483,0.343542,0.461398,0.349965,0.4587005949405219,0.3482422742854259
52.864,TARGET_2,0.451584,0.341825,0.44135,0.354867,0.44532339290916384,0.3530597656260103
52.928,TARGET_2,0.449685,0.340109,0.454397,0.354803,0.4522525431950833,0.35432221625178073
52.992,TARGET_2,0.447786,0.338392,0.429319,0.333843,0.4343668644428529,0.3375190301037982
53.056,TARGET_2,0.445886,0.336675,0.43295,0.33471,0.43301367358740017,0.3344883361999793
53.12,TARGET_2,0.443987,0.334959,0.450786,0.341943,0.4466113257941532,0.3399278184062791
53.184,TARGET_2,0.442088,0.333242,0.436432,0.318581,0.4385036299191987,0.3223462757687459
53.248,TARGET_2,0.440189,0.331525,0.456109,0.31762,0.4518544465448713,0.31781101871919365
53.312,TARGET_2,0.43829,0.329808,0.454503,0.329473,0.45384542258501864,0.3264444853904949
53.376,TARGET_2,0.436391,0.328092,0.428188,0.346703,0.4342037650560275,0.34225130724022135
53.44,TARGET_2,0.434492,0.326375,0.452879,0.307265,0.4482581969760531,0.31437976207874047
53.504,TARGET_2,0.432593,0.324658,0.430755,0.317534,0.43463996488032236,0.3160762918463067
53.568,TARGET_2,0.430694,0.322942,0.44412,0.336316,0.44197500223073305,0.33183266889224494
53.632,TARGET_2,0.428794,0.321225,0.421639,0.321148,0.4262424807645069,0.3230772439691107
53.696,TARGET_2,0.426895,0.319508,0.443404,0.338113,0.4395037994522519,0.33497725968886227
53.76,TARGET_2,0.424996,0.317792,0.431066,0.316407,0.4328750820760883,0.3201456963720266
53.824,TARGET_2,0.423097,0.316075,0.429316,0.308937,0.4299258761735645,0.3107280491125763
53.888,TARGET_2,0.421198,0.314358,0.424925,0.300173,0.4258013764769208,0.30156603198211956
53.952,TARGET_2,0.419299,0.312642,0.429624,0.302518,0.4285360283685753,0.3015289114255473
54.016,TARGET_2,0.4174,0.310925,0.413056,0.302453,0.4164156839747271,0.3014601228713554
54.08,TARGET_2,0.415501,0.309208,0.412061,0.317685,0.41301196959837566,0.31380483391740266
54.144,TARGET_2,0.413602,0.307492,0.402532,0.326563,0.40502776588795536,0.3237243359108664
54.208,TARGET_2,0.411702,0.305775,0.420109,0.291022,0.41622890175381977,0.2977734965129829
54.272,TARGET_2,0.409803,0.304058,0.395939,0.314278,0.40054406698781797,0.3101526492976725
54.336,TARGET_2,0.407904,0.302342,0.393776,0.314537,0.3952422745053403,0.31327032166667246
54.4,TARGET_2,0.4085,0.299852,0.397149,0.295219,0.39633202879324664,0.2986520314356972
54.464,TARGET_2,0.409096,0.297362,0.400374,0.316758,0.3994683904375413,0.31262494525224255
54.528,TARGET_2,0.409692,0.294873,0.414619,0.283556,0.4107038939978878,0.28958542577680185
54.592,TARGET_2,0.410288,0.292383,0.410318,0.295032,0.41024961921813274,0.2934078541822725
54.656,TARGET_2,0.410885,0.289893,0.39466,0.278162,0.39780782726822894,0.2806426993206594
54.72,TARGET_2,0.411481,0.287404,0.427895,0.283544,0.42085234453736653,0.28260108858370186
54.784,TARGET_2,0.412077,0.284914,0.404725,0.286222,0.4083425440986643,0.28498591614375945
54.848,TARGET_2,0.412673,0.282425,0.407035,0.272521,0.4070382869442764,0.2746592728861396
54.912,TARGET_2,0.413269,0.279935,0.414179,0.294166,0.4125887718104269,0.28981072677909003
54.976,TARGET_2,0.413865,0.277445,0.417111,0.270887,0.41582397262240245,0.2747351074167665
55.04,TARGET_2,0.414461,0.274956,0.402589,0.262823,0.4053055459056456,0.2646249808154534
55.104,TARGET_2,0.415057,0.272466,0.413707,0.273914,0.4116409134709729,0.27145205323237465
55.168,TARGET_2,0.415653,0.269976,0.433005,0.267578,0.427961037699459,0.26829743711760845
55.232,TARGET_2,0.416249,0.267487,0.414406,0.255888,0.4173085270100701,0.25798465184142716
55.296,TARGET_2,0.416845,0.264997,0.410238,0.263528,0.41172310410046564,0.2617785148758411
55.36,TARGET_2,0.417441,0.262507,0.39957,0.267756,0.40226761353658363,0.2660099444686052
55.424,TARGET_2,0.418037,0.260018,0.404143,0.275638,0.4037214612317502,0.2734404914459526
55.488,TARGET_2,0.418633,0.257528,0.418118,0.239788,0.4143374674513251,0.24666473127927788
55.552,TARGET_2,0.419229,0.255039,0.417902,0.253894,0.416926788724106,0.2518313127190652
55.616,TARGET_2,0.419826,0.252549,0.418311,0.249233,0.4178157922190398,0.24938970963246582
55.68,TARGET_2,0.420422,0.250059,0.401301,0.233469,0.4047127584202891,0.23603320290534535
55.744,TARGET_2,0.421018,0.24757,0.403532,0.25297,0.4036655916035314,0.2487576348871411
55.808,TARGET_2,0.421614,0.24508,0.429016,0.239869,0.4230009832574554,0.241672914827344
55.872,TARGET_2,0.42221,0.24259,0.433071,0.245172,0.43072699889757515,0.24436720611968224
55.936,TARGET_2,0.422806,0.240101,0.403887,0.259096,0.41023147701644175,0.25579715677151116
56.0,TARGET_2,0.423402,0.237611,0.427895,0.239954,0.4236643023477902,0.2434205521856315
56.064,TARGET_2,0.423998,0.235121,0.405214,0.232794,0.4092472932635573,0.2345081293863981
56.128,TARGET_2,0.424594,0.232632,0.421444,0.239041,0.41852046057349185,0.23776284683151938
56.192,TARGET_2,0.42519,0.230142,0.442019,0.238423,0.4365596380549472,0.23834754815247888
56.256,TARGET_2,0.425786,0.227653,0.4154,0.224407,0.42011061095258756,0.22690692490980324
56.32,TARGET_2,0.426382,0.225163,0.41134,0.214397,0.4130425792415175,0.21625357790149796
56.384,TARGET_2,0.426978,0.222673,0.440477,0.215949,0.4340033768894734,0.21549721054218787
56.448,TARGET_2,0.427574,0.220184,0.421509,0.230253,0.4244007047899007,0.2267654994587708
56.512,TARGET_2,0.42817,0.217694,0.422196,0.234132,0.4227474369644457,0.23254641451456626
56.576,TARGET_2,0.428767,0.215204,0.440435,0.221799,0.4362452630213039,0.22415940058890427
56.64,TARGET_2,0.429363,0.212715,0.41167,0.207646,0.4171609871460198,0.21053498124943262
56.704,TARGET_2,0.429959,0.210225,0.428879,0.191276,0.42581300643863584,0.19450512834332484
56.768,TARGET_2,0.430555,0.207735,0.421384,0.226072,0.42240504607203866,0.21889224324575965
56.832,TARGET_2,0.431151,0.205246,0.438744,0.19251,0.43467472986983263,0.19779851040426732
56.896,TARGET_2,0.431747,0.202756,0.425977,0.217522,0.4280054500344767,0.21297431625292046
56.96,TARGET_2,0.432343,0.200266,0.436351,0.181073,0.4340507282025882,0.18735646685175866
57.024,TARGET_2,0.432939,0.197777,0.448021,0.211312,0.4448478160170166,0.2059488269845849
57.088,TARGET_2,0.433535,0.195287,0.450721,0.209435,0.4493980529745272,0.20882222441387502
57.152,TARGET_2,0.434131,0.192798,0.448805,0.185606,0.4487506029986386,0.1902805747698895
57.216,TARGET_2,0.434727,0.190308,0.446853,0.207118,0.4473303745788058,0.20332739798960325
57.28,TARGET_2,0.435323,0.187818,0.424113,0.180078,0.42926079560374475,0.1844039885120054
57.344,TARGET_2,0.435919,0.185329,0.444013,0.185861,0.4404518371733875,0.184978450878668
57.408,TARGET_2,0.436515,0.182839,0.425011,0.19357,0.4285241882048512,0.19125791115772903
57.472,TARGET_2,0.437111,0.180349,0.439012,0.18977,0.43649524301394876,0.18986752587231498
57.536,TARGET_2,0.437708,0.17786,0.423622,0.18674,0.42651248323609214,0.18700143970301145
57.6,TARGET_2,0.438304,0.17537,0.454481,0.190476,0.4479665309224743,0.18972131799095948
57.664,TARGET_2,0.4389,0.17288,0.423911,0.189726,0.42949287338617465,0.18948195540924237
57.728,TARGET_2,0.439496,0.170391,0.43216,0.167286,0.43130133968486317,0.17147990749014333
57.792,TARGET_2,0.440092,0.167901,0.457464,0.154801,0.4511615630738712,0.15757219633476785
57.856,TARGET_2,0.440688,0.165412,0.45118,0.17235,0.4511396065458225,0.16858886245451468
57.92,TARGET_2,0.441284,0.162922,0.424269,0.154026,0.43036372182476845,0.1563320262150695
57.984,TARGET_2,0.44188,0.160432,0.431335,0.140806,0.43084168735225725,0.14303222236119448
58.048,TARGET_2,0.442476,0.157943,0.458503,0.161911,0.45219361719270373,0.15731439920750062
58.112,TARGET_2,0.443072,0.155453,0.441373,0.165947,0.4438976566267551,0.16392895300557767
58.176,TARGET_2,0.443668,0.152963,0.459305,0.143064,0.4556195594381074,0.14709977762061444
58.24,TARGET_2,0.444264,0.150474,0.452273,0.159367,0.45304468333359665,0.15640683912893188
58.304,TARGET_2,0.44486,0.147984,0.426561,0.164857,0.4327631935314726,0.16295896923105332
58.368,TARGET_2,0.445456,0.145494,0.455526,0.136123,0.4500793214449013,0.14144853739039562
58.432,TARGET_2,0.446052,0.143005,0.441689,0.135072,0.44353164800972433,0.1356370169624136
58.496,TARGET_2,0.446649,0.140515,0.466418,0.124893,0.4610025601791051,0.1263486430539901
58.56,TARGET_2,0.447245,0.138025,0.453414,0.124566,0.4551075722226288,0.12404521484106013
58.624,TARGET_2,0.447841,0.135536,0.452307,0.143125,0.4529380166191098,0.13863802943582984
58.688,TARGET_2,0.448437,0.133046,0.428549,0.114925,0.43413211086881487,0.11925522671434767
58.752,TARGET_2,0.449033,0.130557,0.465911,0.1172,0.458488092169127,0.11690322230661768
58.816,TARGET_2,0.449629,0.128067,0.467786,0.131113,0.46565283849634204,0.1277027540152
58.88,TARGET_2,0.450225,0.125577,0.463587,0.107585,0.46407382921752327,0.1112868539622234
58.944,TARGET_2,0.450821,0.123088,0.446462,0.119138,0.45054297854311687,0.11691973289052365
59.008,TARGET_2,0.451417,0.120598,0.448604,0.118993,0.449040080455578,0.11820003357670972
59.072,TARGET_2,0.452013,0.118108,0.460358,0.128705,0.4577204413159751,0.12641519094974843
59.136,TARGET_2,0.452609,0.115619,0.459439,0.135535,0.4590510007552103,0.13383320080512107
59.2,TARGET_2,0.453205,0.113129,0.43646,0.120867,0.441738580307819,0.12364262306683833
59.264,TARGET_2,0.453801,0.110639,0.443045,0.100872,0.4427273748228673,0.10515795187200565
59.328,TARGET_2,0.454397,0.10815,0.468762,0.120692,0.4627243219345282,0.11698100972164859
59.392,TARGET_2,0.454993,0.10566,0.453142,0.123387,0.45538106370948356,0.12198058182469679
59.456,TARGET_2,0.45559,0.103171,0.439027,0.114907,0.4428731277251303,0.11633660806302629
59.52,TARGET_2,0.456186,0.100681,0.45349,0.106323,0.4510320170179389,0.10809073533440597
59.584,TARGET_2,0.456782,0.098191,0.442585,0.094566,0.4446099576568746,0.09678852545983634
59.648,TARGET_2,0.457378,0.095702,0.446177,0.08295,0.44586596295242,0.0849145712073671
59.712,TARGET_2,0.457974,0.093212,0.459101,0.082696,0.45613221653474956,0.08211952920481284
59.776,TARGET_2,0.45857,0.090722,0.444896,0.096723,0.4475037932211579,0.09301394874153196
59.84,TARGET_2,0.459166,0.088233,0.468367,0.106961,0.4635058651704253,0.10384101455671338
59.904,TARGET_2,0.459762,0.085743,0.453228,0.066425,0.4557872854892607,0.07373764823273729
59.968,TARGET_2,0.460358,0.083253,0.451074,0.07731,0.4522441239444044,0.07567925779115996
60.032,TARGET_2,0.460954,0.080764,0.447923,0.076342,0.44897867169765915,0.0755143007751961
60.096,TARGET_2,0.46155,0.078274,0.474599,0.088647,0.46867921398532764,0.08544408520770859
60.16,TARGET_2,0.462146,0.075785,0.447181,0.091401,0.45218752949213087,0.0901647889714195
60.224,TARGET_2,0.462742,0.073295,0.463788,0.068469,0.4611813647146299,0.07268189730090109
60.288,TARGET_2,0.463338,0.070805,0.463935,0.057337,0.4634426559802165,0.05973507249342995
60.352,TARGET_2,0.463934,0.068316,0.456728,0.049539,0.4584273300335807,0.05064233951169356
60.416,TARGET_2,0.464531,0.065826,0.464127,0.065853,0.46288008685555904,0.06185917791854138
60.48,TARGET_2,0.465127,0.063336,0.465541,0.06753,0.46496387611161416,0.06592906450516706
60.544,TARGET_2,0.465723,0.060847,0.449998,0.064763,0.4535265326900576,0.0647933801607609
60.608,TARGET_2,0.466319,0.058357,0.462152,0.04369,0.46026470215885124,0.0475232182005117
60.672,TARGET_2,0.466915,0.055867,0.46836,0.073157,0.46647194540477377,0.06737557658185346
