time,target,true_x,true_z,meas_x,meas_z,est_x,est_z
0.064,TARGET_1,-0.597991,-0.498414,-0.580466,-0.498396,-0.580466,-0.498396
0.128,TARGET_1,-0.595981,-0.496827,-0.608131,-0.504857,-0.5957978100117379,-0.5019766551413641
0.192,TARGET_1,-0.593972,-0.495241,-0.595384,-0.500039,-0.5961573126899846,-0.5011829578316029
0.256,TARGET_1,-0.591963,-0.493655,-0.573057,-0.485567,-0.5859024491553645,-0.493960145559687
0.32,TARGET_1,-0.589954,-0.492069,-0.593465,-0.488317,-0.5890236760620178,-0.49078067291283767
0.384,TARGET_1,-0.587944,-0.490482,-0.602479,-0.479157,-0.5951900439618409,-0.48465209629945594
0.448,TARGET_1,-0.585935,-0.488896,-0.578422,-0.49131,-0.5879088426419794,-0.4865933532168413
0.512,TARGET_1,-0.583926,-0.48731,-0.601491,-0.507058,-0.5938728723789016,-0.4950166129737092
0.576,TARGET_1,-0.581916,-0.485723,-0.577481,-0.501569,-0.5868375818064943,-0.4977820380336098
0.64,TARGET_1,-0.579907,-0.484137,-0.599562,-0.492584,-0.5921858401429982,-0.49555028364560233
0.704,TARGET_1,-0.577898,-0.482551,-0.591843,-0.464702,-0.5921583320258054,-0.48213050801982543
0.768,TARGET_1,-0.575888,-0.480965,-0.578494,-0.497037,-0.5864360970387897,-0.48764006506251606
0.832,TARGET_1,-0.573879,-0.479378,-0.582158,-0.482975,-0.5844207919668623,-0.4851896042586363
0.896,TARGET_1,-0.57187,-0.477792,-0.575404,-0.490797,-0.5803535846333971,-0.4869685358050482
0.96,TARGET_1,-0.569861,-0.476206,-0.568996,-0.473903,-0.5751686144058807,-0.4811091805714514
1.024,TARGET_1,-0.567851,-0.474619,-0.580683,-0.45941,-0.5767651284664609,-0.4714840742792449
1.088,TARGET_1,-0.565842,-0.473033,-0.56831,-0.483843,-0.5727418630627014,-0.4754903611617594
1.152,TARGET_1,-0.563833,-0.471447,-0.550962,-0.484694,-0.5631615550816399,-0.478434232001633
1.216,TARGET_1,-0.561823,-0.469861,-0.561908,-0.456588,-0.5616017175877993,-0.4689243405548192
1.28,TARGET_1,-0.559814,-0.468274,-0.577093,-0.480818,-0.5668308885273945,-0.472759431309469
1.344,TARGET_1,-0.557805,-0.466688,-0.542923,-0.456964,-0.5564134490373793,-0.4656198144896169
1.408,TARGET_1,-0.555795,-0.465102,-0.567106,-0.465406,-0.5595920870454822,-0.46453847495513606
1.472,TARGET_1,-0.553786,-0.463515,-0.556277,-0.469418,-0.5573279091952849,-0.46552486485037803
1.536,TARGET_1,-0.551777,-0.461929,-0.564184,-0.445632,-0.5591166736028208,-0.456672568648518
1.6,TARGET_1,-0.549768,-0.460343,-0.534155,-0.451615,-0.5482905075604381,-0.45349319433148266
1.664,TARGET_1,-0.547758,-0.458756,-0.53963,-0.439301,-0.5436431695222496,-0.4466177439303117
1.728,TARGET_1,-0.545749,-0.45717,-0.52647,-0.443033,-0.5355025990918862,-0.44380385622186186
1.792,TARGET_1,-0.54374,-0.455584,-0.540836,-0.470961,-0.5361248141357108,-0.45323065280054564
1.856,TARGET_1,-0.54173,-0.453998,-0.526336,-0.448556,-0.5308325527079671,-0.4503898993806625
1.92,TARGET_1,-0.539721,-0.452411,-0.554252,-0.46298,-0.5386542670385802,-0.4543786990976232
1.984,TARGET_1,-0.537712,-0.450825,-0.530531,-0.457064,-0.5342898828307471,-0.4546263746891466
2.048,TARGET_1,-0.535702,-0.449239,-0.523352,-0.461648,-0.528720355196501,-0.45665370339923633
2.112,TARGET_1,-0.533693,-0.447652,-0.514969,-0.435031,-0.5219102688078714,-0.4474158943308442
2.176,TARGET_1,-0.531684,-0.446066,-0.521608,-0.438274,-0.5202821024722222,-0.44285137185534224
2.24,TARGET_1,-0.529675,-0.44448,-0.525169,-0.45512,-0.5207436626407309,-0.44668057857986004
2.304,TARGET_1,-0.527665,-0.442894,-0.520456,-0.42527,-0.5192525880502442,-0.4373389993821595
2.368,TARGET_1,-0.525656,-0.441307,-0.521725,-0.439771,-0.5188834378146462,-0.4371807134289571
2.432,TARGET_1,-0.523647,-0.439721,-0.512261,-0.427254,-0.5149723248898904,-0.4321806606572649
2.496,TARGET_1,-0.521637,-0.438135,-0.540771,-0.439799,-0.5238518709720036,-0.43402443929500295
2.56,TARGET_1,-0.519628,-0.436548,-0.508295,-0.427138,-0.5167224560770112,-0.43024974708532115
2.624,TARGET_1,-0.517619,-0.434962,-0.529451,-0.447988,-0.5206113180696439,-0.43616229227281517
2.688,TARGET_1,-0.515609,-0.433376,-0.531694,-0.447226,-0.5240465696395475,-0.43969605549415675
2.752,TARGET_1,-0.5136,-0.43179,-0.496391,-0.427682,-0.5123087892178313,-0.43425738918557816
2.816,TARGET_1,-0.511591,-0.430203,-0.525437,-0.425299,-0.516367039897071,-0.4298816322499656
2.88,TARGET_1,-0.509582,-0.428617,-0.497164,-0.436381,-0.5078248402368144,-0.43152471153343586
2.944,TARGET_1,-0.507572,-0.427031,-0.495307,-0.425723,-0.5016913152417013,-0.4284055708339652
3.008,TARGET_1,-0.505563,-0.425444,-0.494759,-0.444335,-0.49762657599299953,-0.433830547775548
3.072,TARGET_1,-0.503554,-0.423858,-0.487869,-0.42553,-0.4923792466095608,-0.42989750058738774
3.136,TARGET_1,-0.501544,-0.422272,-0.495053,-0.408131,-0.49195245554880107,-0.42053609731492775
3.2,TARGET_1,-0.499535,-0.420686,-0.483429,-0.435521,-0.4871624440167717,-0.4254458865127981
3.264,TARGET_1,-0.497526,-0.419099,-0.517275,-0.399303,-0.497582416754906,-0.414300863364463
3.328,TARGET_1,-0.495516,-0.417513,-0.484008,-0.436348,-0.4911498171932114,-0.4218954813165316
3.392,TARGET_1,-0.493507,-0.415927,-0.479479,-0.427908,-0.48531140881556784,-0.4234659315414511
3.456,TARGET_1,-0.491498,-0.41434,-0.476308,-0.409623,-0.4803986952270123,-0.41727699867451346
3.52,TARGET_1,-0.489489,-0.412754,-0.47901,-0.401126,-0.4784084752252895,-0.41000402482700365
3.584,TARGET_1,-0.487479,-0.411168,-0.469683,-0.424001,-0.47352807536864683,-0.41446450568014886
3.648,TARGET_1,-0.48547,-0.409582,-0.467975,-0.41686,-0.4698174832298246,-0.4145461861233374
3.712,TARGET_1,-0.483461,-0.407995,-0.489111,-0.416275,-0.47589861480996115,-0.41441557488838987
3.776,TARGET_1,-0.481451,-0.406409,-0.48371,-0.392319,-0.4777301687448544,-0.4048979196326598
3.84,TARGET_1,-0.479442,-0.404823,-0.483154,-0.38747,-0.4787500737636975,-0.3969476459308858
3.904,TARGET_1,-0.477433,-0.403236,-0.474247,-0.387622,-0.4759397735839646,-0.3919925602631607
3.968,TARGET_1,-0.475423,-0.40165,-0.466931,-0.413948,-0.4713088152208563,-0.39931853187278116
4.032,TARGET_1,-0.473414,-0.400064,-0.478788,-0.384385,-0.4731048379770905,-0.39237287674293514
4.096,TARGET_1,-0.471405,-0.398477,-0.460094,-0.393478,-0.46691935613769514,-0.39159598830125353
4.16,TARGET_1,-0.469396,-0.396891,-0.483171,-0.399317,-0.4721611734602461,-0.3934789157932778
4.224,TARGET_1,-0.467386,-0.395305,-0.459783,-0.406353,-0.46631925777111444,-0.3975308591186979
4.288,TARGET_1,-0.465377,-0.393719,-0.470335,-0.412813,-0.466818877240368,-0.40273202311854395
4.352,TARGET_1,-0.463368,-0.392132,-0.448606,-0.411472,-0.4586010160343093,-0.4055688601244687
4.416,TARGET_1,-0.461358,-0.390546,-0.465795,-0.392547,-0.4602140046287707,-0.39992608660205414
4.48,TARGET_1,-0.459349,-0.38896,-0.477602,-0.397436,-0.4659848726442591,-0.3982864121911681
4.544,TARGET_1,-0.45734,-0.387373,-0.458107,-0.372071,-0.46201685193099634,-0.3872399646052272
4.608,TARGET_1,-0.45533,-0.385787,-0.464209,-0.388639,-0.4619464025384108,-0.3867826380611107
4.672,TARGET_1,-0.453321,-0.384201,-0.434339,-0.384402,-0.45013503075497197,-0.3848710572210661
4.736,TARGET_1,-0.451312,-0.382615,-0.465242,-0.386371,-0.4548735931640327,-0.3844845268209198
4.8,TARGET_1,-0.449303,-0.381028,-0.450539,-0.370617,-0.45215016058640134,-0.37805930972792645
4.864,TARGET_1,-0.447293,-0.379442,-0.464848,-0.364901,-0.45613032724356317,-0.3717491089291252
4.928,TARGET_1,-0.445284,-0.377856,-0.457198,-0.383452,-0.45570262455514915,-0.3751236705828337
4.992,TARGET_1,-0.443275,-0.376269,-0.437484,-0.362576,-0.44767695472341557,-0.369088040485665
5.056,TARGET_1,-0.441265,-0.374683,-0.43973,-0.365891,-0.4434887850343812,-0.3666073784069741
5.12,TARGET_1,-0.439256,-0.373097,-0.445886,-0.387914,-0.4433099686156571,-0.3738064097222856
5.184,TARGET_1,-0.437247,-0.371511,-0.433933,-0.384759,-0.43852965629824675,-0.37722246323577885
5.248,TARGET_1,-0.435237,-0.369924,-0.454031,-0.380695,-0.4434909189585022,-0.3778465037829786
5.312,TARGET_1,-0.433228,-0.368338,-0.416458,-0.359317,-0.4318567571456025,-0.3698281616633883
5.376,TARGET_1,-0.431219,-0.366752,-0.415111,-0.348064,-0.4239503800057408,-0.3602960494640757
5.44,TARGET_1,-0.42921,-0.365165,-0.430282,-0.364861,-0.42497856096043857,-0.36090965029969413
5.504,TARGET_1,-0.4272,-0.363579,-0.434502,-0.355611,-0.4273876828177696,-0.35770835061566597
5.568,TARGET_1,-0.425191,-0.361993,-0.425171,-0.351305,-0.4253097838281461,-0.35402327713668874
5.632,TARGET_1,-0.423182,-0.360407,-0.407731,-0.373478,-0.4171503405314133,-0.36050920982686585
5.696,TARGET_1,-0.421172,-0.35882,-0.413151,-0.356785,-0.4141544074792565,-0.3581122969145865
5.76,TARGET_1,-0.419163,-0.357234,-0.413444,-0.337439,-0.4124375080799164,-0.3489794631652252
5.824,TARGET_1,-0.417154,-0.355648,-0.418984,-0.336247,-0.4136144010681541,-0.3427318660821939
5.888,TARGET_1,-0.415144,-0.354061,-0.421378,-0.345011,-0.41539235180492634,-0.3422797406212896
5.952,TARGET_1,-0.413135,-0.352475,-0.425624,-0.365043,-0.41828003767997785,-0.3499935062655899
6.016,TARGET_1,-0.411126,-0.350889,-0.395324,-0.34653,-0.40819949023720375,-0.3476647713942353
6.08,TARGET_1,-0.409117,-0.349303,-0.394692,-0.337522,-0.4015710428025101,-0.34266794970623426
6.144,TARGET_1,-0.407107,-0.347716,-0.391103,-0.331258,-0.3959921777884412,-0.337055235426657
6.208,TARGET_1,-0.405098,-0.34613,-0.401948,-0.360628,-0.3968030873171625,-0.3451554166116473
6.272,TARGET_1,-0.403089,-0.344544,-0.40953,-0.328468,-0.4004076418088111,-0.3376698050054455
6.336,TARGET_1,-0.401079,-0.342957,-0.407755,-0.362491,-0.40208659960348375,-0.34640348627663514
6.4,TARGET_1,-0.39907,-0.341371,-0.404381,-0.343546,-0.40189233697412535,-0.34454327876143065
6.464,TARGET_1,-0.397061,-0.339785,-0.382549,-0.356021,-0.3931918776137802,-0.3483330033275505
6.528,TARGET_1,-0.395051,-0.338198,-0.405371,-0.349075,-0.3967273462446791,-0.3480458999721523
6.592,TARGET_1,-0.393042,-0.336612,-0.387309,-0.3175,-0.39190950149025566,-0.33540177358452217
6.656,TARGET_1,-0.391033,-0.335026,-0.396109,-0.330935,-0.3923775715620943,-0.33267825830531766
6.72,TARGET_1,-0.389024,-0.33344,-0.409022,-0.320183,-0.39785284577234803,-0.3267392640759282
6.784,TARGET_1,-0.387014,-0.331853,-0.38708,-0.3494,-0.39272823359618686,-0.33456483100067974
6.848,TARGET_1,-0.385005,-0.330267,-0.391159,-0.322882,-0.3911196108636275,-0.3291315022303613
6.912,TARGET_1,-0.382996,-0.328681,-0.363604,-0.335222,-0.37924546593005043,-0.330591628922702
6.976,TARGET_1,-0.380986,-0.327094,-0.379135,-0.333565,-0.377866898248683,-0.33092140440571083
7.04,TARGET_1,-0.378977,-0.325508,-0.388811,-0.340733,-0.3808905896817384,-0.33401573155720743
7.104,TARGET_1,-0.376968,-0.323922,-0.380784,-0.307949,-0.3797180001810044,-0.3230632709283279
7.168,TARGET_1,-0.374958,-0.322336,-0.381606,-0.325935,-0.3793583433466128,-0.3232248155820363
7.232,TARGET_1,-0.372949,-0.320749,-0.381826,-0.303097,-0.3792780540057336,-0.3143462597077527
7.296,TARGET_1,-0.37094,-0.319163,-0.369639,-0.319596,-0.3744641036140142,-0.31525873542780153
7.36,TARGET_1,-0.368931,-0.317577,-0.356334,-0.326005,-0.3661830776510716,-0.3184425660776006
7.424,TARGET_1,-0.366921,-0.31599,-0.377277,-0.31534,-0.3692461986654192,-0.31631499041139677
7.488,TARGET_1,-0.364912,-0.314404,-0.352206,-0.317198,-0.3613559670283739,-0.31574272372356926
7.552,TARGET_1,-0.362903,-0.312818,-0.348564,-0.302745,-0.35494307835741107,-0.3097105435165905
7.616,TARGET_1,-0.360893,-0.311232,-0.371632,-0.309329,-0.36005317857551544,-0.30851531830543527
7.68,TARGET_1,-0.358884,-0.309645,-0.345201,-0.313436,-0.35294080486281076,-0.3094361684963077
7.744,TARGET_1,-0.356875,-0.308059,-0.366559,-0.320768,-0.3569213057784424,-0.31298276229270044
7.808,TARGET_1,-0.354865,-0.306473,-0.339504,-0.322173,-0.3488361971037949,-0.3158551970379897
7.872,TARGET_1,-0.352856,-0.304886,-0.34917,-0.304192,-0.34756716077630034,-0.31061696876877687
7.936,TARGET_1,-0.350847,-0.3033,-0.362385,-0.322956,-0.35206479416424313,-0.3147329256455096
8.0,TARGET_1,-0.348838,-0.301714,-0.33734,-0.310191,-0.34510269797947696,-0.312352431714183
8.064,TARGET_1,-0.346828,-0.300128,-0.366303,-0.300104,-0.35218263240918424,-0.30687455532674246
8.128,TARGET_1,-0.344819,-0.298541,-0.335115,-0.305848,-0.344434985965021,-0.3056862776939481
8.192,TARGET_1,-0.34281,-0.296955,-0.323253,-0.294365,-0.334852013200398,-0.3004282089134103
8.256,TARGET_1,-0.3408,-0.295369,-0.348175,-0.288339,-0.3386638022462088,-0.29473138085408435
8.32,TARGET_1,-0.338791,-0.293782,-0.357722,-0.283998,-0.34495650877076406,-0.28942879309888153
8.384,TARGET_1,-0.336782,-0.292196,-0.354306,-0.29353,-0.34769173089263666,-0.28987508214108637
8.448,TARGET_1,-0.334772,-0.29061,-0.354658,-0.280868,-0.34963113305879473,-0.2852160386869861
8.512,TARGET_1,-0.332763,-0.289024,-0.348863,-0.299566,-0.3486220543802743,-0.2897021067523044
8.576,TARGET_1,-0.330754,-0.287437,-0.322445,-0.281548,-0.3375645997123684,-0.28550329401952007
8.64,TARGET_1,-0.328745,-0.285851,-0.34525,-0.305464,-0.3395693438971357,-0.2923408733254559
8.704,TARGET_1,-0.326735,-0.284265,-0.310867,-0.273401,-0.3273026729460263,-0.28407836005552567
8.768,TARGET_1,-0.324726,-0.282678,-0.330374,-0.264708,-0.3272424336435456,-0.2754079419764776
8.832,TARGET_1,-0.322717,-0.281092,-0.324082,-0.295683,-0.32478610446150974,-0.282186248136069
8.896,TARGET_1,-0.320707,-0.279506,-0.335129,-0.273852,-0.3276570717213594,-0.27794479952503504
8.96,TARGET_1,-0.318698,-0.277919,-0.308579,-0.275632,-0.3190530760970614,-0.2759948376359704
9.024,TARGET_1,-0.316689,-0.276333,-0.299849,-0.296094,-0.3101661755283304,-0.28290471035341114
9.088,TARGET_1,-0.314679,-0.274747,-0.29616,-0.279567,-0.3031064101331219,-0.2808346025169857
9.152,TARGET_1,-0.31267,-0.273161,-0.294795,-0.259886,-0.29814537753524784,-0.2717680578226793
9.216,TARGET_1,-0.310661,-0.271574,-0.301904,-0.25897,-0.29788563875396756,-0.26566212439236075
9.28,TARGET_1,-0.308652,-0.269988,-0.295606,-0.252524,-0.2953261046350155,-0.2592727347415857
9.344,TARGET_1,-0.306642,-0.268402,-0.297132,-0.251595,-0.29438935186229687,-0.2548937389635387
9.408,TARGET_1,-0.304633,-0.266815,-0.313777,-0.248739,-0.30047032585738037,-0.2510439614221595
9.472,TARGET_1,-0.302624,-0.265229,-0.297381,-0.277552,-0.2979537413808024,-0.26006682277773213
9.536,TARGET_1,-0.300614,-0.263643,-0.282127,-0.254295,-0.2903845054565344,-0.2567063158415502
9.6,TARGET_1,-0.298605,-0.262057,-0.28537,-0.2504,-0.28690969813920225,-0.2530806703591997
9.664,TARGET_1,-0.296596,-0.26047,-0.295269,-0.264574,-0.2886923464337552,-0.2564382982100079
9.728,TARGET_1,-0.294586,-0.258884,-0.288969,-0.263251,-0.28742320346844946,-0.25812492631361844
9.792,TARGET_1,-0.292577,-0.257298,-0.285073,-0.23818,-0.2851490663583996,-0.2493382195973049
9.856,TARGET_1,-0.290568,-0.255711,-0.294168,-0.24985,-0.2873717478421665,-0.2483975002059051
9.92,TARGET_1,-0.288559,-0.254125,-0.291141,-0.245531,-0.2876684651836049,-0.246152389464404
9.984,TARGET_1,-0.286549,-0.252539,-0.273047,-0.260678,-0.28076565435300105,-0.25077511868271746
10.048,TARGET_1,-0.28454,-0.250953,-0.286273,-0.232442,-0.2816556200555543,-0.2426167288271179
10.112,TARGET_1,-0.282531,-0.249366,-0.286744,-0.234042,-0.282482547034157,-0.23809312630457657
10.176,TARGET_1,-0.280521,-0.24778,-0.276934,-0.238736,-0.27919549916566233,-0.23712658372319065
10.24,TARGET_1,-0.278512,-0.246194,-0.263419,-0.262173,-0.27181116309931597,-0.24585178185587728
10.304,TARGET_1,-0.276503,-0.244607,-0.278728,-0.231824,-0.27321934279737026,-0.23947934787277042
10.368,TARGET_1,-0.274493,-0.243021,-0.291234,-0.232312,-0.27914124706374205,-0.23565110160544736
10.432,TARGET_1,-0.272484,-0.241435,-0.28686,-0.235306,-0.28125835764509327,-0.2344479693743453
10.496,TARGET_1,-0.270475,-0.239849,-0.266309,-0.242813,-0.27453084462282673,-0.23671033111908726
10.56,TARGET_1,-0.268466,-0.238262,-0.281611,-0.232557,-0.2763369771420656,-0.23415524371954108
10.624,TARGET_1,-0.266456,-0.236676,-0.2557,-0.234229,-0.26729341246054855,-0.2332371585700767
10.688,TARGET_1,-0.264447,-0.23509,-0.268803,-0.245334,-0.266754790747217,-0.23709840541149305
10.752,TARGET_1,-0.262438,-0.233503,-0.255363,-0.235411,-0.2611569572911611,-0.23568877846168243
10.816,TARGET_1,-0.260428,-0.231917,-0.275269,-0.227353,-0.26552150000430874,-0.2316423597223167
10.88,TARGET_1,-0.258419,-0.230331,-0.263124,-0.224596,-0.263570470678657,-0.22801069677540492
10.944,TARGET_1,-0.25641,-0.228745,-0.259321,-0.212901,-0.26087672437988674,-0.22111257637512532
11.008,TARGET_1,-0.2544,-0.227158,-0.266649,-0.245511,-0.2621137421831822,-0.2296642206037034
11.072,TARGET_1,-0.252391,-0.225572,-0.256219,-0.240412,-0.2588352935889682,-0.23316720319360684
11.136,TARGET_1,-0.250382,-0.223986,-0.266411,-0.218453,-0.2608285851617437,-0.22675665018994298
11.2,TARGET_1,-0.248373,-0.222399,-0.238639,-0.211073,-0.25116863091541036,-0.21977775293610027
11.264,TARGET_1,-0.246363,-0.220813,-0.253658,-0.206393,-0.2509947982265073,-0.21351479699462786
11.328,TARGET_1,-0.244354,-0.219227,-0.252149,-0.202413,-0.2503519261063384,-0.2079966954656773
11.392,TARGET_1,-0.242345,-0.21764,-0.223383,-0.216069,-0.23862135158110892,-0.20994111630018025
11.456,TARGET_1,-0.240335,-0.216054,-0.225661,-0.196899,-0.23209460113684266,-0.2036673823663002
11.52,TARGET_1,-0.238326,-0.214468,-0.222298,-0.214073,-0.22667652795428386,-0.20652079147998825
11.584,TARGET_1,-0.236317,-0.212882,-0.21692,-0.225527,-0.22117688872254002,-0.21294529676883803
11.648,TARGET_1,-0.234307,-0.211295,-0.231793,-0.197952,-0.2236435275905278,-0.20619690733320178
11.712,TARGET_1,-0.232298,-0.209709,-0.212959,-0.206414,-0.21786330969798906,-0.20528347693070945
11.776,TARGET_1,-0.230289,-0.208123,-0.24591,-0.202299,-0.22729904021349764,-0.20312841176760218
11.84,TARGET_1,-0.22828,-0.206536,-0.245569,-0.198401,-0.2332804322737228,-0.200265252225763
11.904,TARGET_1,-0.22627,-0.20495,-0.224309,-0.199844,-0.22875644029468942,-0.19906446331611286
11.968,TARGET_1,-0.224261,-0.203364,-0.221774,-0.189635,-0.22492049216902837,-0.19431667317026496
12.032,TARGET_1,-0.222252,-0.201778,-0.240244,-0.217555,-0.2298404951435342,-0.20239062352030596
12.096,TARGET_1,-0.220242,-0.200191,-0.229296,-0.181172,-0.2287133649675987,-0.19321136845191714
12.16,TARGET_1,-0.218233,-0.198605,-0.223521,-0.18772,-0.22576014116929705,-0.189987157851433
12.224,TARGET_1,-0.216224,-0.197019,-0.197022,-0.205566,-0.21344056410663037,-0.19504951005055
12.288,TARGET_1,-0.214214,-0.195432,-0.218477,-0.214057,-0.21411951271491556,-0.20170249239031274
12.352,TARGET_1,-0.212205,-0.193846,-0.23048,-0.200462,-0.219376086935844,-0.20061869230511856
12.416,TARGET_1,-0.210196,-0.19226,-0.196943,-0.172788,-0.20952998072816256,-0.18901026359392556
12.48,TARGET_1,-0.208187,-0.190674,-0.222294,-0.177192,-0.21333051548619822,-0.18337664684772675
12.544,TARGET_1,-0.206177,-0.189087,-0.186211,-0.208756,-0.2015494725556946,-0.1923236796744821
12.608,TARGET_1,-0.204168,-0.187501,-0.217669,-0.204372,-0.2065358629218358,-0.1963615421504112
12.672,TARGET_1,-0.202159,-0.185915,-0.19201,-0.166495,-0.1996442756198116,-0.1839928715748636
12.736,TARGET_1,-0.200149,-0.184328,-0.214846,-0.166487,-0.20434536157201158,-0.1761257124184889
12.8,TARGET_1,-0.19814,-0.182742,-0.196468,-0.196341,-0.2001482127414339,-0.18296950390983813
12.864,TARGET_1,-0.196131,-0.181156,-0.200582,-0.177493,-0.1991577133894716,-0.1799451484684816
12.928,TARGET_1,-0.194121,-0.17957,-0.191081,-0.175516,-0.19483149125966973,-0.17728064772372928
12.992,TARGET_1,-0.192112,-0.177983,-0.180611,-0.169405,-0.1879908665236108,-0.17321318162321706
13.056,TARGET_1,-0.190103,-0.176397,-0.204689,-0.18423,-0.19321984227847877,-0.17653630622547414
13.12,TARGET_1,-0.188094,-0.174811,-0.205115,-0.175897,-0.19680357726635492,-0.17541854972085186
13.184,TARGET_1,-0.186084,-0.173224,-0.166433,-0.156766,-0.1838486433243399,-0.1671840046496609
13.248,TARGET_1,-0.184075,-0.171638,-0.189192,-0.190887,-0.1846374098382953,-0.175476792953621
13.312,TARGET_1,-0.182066,-0.170052,-0.163738,-0.187581,-0.1751438451652992,-0.1795230789977729
13.376,TARGET_1,-0.180056,-0.168466,-0.168328,-0.16214,-0.17096904962499415,-0.17208119967009342
13.44,TARGET_1,-0.178047,-0.166879,-0.175269,-0.172393,-0.17113376033835914,-0.17141959352640915
13.504,TARGET_1,-0.176038,-0.165293,-0.188865,-0.159858,-0.17670493815742297,-0.1660816115614905
13.568,TARGET_1,-0.174028,-0.163707,-0.158905,-0.14428,-0.16848779147967574,-0.15655341032323136
13.632,TARGET_1,-0.172019,-0.16212,-0.153461,-0.160267,-0.16115469958340353,-0.15684791561074285
13.696,TARGET_1,-0.17001,-0.160534,-0.17471,-0.144775,-0.16495971207059215,-0.1509721314175424
13.76,TARGET_1,-0.168001,-0.158948,-0.181575,-0.164224,-0.17019243616962612,-0.1549789070276895
13.824,TARGET_1,-0.165991,-0.157361,-0.182898,-0.149955,-0.17413143231874836,-0.1519600735487721
13.888,TARGET_1,-0.163982,-0.155775,-0.16492,-0.170803,-0.1695934233859864,-0.15834019481731446
13.952,TARGET_1,-0.161973,-0.154189,-0.156801,-0.171534,-0.1635345135584826,-0.16276238325171516
14.016,TARGET_1,-0.159963,-0.152603,-0.157941,-0.165884,-0.16017422948526516,-0.16339440213784892
14.08,TARGET_1,-0.157954,-0.151016,-0.150845,-0.13296,-0.15528611761530153,-0.15080445485048313
14.144,TARGET_1,-0.155945,-0.14943,-0.163284,-0.165757,-0.1571551382886281,-0.15577606013277542
14.208,TARGET_1,-0.153935,-0.147844,-0.163509,-0.160513,-0.15851002404304942,-0.15692765645535064
14.272,TARGET_1,-0.151926,-0.146257,-0.152256,-0.155709,-0.15498748089145242,-0.15580253144858708
14.336,TARGET_1,-0.149917,-0.144671,-0.155301,-0.129389,-0.15400279103986775,-0.14470628173557018
14.4,TARGET_1,-0.147908,-0.143085,-0.160306,-0.123622,-0.15541697144104274,-0.1353778868887936
14.464,TARGET_1,-0.145898,-0.141499,-0.141723,-0.144803,-0.14902749942209592,-0.13785980318835556
14.528,TARGET_1,-0.143889,-0.139912,-0.137482,-0.148566,-0.14332560443849085,-0.14100310130819554
14.592,TARGET_1,-0.14188,-0.138326,-0.16124,-0.158072,-0.14915030527295758,-0.14683225126646524
14.656,TARGET_1,-0.13987,-0.13674,-0.153909,-0.144383,-0.1500385873932229,-0.1451885936595766
14.72,TARGET_1,-0.137861,-0.135153,-0.11825,-0.117718,-0.13655205104440474,-0.1336266309205296
14.784,TARGET_1,-0.135852,-0.133567,-0.120252,-0.138299,-0.1287867590692722,-0.1344289468706727
14.848,TARGET_1,-0.133842,-0.131981,-0.141058,-0.135564,-0.13213658464646055,-0.13391773525699938
14.912,TARGET_1,-0.131833,-0.130395,-0.14319,-0.1245,-0.13520304531625643,-0.1292676526879444
14.976,TARGET_1,-0.129824,-0.128808,-0.134828,-0.147817,-0.1339252314067344,-0.1355774336337797
15.04,TARGET_1,-0.127815,-0.127222,-0.115875,-0.132739,-0.12567383168772078,-0.13369688212139122
15.104,TARGET_1,-0.125805,-0.125636,-0.129572,-0.111166,-0.12588889489442084,-0.12400316016130541
15.168,TARGET_1,-0.123796,-0.124049,-0.143414,-0.111922,-0.13157777853231584,-0.11815853104071576
15.232,TARGET_1,-0.121787,-0.122463,-0.103106,-0.133883,-0.11933008855109165,-0.1231771994526742
15.296,TARGET_1,-0.119777,-0.120877,-0.123327,-0.108703,-0.11956854125839123,-0.11648513977184066
15.36,TARGET_1,-0.117768,-0.119291,-0.119024,-0.101905,-0.11809366916907789,-0.10957800954192025
15.424,TARGET_1,-0.115759,-0.117704,-0.121021,-0.10108,-0.11801323837003161,-0.10490671681940633
15.488,TARGET_1,-0.113749,-0.116118,-0.099663,-0.119941,-0.1095806760610572,-0.10946147711127477
15.552,TARGET_1,-0.11174,-0.114532,-0.100258,-0.126989,-0.1044994485273025,-0.1152359251485336
15.616,TARGET_1,-0.109731,-0.112945,-0.114075,-0.127548,-0.10680145119105239,-0.11920824358893083
15.68,TARGET_1,-0.107722,-0.111359,-0.088622,-0.107893,-0.09828326168043454,-0.1140173244651497
15.744,TARGET_1,-0.105712,-0.109773,-0.100995,-0.090244,-0.09781628179504473,-0.10376075777626778
15.808,TARGET_1,-0.103703,-0.108187,-0.097992,-0.127382,-0.0964165823391665,-0.11195640448005939
15.872,TARGET_1,-0.101694,-0.1066,-0.106808,-0.125592,-0.09909405768154686,-0.1165441750555416
15.936,TARGET_1,-0.099684,-0.105014,-0.080002,-0.12476,-0.09027722194638388,-0.11918877849358293
16.0,TARGET_1,-0.097675,-0.103428,-0.078521,-0.084288,-0.08413438756256579,-0.1048970741642556
16.064,TARGET_1,-0.095666,-0.101841,-0.07652,-0.083647,-0.07950548591474836,-0.09554809435148119
16.128,TARGET_1,-0.093656,-0.100255,-0.091729,-0.10627,-0.08265956743913677,-0.09858490669866456
16.192,TARGET_1,-0.091647,-0.098669,-0.085113,-0.115568,-0.08214964269603968,-0.10427012282075068
16.256,TARGET_1,-0.089638,-0.097082,-0.093585,-0.111797,-0.0852595975430625,-0.1064651049539008
16.32,TARGET_1,-0.087629,-0.095496,-0.079511,-0.078541,-0.08175548906152749,-0.09475156772654093
16.384,TARGET_1,-0.085619,-0.09391,-0.080766,-0.107551,-0.08008451263187619,-0.09879073085028632
16.448,TARGET_1,-0.08361,-0.092324,-0.065082,-0.090685,-0.07288406198299584,-0.09475310825106224
16.512,TARGET_1,-0.081601,-0.090737,-0.072448,-0.107728,-0.07127363161115362,-0.09896609715704645
16.576,TARGET_1,-0.079591,-0.089151,-0.089302,-0.098799,-0.07699528943522974,-0.09817404958925176
16.64,TARGET_1,-0.077582,-0.087565,-0.078269,-0.070133,-0.07636133105261225,-0.0863668130108197
16.704,TARGET_1,-0.075573,-0.085978,-0.087211,-0.101967,-0.07955880893845511,-0.09146622738615501
16.768,TARGET_1,-0.073563,-0.084392,-0.061298,-0.087277,-0.07140818846198486,-0.08896905879182686
16.832,TARGET_1,-0.071554,-0.082806,-0.081899,-0.070143,-0.07440898420523119,-0.08064277796677922
16.896,TARGET_1,-0.069545,-0.08122,-0.056007,-0.072458,-0.06614420510467778,-0.07629339217970389
16.96,TARGET_1,-0.067536,-0.079633,-0.059965,-0.077752,-0.06249015146516767,-0.07567433924204185
17.024,TARGET_1,-0.065526,-0.078047,-0.08124,-0.060872,-0.06864377741022126,-0.06866742428502548
17.088,TARGET_1,-0.063517,-0.076461,-0.081989,-0.092278,-0.07293918033772022,-0.07668618524045423
17.152,TARGET_1,-0.061508,-0.074874,-0.048175,-0.085694,-0.06235691047160069,-0.07927388049363747
17.216,TARGET_1,-0.059498,-0.073288,-0.067992,-0.057862,-0.0634873988362179,-0.06996803605668006
17.28,TARGET_1,-0.057489,-0.071702,-0.063304,-0.069177,-0.06241586984917609,-0.06855203564859848
17.344,TARGET_1,-0.05548,-0.070116,-0.057919,-0.073896,-0.059657358561615643,-0.06957742193177872
17.408,TARGET_1,-0.05347,-0.068529,-0.046388,-0.048744,-0.053389092978218894,-0.06034109524899935
17.472,TARGET_1,-0.051461,-0.066943,-0.067102,-0.068607,-0.05764132707286343,-0.06236068066019804
17.536,TARGET_1,-0.049452,-0.065357,-0.06344,-0.058087,-0.05897257694509466,-0.05955761541970589
17.6,TARGET_1,-0.047443,-0.06377,-0.05672,-0.047668,-0.05721752889684156,-0.05370837546664912
17.664,TARGET_1,-0.045433,-0.062184,-0.054682,-0.06325,-0.055339453143075985,-0.05620459551483576
17.728,TARGET_1,-0.043424,-0.060598,-0.059282,-0.077778,-0.05600997750781299,-0.06361827947000205
17.792,TARGET_1,-0.041415,-0.059012,-0.037521,-0.073736,-0.04787765613323982,-0.06681426104372491
17.856,TARGET_1,-0.039405,-0.057425,-0.059085,-0.045258,-0.05126506391355956,-0.0576315711434783
17.92,TARGET_1,-0.037396,-0.055839,-0.024515,-0.068587,-0.039807575081719386,-0.06103771191572601
17.984,TARGET_1,-0.035387,-0.054253,-0.027691,-0.069649,-0.03379996835261761,-0.06368430048097702
18.048,TARGET_1,-0.033377,-0.052666,-0.016343,-0.057488,-0.02554336414071911,-0.06060457468119625
18.112,TARGET_1,-0.031368,-0.05108,-0.034385,-0.052305,-0.027487816514392367,-0.056623287046082264
18.176,TARGET_1,-0.029359,-0.049494,-0.029771,-0.036859,-0.026990699349955467,-0.04800958962862806
18.24,TARGET_1,-0.02735,-0.047908,-0.031658,-0.039982,-0.027498785159762493,-0.04379173834385312
18.304,TARGET_1,-0.02534,-0.046321,-0.040622,-0.040944,-0.03144522784176544,-0.041538670800959486
18.368,TARGET_1,-0.023331,-0.044735,-0.035661,-0.043438,-0.03207137928747339,-0.04115067938439066
18.432,TARGET_1,-0.021322,-0.043149,-0.001748,-0.047911,-0.01911103665784267,-0.042736965415365986
18.496,TARGET_1,-0.019312,-0.041562,-0.021685,-0.031022,-0.01878110334120057,-0.03712811966906669
18.56,TARGET_1,-0.017303,-0.039976,-0.015995,-0.020939,-0.016394924167346194,-0.02961309105970654
18.624,TARGET_1,-0.015294,-0.03839,-0.014624,-0.05727,-0.014401530190374634,-0.039253948556214675
18.688,TARGET_1,-0.013284,-0.036804,-0.024174,-0.04432,-0.016980546735327322,-0.0403569699486099
18.752,TARGET_1,-0.011275,-0.035217,-0.014446,-0.046497,-0.014850008580954536,-0.04197311773564665
18.816,TARGET_1,-0.009266,-0.033631,-0.008025,-0.034543,-0.011012842290060275,-0.03832052042005167
18.88,TARGET_1,-0.007257,-0.032045,0.003341,-0.031396,-0.004130206959102249,-0.03478392685036692
18.944,TARGET_1,-0.005247,-0.030458,0.011808,-0.026398,0.0035455598378178153,-0.0305937064643958
19.008,TARGET_1,-0.003238,-0.028872,0.012215,-0.046623,0.008529078620451318,-0.03597068364274834
19.072,TARGET_1,-0.001229,-0.027286,-0.017192,-0.034059,-1.2943393966444172e-05,-0.034485834592580575
19.136,TARGET_1,0.000781,-0.025699,-0.015824,-0.037397,-0.0050160267152420425,-0.0348997810516583
19.2,TARGET_1,0.00279,-0.024113,-0.007373,-0.007187,-0.004936109843765049,-0.023252085817539334
19.264,TARGET_1,0.004799,-0.022527,0.024279,-0.023095,0.007581947324546531,-0.022150109894037335
19.328,TARGET_1,0.006809,-0.020941,0.0061,-0.002022,0.008325380376359692,-0.013167074066708855
19.392,TARGET_1,0.008818,-0.019354,-0.009845,-0.03584,0.002416062322748989,-0.02087146498568962
19.456,TARGET_1,0.010827,-0.017768,0.007294,-0.007472,0.005353635514609243,-0.014635874030085231
19.52,TARGET_1,0.012836,-0.016182,-0.003444,-0.034098,0.0029232659636689627,-0.021243477290756402
19.584,TARGET_1,0.014846,-0.014595,0.026525,-0.026209,0.013170924550328993,-0.022401114395673834
19.648,TARGET_1,0.016855,-0.013009,0.004877,-0.031273,0.011095318346191738,-0.025189136499903224
19.712,TARGET_1,0.018864,-0.011423,0.012397,-0.010764,0.012678119659322563,-0.018894418305319752
19.776,TARGET_1,0.020874,-0.009837,0.017688,0.000703,0.015721916632112837,-0.0103722433470264
19.84,TARGET_1,0.022883,-0.00825,0.028833,-0.014623,0.022014922168876423,-0.011039829399831055
19.904,TARGET_1,0.024892,-0.006664,0.03827,0.012771,0.02970363739399016,-0.0006838043536136398
19.968,TARGET_1,0.026902,-0.005078,0.017103,0.001687,0.026165398381054198,0.0014882554278774379
20.032,TARGET_1,0.028911,-0.003491,0.03514,-0.014845,0.030962356637932342,-0.003736037219501204
20.096,TARGET_1,0.03092,-0.001905,0.042857,-0.010506,0.037007661963836716,-0.005423524773368864
20.16,TARGET_1,0.032929,-0.000319,0.031588,0.018772,0.03633223486522051,0.005028247604502729
20.224,TARGET_1,0.034939,0.001267,0.028156,0.015899,0.034460534987999634,0.010513506201630225
20.288,TARGET_1,0.036948,0.002854,0.040207,0.011625,0.03795745765713645,0.012257073402717642
20.352,TARGET_1,0.038957,0.00444,0.048504,0.012667,0.043403714879004573,0.013708982677307299
20.416,TARGET_1,0.040967,0.006026,0.042419,0.000226,0.0444007949418606,0.009640597097687914
20.48,TARGET_1,0.042976,0.007613,0.034878,-0.009849,0.04197545447174498,0.002986055225254438
20.544,TARGET_1,0.044985,0.009199,0.053013,0.005991,0.04752745875188659,0.004946516533410417
20.608,TARGET_1,0.046995,0.010785,0.040761,-0.003814,0.04615687331239057,0.0022748899554301174
20.672,TARGET_1,0.049004,0.012371,0.029673,0.02665,0.04082126815334064,0.012578805667636707
20.736,TARGET_1,0.051013,0.013958,0.03417,0.019996,0.03912815442968125,0.01648594031833417
20.8,TARGET_1,0.053022,0.015544,0.067511,0.01265,0.051186930357975426,0.01601856217304698
20.864,TARGET_1,0.055032,0.01713,0.054693,0.001105,0.05376573728974316,0.011093068574766708
20.928,TARGET_1,0.057041,0.018717,0.038591,0.02857,0.04897360192538129,0.01876152836045613
20.992,TARGET_1,0.05905,0.020303,0.055512,0.023244,0.052541851820545375,0.021506611738405054
21.056,TARGET_1,0.06106,0.021889,0.076477,0.039514,0.06305968895847844,0.029641856331378863
21.12,TARGET_1,0.063069,0.023475,0.070443,0.013249,0.06732687228376089,0.024385355086711108
21.184,TARGET_1,0.065078,0.025062,0.065742,0.04253,0.06811488153035625,0.03254678037761788
21.248,TARGET_1,0.067088,0.026648,0.065959,0.024976,0.06862415876386319,0.030755318334188354
21.312,TARGET_1,0.069097,0.028234,0.056519,0.023007,0.0651374317581574,0.028765018883139506
21.376,TARGET_1,0.071106,0.029821,0.078231,0.028204,0.07142951271736711,0.029490455946894773
21.44,TARGET_1,0.073115,0.031407,0.084022,0.016088,0.0776746601145644,0.02510620246665974
21.504,TARGET_1,0.075125,0.032993,0.075147,0.042538,0.07807833440391347,0.03272171275381203
21.568,TARGET_1,0.077134,0.03458,0.073077,0.033075,0.07743800948904066,0.03379805388359101
21.632,TARGET_1,0.079143,0.036166,0.063355,0.01632,0.07310723830878704,0.027802847680893597
21.696,TARGET_1,0.081153,0.037752,0.067656,0.052825,0.07197487726779166,0.038368521276958
21.76,TARGET_1,0.083162,0.039338,0.080288,0.050538,0.07619266848699206,0.044170338067043124
21.824,TARGET_1,0.085171,0.040925,0.065411,0.038174,0.0729462025940856,0.042926031246173155
21.888,TARGET_1,0.087181,0.042511,0.071194,0.047719,0.07310483463815749,0.04584507718645385
21.952,TARGET_1,0.08919,0.044097,0.097197,0.057328,0.08344698402143211,0.05145288174295157
22.016,TARGET_1,0.091199,0.045684,0.091175,0.025852,0.0876201460762531,0.04251818264138106
22.08,TARGET_1,0.093208,0.04727,0.111614,0.030278,0.09830842862946192,0.03849918873743717
22.144,TARGET_1,0.095218,0.048856,0.112206,0.057285,0.10529788847687947,0.046573559490197744
22.208,TARGET_1,0.097227,0.050442,0.104528,0.060204,0.10663747061775244,0.052846395542262996
22.272,TARGET_1,0.099236,0.052029,0.115176,0.032626,0.11161324805405445,0.04588892590656862
22.336,TARGET_1,0.101246,0.053615,0.093606,0.06988,0.10616473134962295,0.056129837721538234
22.4,TARGET_1,0.103255,0.055201,0.106919,0.049665,0.10786029218159651,0.054625972981317675
22.464,TARGET_1,0.105264,0.056788,0.097854,0.063076,0.10527719813207281,0.05891320225095891
22.528,TARGET_1,0.107274,0.058374,0.102239,0.067264,0.10528605578157346,0.063253790850689
22.592,TARGET_1,0.109283,0.05996,0.122137,0.050979,0.1130968014658145,0.059522526380057894
22.656,TARGET_1,0.111292,0.061546,0.110947,0.064275,0.11359052486357735,0.06233847314086603
22.72,TARGET_1,0.113301,0.063133,0.106716,0.043582,0.11215596346176941,0.05589554769299534
22.784,TARGET_1,0.115311,0.064719,0.129891,0.063439,0.12033781130248426,0.059584933381976284
22.848,TARGET_1,0.11732,0.066305,0.121781,0.066101,0.1222859006345724,0.06295355858771941
22.912,TARGET_1,0.119329,0.067892,0.09998,0.060297,0.11482577707847515,0.0627628134036277
22.976,TARGET_1,0.121339,0.069478,0.126978,0.080376,0.12066963757963713,0.07053748483292668
23.04,TARGET_1,0.123348,0.071064,0.108231,0.057091,0.11692381021112905,0.06624145162855127
23.104,TARGET_1,0.125357,0.07265,0.135944,0.091281,0.12543211637413454,0.07696987626356687
23.168,TARGET_1,0.127367,0.074237,0.114786,0.081678,0.12243602353093919,0.07997203688457105
23.232,TARGET_1,0.129376,0.075823,0.145834,0.078126,0.13274019741305768,0.08041882163410695
23.296,TARGET_1,0.131385,0.077409,0.124948,0.071425,0.13099445982345917,0.07798637400717
23.36,TARGET_1,0.133394,0.078996,0.151859,0.071069,0.14045301326481147,0.07622953950466003
23.424,TARGET_1,0.135404,0.080582,0.126211,0.062127,0.13627447834960585,0.07151487527841204
23.488,TARGET_1,0.137413,0.082168,0.126805,0.092517,0.1337604157678341,0.08048145480268513
23.552,TARGET_1,0.139422,0.083754,0.150296,0.081908,0.14138121199864367,0.08197020962338501
23.616,TARGET_1,0.141432,0.085341,0.125583,0.083533,0.1364066082571145,0.08351148942574078
23.68,TARGET_1,0.143441,0.086927,0.140177,0.070125,0.13893403461649328,0.07913815507791698
23.744,TARGET_1,0.14545,0.088513,0.154743,0.09525,0.14625250891244018,0.08623610373955955
23.808,TARGET_1,0.14746,0.0901,0.142116,0.10128,0.14586792215081112,0.09311204810519191
23.872,TARGET_1,0.149469,0.091686,0.167012,0.10526,0.15540281309198556,0.09902386928020321
23.936,TARGET_1,0.151478,0.093272,0.142689,0.073914,0.15179920445508974,0.09033236486250405
24.0,TARGET_1,0.153487,0.094859,0.140824,0.09904,0.1486808222820462,0.09465637593482107
24.064,TARGET_1,0.155497,0.096445,0.150824,0.104538,0.15057827394393983,0.09954244343220604
24.128,TARGET_1,0.157506,0.098031,0.164857,0.096345,0.15728295570008655,0.0993645699565179
24.192,TARGET_1,0.159515,0.099617,0.164826,0.106505,0.16149100238073094,0.10320997445860157
24.256,TARGET_1,0.161525,0.101204,0.167555,0.08262,0.16518802724507034,0.09615639771166483
24.32,TARGET_1,0.163534,0.10279,0.144413,0.113951,0.1583181205293066,0.10398954761620721
24.384,TARGET_1,0.165543,0.104376,0.171665,0.085404,0.16464009402956947,0.09764953493427221
24.448,TARGET_1,0.167553,0.105963,0.147747,0.110672,0.15915309616177248,0.10354363703809977
24.512,TARGET_1,0.169562,0.107549,0.153769,0.115738,0.1579661638398052,0.10926868366378531
24.576,TARGET_1,0.171571,0.109135,0.153457,0.124051,0.15703203574118194,0.11616166713147745
24.64,TARGET_1,0.17358,0.110721,0.18881,0.094567,0.17037636115996943,0.10883663630902851
24.704,TARGET_1,0.17559,0.112308,0.167687,0.103951,0.17049289135861,0.107805493084617
24.768,TARGET_1,0.177599,0.113894,0.159628,0.124155,0.16731211770811003,0.1150908546212425
24.832,TARGET_1,0.179608,0.11548,0.176108,0.106634,0.17173969727393237,0.11276257547069025
24.896,TARGET_1,0.181618,0.117067,0.191493,0.104479,0.1806000754969374,0.11036649836748111
24.96,TARGET_1,0.183627,0.118653,0.180963,0.103653,0.18203048572011962,0.10846066870714961
25.024,TARGET_1,0.185636,0.120239,0.171625,0.134649,0.17917632743269132,0.11946638030196104
25.088,TARGET_1,0.187646,0.121825,0.203092,0.135769,0.18973426040117175,0.12689835163246266
25.152,TARGET_1,0.189655,0.123412,0.193743,0.139303,0.1927126783656823,0.13298535528170977
25.216,TARGET_1,0.191664,0.124998,0.208966,0.131849,0.20055892582458046,0.1338550566619523
25.28,TARGET_1,0.193673,0.126584,0.207578,0.120017,0.2049384470148453,0.12965434666339082
25.344,TARGET_1,0.195683,0.128171,0.202716,0.11278,0.20572003672764919,0.12403781456308201
25.408,TARGET_1,0.197692,0.129757,0.193418,0.111714,0.20244652046946632,0.11997133934917077
25.472,TARGET_1,0.199701,0.131343,0.203168,0.140374,0.2041252314976383,0.1286702665332734
25.536,TARGET_1,0.201711,0.132929,0.221633,0.124066,0.21242460000127006,0.12773492447671408
25.6,TARGET_1,0.20372,0.134516,0.185866,0.131266,0.20349278723015046,0.12993692028803489
25.664,TARGET_1,0.205729,0.136102,0.197204,0.147906,0.20218908664442495,0.1378812806132553
25.728,TARGET_1,0.207739,0.137688,0.190115,0.135831,0.19848535558328553,0.13812748137536074
25.792,TARGET_1,0.209748,0.139275,0.209264,0.146625,0.20363769450458316,0.1424961117006134
25.856,TARGET_1,0.211757,0.140861,0.231006,0.122084,0.2154793731622712,0.13551772114116373
25.92,TARGET_1,0.213766,0.142447,0.205615,0.152587,0.21293438778821325,0.14307097138515104
25.984,TARGET_1,0.215776,0.144033,0.21644,0.14459,0.21551674785939762,0.1446830697483602
26.048,TARGET_1,0.217785,0.14562,0.232275,0.148532,0.22336342089869304,0.14721498682745982
26.112,TARGET_1,0.219794,0.147206,0.229175,0.138364,0.22707702471783828,0.14475113673034976
26.176,TARGET_1,0.221804,0.148792,0.237994,0.133981,0.2328573985084843,0.14138580873010373
26.24,TARGET_1,0.223813,0.150379,0.213845,0.137784,0.2269096835162322,0.1406920696494653
26.304,TARGET_1,0.225822,0.151965,0.243797,0.136644,0.23487598706337748,0.13975705073637695
26.368,TARGET_1,0.227832,0.153551,0.228994,0.160495,0.2340314831212967,0.14856003505397966
26.432,TARGET_1,0.229841,0.155138,0.237509,0.168826,0.2367782399029372,0.15744181840396254
26.496,TARGET_1,0.23185,0.156724,0.224112,0.156313,0.2331535357199116,0.15811146631927908
26.56,TARGET_1,0.233859,0.15831,0.233288,0.168835,0.2343926075228799,0.16343080674697807
26.624,TARGET_1,0.235869,0.159896,0.221661,0.141134,0.23051628749278807,0.15580498653409927
26.688,TARGET_1,0.237878,0.161483,0.256159,0.167379,0.24162679031163473,0.16125465677910414
26.752,TARGET_1,0.239887,0.163069,0.224105,0.155842,0.23598141435204983,0.16011935126594834
26.816,TARGET_1,0.241897,0.164655,0.251537,0.158989,0.24315975999898767,0.160583286509426
26.88,TARGET_1,0.243906,0.166242,0.24595,0.170207,0.2454735396769979,0.16526688974113912
26.944,TARGET_1,0.245915,0.167828,0.239769,0.15841,0.24443672790651746,0.16353940737031608
27.008,TARGET_1,0.247925,0.169414,0.230764,0.171802,0.24014322702425173,0.1676802339299453
27.072,TARGET_1,0.249934,0.171,0.235659,0.162015,0.2392767211532766,0.16640184289377413
27.136,TARGET_1,0.251943,0.172587,0.253216,0.159901,0.24561948674126366,0.1646952131314976
27.2,TARGET_1,0.253952,0.174173,0.252998,0.174207,0.24953532756895092,0.16921774863375555
27.264,TARGET_1,0.255962,0.175759,0.246105,0.16439,0.24925139827830914,0.1681774641192355
27.328,TARGET_1,0.257971,0.177346,0.274099,0.178829,0.2600864003950089,0.1731777123195844
27.392,TARGET_1,0.25998,0.178932,0.25239,0.169671,0.25835625495367315,0.17270160208493998
27.456,TARGET_1,0.26199,0.180518,0.264326,0.175569,0.26190074597599755,0.174680152672196
27.52,TARGET_1,0.263999,0.182104,0.282225,0.183567,0.27117895418340204,0.17906024041628169
27.584,TARGET_1,0.266008,0.183691,0.271627,0.201366,0.2728383693707625,0.18885016426032306
27.648,TARGET_1,0.268018,0.185277,0.254983,0.171234,0.2672285831675421,0.18312236041892443
27.712,TARGET_1,0.270027,0.186863,0.251062,0.176815,0.262014547741597,0.1816046794996047
27.776,TARGET_1,0.272036,0.18845,0.266297,0.174063,0.2646480404721066,0.17949203615462817
27.84,TARGET_1,0.274045,0.190036,0.254341,0.177576,0.2615454893657848,0.17948453708940892
27.904,TARGET_1,0.276055,0.191622,0.260082,0.17358,0.26178183226814467,0.17785641329781157
27.968,TARGET_1,0.278064,0.193208,0.264347,0.21078,0.2635744026846748,0.19149655206643942
28.032,TARGET_1,0.280073,0.194795,0.265573,0.180367,0.2651599842342393,0.18813491375427893
28.096,TARGET_1,0.282083,0.196381,0.274672,0.176427,0.2697276455480203,0.18437159494377045
28.16,TARGET_1,0.284092,0.197967,0.279354,0.187958,0.27445055982491895,0.18648312606733425
28.224,TARGET_1,0.286101,0.199554,0.294149,0.21381,0.28326787257781255,0.19802104103334733
28.288,TARGET_1,0.288111,0.20114,0.272386,0.191744,0.2802273501993794,0.1966139487762151
28.352,TARGET_1,0.285684,0.201956,0.271941,0.19213,0.2780393476858158,0.19580798647216197
28.416,TARGET_1,0.283258,0.202773,0.273172,0.191346,0.27706847929754563,0.19492887907790962
28.48,TARGET_1,0.280832,0.203589,0.280954,0.18846,0.2794742269278208,0.1931759706133317
28.544,TARGET_1,0.278405,0.204406,0.291401,0.224136,0.28509464161126047,0.20612790663472783
28.608,TARGET_1,0.275979,0.205222,0.257358,0.189142,0.2751614541845942,0.20050939692717915
28.672,TARGET_1,0.273553,0.206039,0.273359,0.214526,0.27509371337141747,0.20690495668054032
28.736,TARGET_1,0.271126,0.206855,0.256257,0.214654,0.26824730317785966,0.21099015240064165
28.8,TARGET_1,0.2687,0.207672,0.257843,0.214412,0.2644706236087665,0.2134446948854803
28.864,TARGET_1,0.266274,0.208488,0.285646,0.191785,0.27304184639471935,0.20599655935959518
28.928,TARGET_1,0.263847,0.209305,0.248186,0.227085,0.26367999480025167,0.2151466899269307
28.992,TARGET_1,0.261421,0.210121,0.260947,0.210052,0.2627269156103891,0.214202373431989
29.056,TARGET_1,0.258995,0.210938,0.249283,0.216129,0.257496163631983,0.2159438877993097
29.12,TARGET_1,0.256569,0.211754,0.244541,0.20309,0.2522760571635312,0.21184120482254531
29.184,TARGET_1,0.254142,0.212571,0.269633,0.219337,0.2588776626105533,0.21559571828728952
29.248,TARGET_1,0.251716,0.213387,0.250301,0.21507,0.2554572313526489,0.2162595432360734
29.312,TARGET_1,0.24929,0.214204,0.24836,0.207609,0.2525074516887281,0.21368209095190888
29.376,TARGET_1,0.246863,0.21502,0.253115,0.212099,0.2525139988526928,0.21376594401918084
29.44,TARGET_1,0.244437,0.215837,0.227253,0.208862,0.2422983177580867,0.2124987209969029
29.504,TARGET_1,0.242011,0.216653,0.243427,0.198632,0.24218968029044424,0.20760421240319255
29.568,TARGET_1,0.239584,0.21747,0.247796,0.216938,0.2438802732755392,0.2116899902211293
29.632,TARGET_1,0.237158,0.218286,0.246765,0.198872,0.24458111810724695,0.2071275773495551
29.696,TARGET_1,0.234732,0.219102,0.253188,0.205504,0.24759468194687692,0.20681085477818775
29.76,TARGET_1,0.232306,0.219919,0.228263,0.223181,0.23967803751677308,0.21358476481119962
29.824,TARGET_1,0.229879,0.220735,0.235389,0.206969,0.23745944391274082,0.21147718472818047
29.888,TARGET_1,0.227453,0.221552,0.242212,0.219485,0.23877233760889982,0.21505551841138476
29.952,TARGET_1,0.225027,0.222368,0.227145,0.216376,0.23368060927784637,0.21608638084356346
30.016,TARGET_1,0.2226,0.223185,0.226572,0.209677,0.23023142271199518,0.21406515511494553
30.08,TARGET_1,0.220174,0.224001,0.219017,0.240321,0.22507623636264593,0.22487118596718714
30.144,TARGET_1,0.217748,0.224818,0.202512,0.211029,0.21529536699482207,0.22015508848469054
30.208,TARGET_1,0.215321,0.225634,0.201417,0.210852,0.20866687068471165,0.21703195430365552
30.272,TARGET_1,0.212895,0.226451,0.198944,0.222593,0.2035213011307973,0.21965271890023833
30.336,TARGET_1,0.210469,0.227267,0.211636,0.244378,0.20533181063095263,0.22992176025595573
30.4,TARGET_1,0.208042,0.228084,0.222047,0.236611,0.21068560820032245,0.2333759978034943
30.464,TARGET_1,0.205616,0.2289,0.185874,0.245575,0.19986097941751477,0.23908230274521552
30.528,TARGET_1,0.20319,0.229717,0.189801,0.234918,0.19456202751151863,0.238458479381248
30.592,TARGET_1,0.200764,0.230533,0.216279,0.216288,0.2017305658757631,0.2306312425943286
30.656,TARGET_1,0.198337,0.23135,0.191524,0.250352,0.19659138249154984,0.2390602864537316
30.72,TARGET_1,0.195911,0.232166,0.212965,0.229449,0.20185662892513767,0.2361345425496264
30.784,TARGET_1,0.193485,0.232983,0.192391,0.213156,0.1971450293745891,0.2277709238731441
30.848,TARGET_1,0.191058,0.233799,0.211057,0.22797,0.20157764156622254,0.2282529844392252
30.912,TARGET_1,0.188632,0.234616,0.182981,0.222391,0.19335824472730867,0.22633052368326564
30.976,TARGET_1,0.186206,0.235432,0.202713,0.248653,0.19596769167474878,0.23547236392987692
31.04,TARGET_1,0.183779,0.236249,0.173791,0.242331,0.1862509393084797,0.23878878017800184
31.104,TARGET_1,0.181353,0.237065,0.174159,0.231101,0.1802472626988133,0.23642832196104516
31.168,TARGET_1,0.178927,0.237882,0.194784,0.223882,0.1846444890310984,0.2320269156309825
31.232,TARGET_1,0.1765,0.238698,0.187722,0.251621,0.18473316181228003,0.24016151888744294
31.296,TARGET_1,0.174074,0.239515,0.179905,0.250978,0.1817602397788378,0.24507799563850402
31.36,TARGET_1,0.171648,0.240331,0.188856,0.222129,0.18346406566425869,0.23676550989713316
31.424,TARGET_1,0.169222,0.241148,0.176625,0.231993,0.17977416568084434,0.23531938763390045
31.488,TARGET_1,0.166795,0.241964,0.178176,0.25406,0.1780879027521931,0.24310286537477752
31.552,TARGET_1,0.164369,0.24278,0.160464,0.256147,0.17006257736836622,0.24887617127323222
31.616,TARGET_1,0.161943,0.243597,0.148489,0.247267,0.16026088681238168,0.24901327030932285
31.68,TARGET_1,0.159516,0.244413,0.174528,0.254909,0.1643786248422461,0.25208103488797884
31.744,TARGET_1,0.15709,0.24523,0.146832,0.263938,0.15613420772105288,0.257570447967518
31.808,TARGET_1,0.154664,0.246046,0.154032,0.248407,0.1537938242094375,0.25488423563921236
31.872,TARGET_1,0.152237,0.246863,0.141487,0.247492,0.14742100357461072,0.25275473378974933
31.936,TARGET_1,0.149811,0.247679,0.155841,0.256832,0.14911728687972234,0.2550463594140937
32.0,TARGET_1,0.147385,0.248496,0.134029,0.246492,0.14166147522799158,0.252379666194795
32.064,TARGET_1,0.144959,0.249312,0.152996,0.236842,0.14449075172054768,0.246818835647008
32.128,TARGET_1,0.142532,0.250129,0.15635,0.263548,0.14771689096256982,0.2538032777362422
32.192,TARGET_1,0.140106,0.250945,0.154244,0.242976,0.1490253093934881,0.2501010771192514
32.256,TARGET_1,0.13768,0.251762,0.152687,0.249223,0.149316062090495,0.25017701799857395
32.32,TARGET_1,0.135253,0.252578,0.128573,0.25405,0.14002540797823856,0.2521116189181324
32.384,TARGET_1,0.132827,0.253395,0.146659,0.240943,0.14131226257459267,0.24813772661017133
32.448,TARGET_1,0.130401,0.254211,0.134741,0.264573,0.13749321884315788,0.25492598930920407
32.512,TARGET_1,0.127974,0.255028,0.133295,0.246897,0.13455189820098035,0.2522489408473787
32.576,TARGET_1,0.125548,0.255844,0.135809,0.241146,0.1337411589202735,0.24823651860229895
32.64,TARGET_1,0.123122,0.256661,0.136071,0.274953,0.13340088776801942,0.25903062472117105
32.704,TARGET_1,0.120695,0.257477,0.138668,0.263872,0.13428223845506,0.2615235171825613
32.768,TARGET_1,0.118269,0.258294,0.108929,0.266549,0.12314539022564511,0.26414151050918916
32.832,TARGET_1,0.115843,0.25911,0.098575,0.25276,0.11200198316293085,0.26032119328300335
32.896,TARGET_1,0.113417,0.259927,0.123323,0.255616,0.11476124622406124,0.25897430786179215
32.96,TARGET_1,0.11099,0.260743,0.108685,0.279135,0.1108273035176775,0.2673915700837347
33.024,TARGET_1,0.108564,0.26156,0.120238,0.272474,0.11297352846936899,0.27010399504304183
33.088,TARGET_1,0.106138,0.262376,0.114576,0.262037,0.11219184921585111,0.26766622173159366
33.152,TARGET_1,0.103711,0.263193,0.10723,0.272739,0.10886586361182514,0.27030231028518814
33.216,TARGET_1,0.101285,0.264009,0.113786,0.249639,0.1094135588604655,0.26280942547450126
33.28,TARGET_1,0.098859,0.264825,0.080451,0.251236,0.09665192267003439,0.2586201614791335
33.344,TARGET_1,0.096432,0.265642,0.080339,0.285641,0.08853499214409123,0.26953747970337427
33.408,TARGET_1,0.094006,0.266458,0.111687,0.260895,0.0958510837358518,0.2667019302749222
33.472,TARGET_1,0.09158,0.267275,0.094286,0.260681,0.09373952842389327,0.26477446480448824
33.536,TARGET_1,0.089154,0.268091,0.080376,0.256666,0.08697175369824962,0.2619299295580887
33.6,TARGET_1,0.086727,0.268908,0.076223,0.268745,0.08109183103824992,0.2648731782713359
33.664,TARGET_1,0.084301,0.269724,0.09066,0.28442,0.08314252499092793,0.27294024164503666
33.728,TARGET_1,0.081875,0.270541,0.086834,0.268569,0.08303520729817301,0.27179889118402256
33.792,TARGET_1,0.079448,0.271357,0.093398,0.254857,0.08565210252358302,0.2656117533232417
33.856,TARGET_1,0.077022,0.272174,0.071413,0.290045,0.07870692879575747,0.2755565311756309
33.92,TARGET_1,0.074596,0.27299,0.073202,0.262417,0.07505538089112798,0.2709569764358546
33.984,TARGET_1,0.072169,0.273807,0.089404,0.265628,0.07921819632920771,0.26925786780354266
34.048,TARGET_1,0.069743,0.274623,0.080478,0.289174,0.07842869658190026,0.2774669146838812
34.112,TARGET_1,0.067317,0.27544,0.068923,0.286747,0.07342512818981174,0.2817280000290371
34.176,TARGET_1,0.06489,0.276256,0.06844,0.293754,0.07011007452111566,0.28718725443968945
34.24,TARGET_1,0.062464,0.277073,0.046298,0.285201,0.0593084638245642,0.28724828577210787
34.304,TARGET_1,0.060038,0.277889,0.055158,0.285237,0.05599702651808192,0.2872538607296803
34.368,TARGET_1,0.057612,0.278706,0.050595,0.259576,0.05217170577669684,0.2770588759332787
34.432,TARGET_1,0.055185,0.279522,0.050579,0.262065,0.04981856566197225,0.2714936643517535
34.496,TARGET_1,0.052759,0.280339,0.03315,0.286644,0.041517167543444526,0.2776460497622587
34.56,TARGET_1,0.050333,0.281155,0.068559,0.295943,0.05032481864358311,0.2852436836755544
34.624,TARGET_1,0.047906,0.281972,0.0421,0.277772,0.04558396146190173,0.2828833099311762
34.688,TARGET_1,0.04548,0.282788,0.0639,0.28075,0.05126720467288937,0.28252148376450137
34.752,TARGET_1,0.043054,0.283605,0.041917,0.280327,0.04628461888189189,0.2820960370363804
34.816,TARGET_1,0.040627,0.284421,0.034377,0.266445,0.040192942607097895,0.27630677474440846
34.88,TARGET_1,0.038201,0.285238,0.057935,0.284088,0.04570356980064545,0.2795697058411549
34.944,TARGET_1,0.035775,0.286054,0.047768,0.297975,0.045283062524360915,0.2871368732192215
35.008,TARGET_1,0.033348,0.28687,0.045886,0.292642,0.044339565326177666,0.28984088336113284
35.072,TARGET_1,0.030922,0.287687,0.033888,0.27917,0.039056458881390664,0.2862067359765479
35.136,TARGET_1,0.028496,0.288503,0.046428,0.299798,0.04071055552410924,0.29201600580947285
35.2,TARGET_1,0.02607,0.28932,0.021621,0.30167,0.03202180614386341,0.2964405359105625
35.264,TARGET_1,0.023643,0.290136,0.024674,0.290989,0.02774758450195832,0.29500450393828864
35.328,TARGET_1,0.021217,0.290953,0.020947,0.278806,0.02362149896393555,0.28922679433968973
35.392,TARGET_1,0.018791,0.291769,0.034732,0.309686,0.026522918382200545,0.29772185109325583
35.456,TARGET_1,0.016364,0.292586,0.029977,0.28453,0.026577517163551855,0.2931681457834133
35.52,TARGET_1,0.013938,0.293402,0.029224,0.30879,0.026388205708349446,0.2998231751625537
35.584,TARGET_1,0.011512,0.294219,0.006983,0.277305,0.01753663491547041,0.29158656691996654
35.648,TARGET_1,0.009085,0.295035,-0.006172,0.307054,0.006747476240437379,0.29806224250202007
35.712,TARGET_1,0.006659,0.295852,0.007431,0.28902,0.005322286539436461,0.29504005870786504
35.776,TARGET_1,0.004233,0.296668,0.006807,0.290477,0.004261028333532585,0.29365624078107455
35.84,TARGET_1,0.001807,0.297485,0.006009,0.278889,0.00336058324668062,0.2881641202126621
35.904,TARGET_1,-0.00062,0.298301,-0.016469,0.298719,-0.006018686340417119,0.2924850203615642
35.968,TARGET_1,-0.003046,0.299118,0.00366,0.292366,-0.003954718499339875,0.29272120486897024
36.032,TARGET_1,-0.005472,0.299934,-0.013977,0.296502,-0.009516551939129508,0.2944925550896704
36.096,TARGET_1,-0.007899,0.300751,-0.020389,0.285044,-0.015514021930046168,0.29107405996759
36.16,TARGET_1,-0.010325,0.301567,-0.022522,0.310018,-0.02009087643084478,0.29875566598966946
36.224,TARGET_1,-0.012751,0.302384,-0.031588,0.291562,-0.026498076949588546,0.2963457975397516
36.288,TARGET_1,-0.015178,0.3032,-0.018198,0.308331,-0.025185222471961644,0.30141813531881345
36.352,TARGET_1,-0.017604,0.304017,-0.018043,0.29952,-0.02417503941879963,0.30115096056147633
36.416,TARGET_1,-0.02003,0.304833,-0.031863,0.309796,-0.02889638755251611,0.3050191933809518
36.48,TARGET_1,-0.022457,0.30565,-0.023479,0.308369,-0.028498252118090803,0.3068985058257123
36.544,TARGET_1,-0.024883,0.306466,-0.019603,0.313447,-0.026612325941129614,0.31007618522037494
36.608,TARGET_1,-0.027309,0.307283,-0.01521,0.293332,-0.02357844993993887,0.30411247738333214
36.672,TARGET_1,-0.029735,0.308099,-0.0482,0.295419,-0.034612211231419686,0.30109438774381436
36.736,TARGET_1,-0.032162,0.308915,-0.027106,0.314308,-0.03323607004176272,0.30661816205609954
36.8,TARGET_1,-0.034588,0.309732,-0.035606,0.310344,-0.0356313012561125,0.3085589367608307
36.864,TARGET_1,-0.037014,0.310548,-0.017566,0.329768,-0.029940209548768935,0.31745714688921767
36.928,TARGET_1,-0.039441,0.311365,-0.046406,0.297766,-0.03763696604647732,0.3104459826629639
36.992,TARGET_1,-0.041867,0.312181,-0.042483,0.315672,-0.040931157759541835,0.3130118489874028
37.056,TARGET_1,-0.044293,0.312998,-0.062294,0.313538,-0.05079520632900406,0.3137772725097946
37.12,TARGET_1,-0.04672,0.313814,-0.063212,0.329371,-0.05737535308600075,0.32049927231204495
37.184,TARGET_1,-0.049146,0.314631,-0.067532,0.306235,-0.06319107596302001,0.3156045308438294
37.248,TARGET_1,-0.051572,0.315447,-0.069545,0.318514,-0.06759873260513888,0.31729657967821157
37.312,TARGET_1,-0.053999,0.316264,-0.049427,0.318557,-0.062345444602275424,0.3183632246538752
37.376,TARGET_1,-0.056425,0.31708,-0.037669,0.314957,-0.05423095384051326,0.31758769498799283
37.44,TARGET_1,-0.058851,0.317897,-0.073797,0.313736,-0.06325371562577164,0.3165773698835312
37.504,TARGET_1,-0.061277,0.318713,-0.043146,0.333659,-0.05681305265045603,0.3237866688771191
37.568,TARGET_1,-0.063704,0.31953,-0.075438,0.306943,-0.06539393912620528,0.31779215146274814
37.632,TARGET_1,-0.06613,0.320346,-0.048879,0.336605,-0.06029424530991241,0.32566472030834576
37.696,TARGET_1,-0.068556,0.321163,-0.083594,0.321696,-0.07069433877718988,0.32476655718193403
37.76,TARGET_1,-0.070983,0.321979,-0.088072,0.341694,-0.07903821050215336,0.33206821458736074
37.824,TARGET_1,-0.073409,0.322796,-0.082428,0.331258,-0.08204839847427255,0.33256565453162107
37.888,TARGET_1,-0.075835,0.323612,-0.082208,0.316658,-0.08378892006086322,0.32706028282003025
37.952,TARGET_1,-0.078262,0.324429,-0.066487,0.305056,-0.07858513607070843,0.3189111623838276
38.016,TARGET_1,-0.080688,0.325245,-0.094018,0.337967,-0.08606458447272809,0.3267003283727651
38.08,TARGET_1,-0.083114,0.326062,-0.091174,0.320078,-0.08963624047541101,0.324579906457616
38.144,TARGET_1,-0.08554,0.326878,-0.095443,0.334729,-0.09351803486465884,0.3289953905573379
38.208,TARGET_1,-0.087967,0.327695,-0.078212,0.337279,-0.08908880323311462,0.3328003173065564
38.272,TARGET_1,-0.090393,0.328511,-0.090609,0.337601,-0.0910753233404196,0.33532677905958624
38.336,TARGET_1,-0.092819,0.329328,-0.096122,0.322991,-0.09444681630429974,0.3311233308395167
38.4,TARGET_1,-0.095246,0.330144,-0.113792,0.312694,-0.10351317870818157,0.3243278575569906
38.464,TARGET_1,-0.097672,0.33096,-0.115679,0.315333,-0.10996753281316209,0.32100653955991715
38.528,TARGET_1,-0.100098,0.331777,-0.102389,0.34048,-0.10873657139213595,0.3288232566754466
38.592,TARGET_1,-0.102525,0.332593,-0.120391,0.315607,-0.11497442565145675,0.32396475237024225
38.656,TARGET_1,-0.104951,0.33341,-0.124886,0.339695,-0.12064319040112127,0.33037376706477145
38.72,TARGET_1,-0.107377,0.334226,-0.091964,0.324711,-0.11113686252739738,0.3285254456016173
38.784,TARGET_1,-0.109804,0.335043,-0.123824,0.336251,-0.1175716617998755,0.3318897096092545
38.848,TARGET_1,-0.11223,0.335859,-0.110772,0.324547,-0.11643508854540742,0.3293888400596417
38.912,TARGET_1,-0.114656,0.336676,-0.133776,0.317137,-0.1247243919782073,0.324837807558935
38.976,TARGET_1,-0.117082,0.337492,-0.131322,0.324419,-0.12896421059498844,0.3247974963479821
39.04,TARGET_1,-0.119509,0.338309,-0.134305,0.349331,-0.1327591951761021,0.33462183022390785
39.104,TARGET_1,-0.121935,0.339125,-0.112726,0.352449,-0.1265486606061047,0.3421198976263954
39.168,TARGET_1,-0.124361,0.339942,-0.137939,0.323697,-0.13246415600033098,0.33550445335400914
39.232,TARGET_1,-0.126788,0.340758,-0.144175,0.351976,-0.13862828293595453,0.34243323800612774
39.296,TARGET_1,-0.129214,0.341575,-0.113139,0.323901,-0.13019657315656122,0.3357241409036913
39.36,TARGET_1,-0.13164,0.342391,-0.125392,0.342966,-0.12956980594307424,0.3389502080595725
39.424,TARGET_1,-0.134067,0.343208,-0.142269,0.340311,-0.135775928483013,0.33993862085868226
39.488,TARGET_1,-0.136493,0.344024,-0.122118,0.328416,-0.13169760288302476,0.3358376432886366
39.552,TARGET_1,-0.138919,0.344841,-0.134561,0.328907,-0.1339432472491926,0.3333884763274528
39.616,TARGET_1,-0.141346,0.345657,-0.156572,0.345768,-0.14402334190867483,0.3384801940911055
39.68,TARGET_1,-0.143772,0.346474,-0.134086,0.335185,-0.14149697483866308,0.33753193310228913
39.744,TARGET_1,-0.146198,0.34729,-0.15292,0.343296,-0.1472575291778783,0.34011599812384014
39.808,TARGET_1,-0.148624,0.348107,-0.142724,0.363062,-0.1468304247375489,0.3495693221267836
39.872,TARGET_1,-0.151051,0.348923,-0.157746,0.361539,-0.15242481457429644,0.35497977398969677
39.936,TARGET_1,-0.153477,0.34974,-0.138129,0.348788,-0.14816202242674834,0.3533500916393048
40.0,TARGET_1,-0.155903,0.350556,-0.155518,0.339681,-0.15224312154413058,0.3486602969949658
40.064,TARGET_1,-0.15833,0.351373,-0.166703,0.359844,-0.15920793991396504,0.3536044034447468
40.128,TARGET_1,-0.160756,0.352189,-0.159063,0.346979,-0.1605607259830177,0.35164067906733526
40.192,TARGET_1,-0.163182,0.353005,-0.15156,0.338854,-0.15837615293840918,0.34713535471894963
40.256,TARGET_1,-0.165609,0.353822,-0.175026,0.359155,-0.1661892737872543,0.3522610734097148
40.32,TARGET_1,-0.168035,0.354638,-0.175498,0.352493,-0.17129429560158435,0.3528760473879309
40.384,TARGET_1,-0.170461,0.355455,-0.164346,0.339806,-0.17006031292995044,0.34821920756571073
40.448,TARGET_1,-0.172887,0.356271,-0.158962,0.345387,-0.16705711875113374,0.34742605640136015
40.512,TARGET_1,-0.175314,0.357088,-0.157724,0.346815,-0.1645722559589717,0.34746639570514354
40.576,TARGET_1,-0.17774,0.357904,-0.173025,0.359022,-0.16897248435128215,0.35230631463160583
40.64,TARGET_1,-0.180166,0.358721,-0.166089,0.34375,-0.16897739125614425,0.3493378247461408
40.704,TARGET_1,-0.182593,0.359537,-0.187342,0.375653,-0.17732542262775314,0.36004286778477407
40.768,TARGET_1,-0.185019,0.360354,-0.166069,0.356277,-0.17417594865880387,0.3591928456560391
40.832,TARGET_1,-0.187445,0.36117,-0.173129,0.347204,-0.17488575387016234,0.3550242992250194
40.896,TARGET_1,-0.189872,0.361987,-0.200458,0.373561,-0.18608908621025336,0.3627600214543496
40.96,TARGET_1,-0.192298,0.362803,-0.201127,0.369183,-0.19344392876032476,0.36594293850354276
41.024,TARGET_1,-0.194724,0.36362,-0.193687,0.354671,-0.19511573397047466,0.36219646733849314
41.088,TARGET_1,-0.197151,0.364436,-0.214574,0.359579,-0.204358768977224,0.3617069337656652
41.152,TARGET_1,-0.199577,0.365253,-0.202291,0.379999,-0.20531172611784548,0.36944348444879577
41.216,TARGET_1,-0.202003,0.366069,-0.197166,0.362777,-0.2037925616804647,0.36753935957033634
41.28,TARGET_1,-0.204429,0.366886,-0.220377,0.347644,-0.211911124614491,0.36029490490740246
41.344,TARGET_1,-0.206856,0.367702,-0.21604,0.358454,-0.2152896677447429,0.3599127084238418
41.408,TARGET_1,-0.209282,0.368519,-0.220096,0.374841,-0.2189529601429068,0.3661332484585732
41.472,TARGET_1,-0.211708,0.369335,-0.21973,0.375498,-0.22104738503992158,0.37034616840223006
41.536,TARGET_1,-0.214135,0.370152,-0.227108,0.384356,-0.22520308963297064,0.37651166981463663
41.6,TARGET_1,-0.216561,0.370968,-0.23114,0.390902,-0.2293522313025676,0.3830022620235324
41.664,TARGET_1,-0.218987,0.371785,-0.231055,0.355886,-0.23186579643130342,0.37324540100146175
41.728,TARGET_1,-0.221414,0.372601,-0.215513,0.373675,-0.227217141580893,0.3740015696437477
41.792,TARGET_1,-0.22384,0.373418,-0.211023,0.362483,-0.22237084610900276,0.3700228513429261
41.856,TARGET_1,-0.226266,0.374234,-0.223401,0.393755,-0.2240873265686579,0.3798242855669179
41.92,TARGET_1,-0.228693,0.37505,-0.236021,0.391942,-0.23010281298170315,0.38534010813137287
41.984,TARGET_1,-0.231119,0.375867,-0.24863,0.355904,-0.2388588834375878,0.3745609124453351
42.048,TARGET_1,-0.233545,0.376683,-0.240438,0.393219,-0.24112639178835588,0.38239638928951725
42.112,TARGET_1,-0.235971,0.3775,-0.241272,0.358619,-0.2428113765301676,0.37368190803084894
42.176,TARGET_1,-0.238398,0.378316,-0.234519,0.387833,-0.24112338999453672,0.3796397219239736
42.24,TARGET_1,-0.240824,0.379133,-0.235616,0.398045,-0.24039041234044797,0.3874631214531125
42.304,TARGET_1,-0.24325,0.379949,-0.229835,0.366272,-0.23755381561017064,0.3798545654401961
42.368,TARGET_1,-0.245677,0.380766,-0.233128,0.376864,-0.2369708186271225,0.3791453471984576
42.432,TARGET_1,-0.248103,0.381582,-0.239748,0.3694,-0.23915238246106738,0.375712654303503
42.496,TARGET_1,-0.250529,0.382399,-0.240431,0.378222,-0.24075425086446645,0.3769884105680123
42.56,TARGET_1,-0.252956,0.383215,-0.234877,0.394865,-0.23951751125698884,0.3843720858157088
42.624,TARGET_1,-0.255382,0.384032,-0.262265,0.364621,-0.24950368411033272,0.37710080585064415
42.688,TARGET_1,-0.257808,0.384848,-0.253574,0.368502,-0.25238365988571193,0.3739645561995277
42.752,TARGET_1,-0.260234,0.385665,-0.249456,0.381831,-0.25252117955070136,0.3772216926804305
42.816,TARGET_1,-0.262661,0.386481,-0.267391,0.380739,-0.2596325605258485,0.37886053090979066
42.88,TARGET_1,-0.265087,0.387298,-0.281896,0.387793,-0.26984205477192885,0.382683822360595
42.944,TARGET_1,-0.267513,0.388114,-0.281542,0.38801,-0.2761400125450748,0.38519386467779954
43.008,TARGET_1,-0.26994,0.388931,-0.266494,0.386528,-0.27411205043925474,0.3861870048297771
43.072,TARGET_1,-0.272366,0.389747,-0.270378,0.379149,-0.2742538169913863,0.3838750651317399
43.136,TARGET_1,-0.274792,0.390564,-0.270161,0.387041,-0.2741673909116598,0.3854954393755153
43.2,TARGET_1,-0.277219,0.39138,-0.267859,0.406812,-0.27311517014891423,0.39433199542336445
43.264,TARGET_1,-0.279645,0.392197,-0.28777,0.387234,-0.2802406732950036,0.39220323237254495
43.328,TARGET_1,-0.282071,0.393013,-0.293013,0.403866,-0.28678883968811697,0.39738711475785266
43.392,TARGET_1,-0.284498,0.39383,-0.285122,0.3828,-0.2877622410521888,0.3923286658689164
43.456,TARGET_1,-0.286924,0.394646,-0.270413,0.38481,-0.2824717247170092,0.3898550302368126
43.52,TARGET_1,-0.28935,0.395463,-0.276925,0.40114,-0.2815828915994204,0.39470931725404296
43.584,TARGET_1,-0.291776,0.396279,-0.305642,0.392174,-0.292304780798935,0.39423831096664347
43.648,TARGET_1,-0.294203,0.397095,-0.279758,0.400264,-0.28883929816669035,0.39710877087821667
43.712,TARGET_1,-0.296629,0.397912,-0.315761,0.387926,-0.30078854511049463,0.39403179005249406
43.776,TARGET_1,-0.299055,0.398728,-0.300034,0.392699,-0.30212006214949255,0.39392501591422263
43.84,TARGET_1,-0.301482,0.399545,-0.29478,0.409878,-0.3007994238519869,0.40063055381885265
43.904,TARGET_1,-0.303908,0.400361,-0.316977,0.394395,-0.3086502524838965,0.3987623432258282
43.968,TARGET_1,-0.306334,0.401178,-0.294129,0.393092,-0.3045395170557121,0.39702060046961424
44.032,TARGET_1,-0.308761,0.401994,-0.300582,0.398632,-0.3043769797537425,0.39807266781313483
44.096,TARGET_1,-0.311187,0.402811,-0.318119,0.416293,-0.3111333118827715,0.40570896023158415
44.16,TARGET_1,-0.313613,0.403627,-0.3046,0.414922,-0.3100225838345552,0.41001676478384785
44.224,TARGET_1,-0.316039,0.404444,-0.334418,0.413262,-0.3210290034056145,0.4120723850321292
44.288,TARGET_1,-0.318466,0.40526,-0.314484,0.412923,-0.32009090170833654,0.4132069769652041
44.352,TARGET_1,-0.320892,0.406077,-0.319518,0.389253,-0.3213910725419286,0.4045206329875849
44.416,TARGET_1,-0.323318,0.406893,-0.330379,0.411339,-0.3264325719802409,0.4076705069596235
44.48,TARGET_1,-0.325745,0.40771,-0.339202,0.4224,-0.33305813377365606,0.4140322588746064
44.544,TARGET_1,-0.328171,0.408526,-0.325072,0.391826,-0.33160788883620607,0.40596554899878995
44.608,TARGET_1,-0.330597,0.409343,-0.344011,0.41011,-0.33807978482366136,0.40801061604306177
44.672,TARGET_1,-0.333024,0.410159,-0.31698,0.397904,-0.3314273100425884,0.4044635685883924
44.736,TARGET_1,-0.33545,0.410976,-0.31972,0.400485,-0.32816977346185705,0.4031953010757801
44.8,TARGET_1,-0.337876,0.411792,-0.318102,0.418856,-0.32537295733538474,0.4096375445429359
44.864,TARGET_1,-0.340303,0.412609,-0.352802,0.428724,-0.33725100685387843,0.41764039291628224
44.928,TARGET_1,-0.342729,0.413425,-0.357,0.418641,-0.3464362431287316,0.4187336890020916
44.992,TARGET_1,-0.345155,0.414242,-0.330893,0.41852,-0.3418921809519801,0.4193444531941936
45.056,TARGET_1,-0.347581,0.415058,-0.336753,0.429795,-0.341220040045709,0.42415647085214375
45.12,TARGET_1,-0.350008,0.415875,-0.358269,0.428477,-0.3492278544336084,0.42666843590568676
45.184,TARGET_1,-0.352434,0.416691,-0.367947,0.432342,-0.3580976887810536,0.4297560068546805
45.248,TARGET_1,-0.35486,0.417508,-0.366307,0.403512,-0.36302816563244433,0.420272053307157
45.312,TARGET_1,-0.357287,0.418324,-0.376623,0.417692,-0.37016252645271014,0.41977848167929
45.376,TARGET_1,-0.359713,0.41914,-0.358959,0.431265,-0.36762848067586334,0.4248043109515924
45.44,TARGET_1,-0.362139,0.419957,-0.347258,0.437561,-0.36127438225995545,0.43047646824514235
45.504,TARGET_1,-0.364566,0.420773,-0.37322,0.423495,-0.3673951708852731,0.4284963125927967
45.568,TARGET_1,-0.366992,0.42159,-0.360731,0.437862,-0.3662820882480954,0.4328730785965054
45.632,TARGET_1,-0.369418,0.422406,-0.354593,0.4225,-0.3630572476417999,0.4295506635398182
45.696,TARGET_1,-0.371845,0.423223,-0.387292,0.437621,-0.37385833108350364,0.4333690147021575
45.76,TARGET_1,-0.374271,0.424039,-0.387565,0.41251,-0.3807925881155313,0.42583528079364485
45.824,TARGET_1,-0.376697,0.424856,-0.394525,0.41288,-0.387887717001648,0.42113238902243216
45.888,TARGET_1,-0.379123,0.425672,-0.361064,0.436107,-0.3790833799691446,0.4272971099372218
45.952,TARGET_1,-0.38155,0.426489,-0.370324,0.445609,-0.3770257629525618,0.4349783366616081
46.016,TARGET_1,-0.383976,0.427305,-0.388944,0.415617,-0.3830006984932274,0.4279896493957187
46.08,TARGET_1,-0.386402,0.428122,-0.380866,0.417596,-0.38354744274053076,0.42427398262506894
46.144,TARGET_1,-0.388829,0.428938,-0.385437,0.43953,-0.38562683218827215,0.43055872544065554
46.208,TARGET_1,-0.391255,0.429755,-0.38356,0.449376,-0.38613654382832746,0.43845218794647167
46.272,TARGET_1,-0.393681,0.430571,-0.395634,0.433893,-0.3911646554645771,0.43733916607541357
46.336,TARGET_1,-0.396108,0.431388,-0.395041,0.444118,-0.3940680628089083,0.44063566658901276
46.4,TARGET_1,-0.398534,0.432204,-0.400947,0.418727,-0.3981811761487464,0.43265865214802574
46.464,TARGET_1,-0.40096,0.433021,-0.41412,0.416541,-0.4059406217376066,0.42666303267155536
46.528,TARGET_1,-0.403386,0.433837,-0.39958,0.429427,-0.4050586706840762,0.4279132291545602
46.592,TARGET_1,-0.405813,0.434654,-0.419763,0.446823,-0.41238974529077965,0.4355856371891306
46.656,TARGET_1,-0.408239,0.43547,-0.402001,0.423172,-0.40995611105479696,0.4311141102794787
46.72,TARGET_1,-0.410665,0.436287,-0.40405,0.419491,-0.4091191530968799,0.4267786653401944
46.784,TARGET_1,-0.413092,0.437103,-0.421402,0.450328,-0.41536636696699797,0.43619801305271616
46.848,TARGET_1,-0.415518,0.43792,-0.400156,0.427351,-0.41086942899695766,0.43311324858834777
46.912,TARGET_1,-0.417944,0.438736,-0.419179,0.450855,-0.415440426424269,0.44042084853373153
46.976,TARGET_1,-0.420371,0.439553,-0.425314,0.440373,-0.4207134475249642,0.4409216646449144
47.04,TARGET_1,-0.422797,0.440369,-0.40539,0.435715,-0.416118937966529,0.43936904583421926
47.104,TARGET_1,-0.425223,0.441185,-0.418778,0.439613,-0.41840098323414115,0.43989181152009094
47.168,TARGET_1,-0.42765,0.442002,-0.414234,0.45328,-0.41799050499666685,0.44560925064094276
47.232,TARGET_1,-0.430076,0.442818,-0.414801,0.456104,-0.41788321073266604,0.45035249509989245
47.296,TARGET_1,-0.432502,0.443635,-0.434508,0.46073,-0.425547406607653,0.45517731936697997
47.36,TARGET_1,-0.434928,0.444451,-0.430602,0.434778,-0.4288329099095462,0.44794799556351317
47.424,TARGET_1,-0.437355,0.445268,-0.455089,0.460468,-0.440546729342391,0.4534510735545229
47.488,TARGET_1,-0.439781,0.446084,-0.429325,0.443363,-0.43775498617643344,0.45016477150958484
47.552,TARGET_1,-0.442207,0.446901,-0.42539,0.461523,-0.43432331515720635,0.455212948158848
47.616,TARGET_1,-0.444634,0.447717,-0.438023,0.466289,-0.4370493060694394,0.4602898723205663
47.68,TARGET_1,-0.44706,0.448534,-0.45084,0.465956,-0.4437897462810293,0.4633596919344239
47.744,TARGET_1,-0.449486,0.44935,-0.460615,0.463597,-0.4518877612548974,0.4643392178714308
47.808,TARGET_1,-0.451913,0.450167,-0.463343,0.440265,-0.4580551632279626,0.45568270714360104
47.872,TARGET_1,-0.454339,0.450983,-0.46586,0.454846,-0.46289583768875403,0.45587771169042685
47.936,TARGET_1,-0.456765,0.4518,-0.446753,0.471796,-0.4583269101428706,0.46267933439151965
48.0,TARGET_1,-0.459192,0.452616,-0.450323,0.468018,-0.4567208534901595,0.46549768457863905
48.064,TARGET_1,-0.461618,0.453433,-0.457342,0.470142,-0.4583851851418955,0.4680973729968704
48.128,TARGET_1,-0.464044,0.454249,-0.456352,0.473423,-0.4589760468059567,0.4710121339213101
48.192,TARGET_1,-0.46647,0.455066,-0.479269,0.453554,-0.46834247277303537,0.46496551634430466
48.256,TARGET_1,-0.468897,0.455882,-0.46503,0.462604,-0.46861187909958885,0.4646383838959293
48.32,TARGET_1,-0.471323,0.456699,-0.475042,0.46035,-0.4726565132557699,0.46350356845280627
48.384,TARGET_1,-0.473749,0.457515,-0.484162,0.472252,-0.47876243217718195,0.46745695997327524
48.448,TARGET_1,-0.476176,0.458332,-0.470997,0.445314,-0.47736342344332994,0.45929401426702726
48.512,TARGET_1,-0.478602,0.459148,-0.471231,0.473099,-0.4764689067116154,0.46504380482641217
48.576,TARGET_1,-0.481028,0.459965,-0.477761,0.44111,-0.4783955604997732,0.4560404351829003
48.64,TARGET_1,-0.483455,0.460781,-0.491374,0.443835,-0.4849321188878789,0.45134551512011645
48.704,TARGET_1,-0.485881,0.461598,-0.485722,0.464678,-0.4867892713411318,0.4565882651715652
48.768,TARGET_1,-0.488307,0.462414,-0.470345,0.470012,-0.481803511721395,0.46204711710379154
48.832,TARGET_1,-0.490733,0.46323,-0.495495,0.448651,-0.488486840805651,0.45707117706974987
48.896,TARGET_1,-0.49316,0.464047,-0.502492,0.467943,-0.4954502137071477,0.46151016475495094
48.96,TARGET_1,-0.495586,0.464863,-0.503397,0.477758,-0.5001731046435262,0.4682194496027893
49.024,TARGET_1,-0.498012,0.46568,-0.513715,0.453617,-0.507181585575864,0.4629342051571474
49.088,TARGET_1,-0.500439,0.466496,-0.481908,0.450221,-0.49897702464323634,0.4581891846076765
49.152,TARGET_1,-0.502865,0.467313,-0.519446,0.476603,-0.5084919778736894,0.4655831320129621
49.216,TARGET_1,-0.505291,0.468129,-0.515149,0.484181,-0.5127855794438653,0.4732950965791984
49.28,TARGET_1,-0.507718,0.468946,-0.517605,0.458955,-0.5164046695591956,0.4682164626463666
49.344,TARGET_1,-0.510144,0.469762,-0.529342,0.469084,-0.523262540787561,0.46894907913391914
49.408,TARGET_1,-0.51257,0.470579,-0.496582,0.459115,-0.5145797819242911,0.46545030939230064
49.472,TARGET_1,-0.514997,0.471395,-0.498278,0.482098,-0.509603213738986,0.47228881807835665
49.536,TARGET_1,-0.517423,0.472212,-0.518197,0.480831,-0.5142252746023288,0.4761384138150654
49.6,TARGET_1,-0.519849,0.473028,-0.5238,0.469517,-0.5193238417118137,0.4740925267005896
49.664,TARGET_1,-0.522275,0.473845,-0.515673,0.467045,-0.519288944662076,0.4717762310113829
49.728,TARGET_1,-0.524702,0.474661,-0.511253,0.473168,-0.5174385066533138,0.47269390449968074
49.792,TARGET_1,-0.522222,0.474024,-0.521697,0.477364,-0.5203150730799422,0.4749192864384523
49.856,TARGET_1,-0.519743,0.473388,-0.510157,0.478908,-0.5175180772401702,0.47692945571273887
49.92,TARGET_1,-0.517263,0.472751,-0.506195,0.454859,-0.5140963318095727,0.46867262214957184
49.984,TARGET_1,-0.514784,0.472114,-0.529096,0.461754,-0.5209140985269419,0.4661036746596525
50.048,TARGET_1,-0.512304,0.471477,-0.519318,0.454983,-0.5213473417968556,0.4617752896718485
50.112,TARGET_1,-0.509825,0.47084,-0.526764,0.478567,-0.5245102219075417,0.46834007749349565
50.176,TARGET_1,-0.507345,0.470203,-0.499576,0.456561,-0.5157140899676077,0.46382759782599137
50.24,TARGET_1,-0.504866,0.469566,-0.517241,0.477364,-0.5170289589963513,0.4691702007783955
50.304,TARGET_1,-0.502386,0.46893,-0.491731,0.482154,-0.5077345504289524,0.47447646297342594
50.368,TARGET_1,-0.499907,0.468293,-0.500458,0.448725,-0.5052147281934948,0.46462688073849595
50.432,TARGET_1,-0.497427,0.467656,-0.494757,0.461963,-0.5013303486380868,0.46355871760937584
50.496,TARGET_1,-0.494948,0.467019,-0.507674,0.482204,-0.5039476391393384,0.4708866049279663
50.56,TARGET_1,-0.492468,0.466382,-0.504809,0.482742,-0.5044786223775559,0.4757796986848527
50.624,TARGET_1,-0.489988,0.465745,-0.481936,0.447725,-0.49575652833712436,0.46503617969599853
50.688,TARGET_1,-0.487509,0.465108,-0.473195,0.461693,-0.48671944733255307,0.4636852780946131
50.752,TARGET_1,-0.485029,0.464472,-0.473555,0.461999,-0.4810996607720911,0.46294564695464446
50.816,TARGET_1,-0.48255,0.463835,-0.499345,0.445381,-0.48774014968914886,0.4559022406114838
50.88,TARGET_1,-0.48007,0.463198,-0.470568,0.459923,-0.4806249448047037,0.4571655953295249
50.944,TARGET_1,-0.477591,0.462561,-0.458773,0.453642,-0.47143428387769265,0.45550517125096374
51.008,TARGET_1,-0.475111,0.461924,-0.464213,0.470989,-0.4677509322583121,0.46132410057063417
51.072,TARGET_1,-0.472632,0.461287,-0.466056,0.468476,-0.4661755144226091,0.4640613171235968
51.136,TARGET_1,-0.470152,0.460651,-0.469394,0.44069,-0.4665415659850501,0.4548194120442747
51.2,TARGET_1,-0.467673,0.460014,-0.452794,0.447967,-0.46025800026428215,0.45179928608099473
51.264,TARGET_1,-0.465193,0.459377,-0.46015,0.476929,-0.4592052292273237,0.46134849760004915
51.328,TARGET_1,-0.462714,0.45874,-0.460582,0.445186,-0.45876096971175007,0.45490597824729095
51.392,TARGET_1,-0.460234,0.458103,-0.460126,0.441416,-0.45835258261557565,0.4493046453125952
51.456,TARGET_1,-0.457755,0.457466,-0.448979,0.472093,-0.4537346271367785,0.4578823081758018
51.52,TARGET_1,-0.455275,0.456829,-0.46804,0.446088,-0.4583800875921791,0.4530925789614625
51.584,TARGET_1,-0.452796,0.456193,-0.458481,0.468445,-0.45762009623459876,0.45888834641059084
51.648,TARGET_1,-0.450316,0.455556,-0.458149,0.454503,-0.45704860648222195,0.4570869597962481
51.712,TARGET_1,-0.447837,0.454919,-0.448479,0.455704,-0.45290152520834376,0.4564160568101357
51.776,TARGET_1,-0.445357,0.454282,-0.455727,0.468255,-0.45316481947884757,0.46096091930678884
51.84,TARGET_1,-0.442878,0.453645,-0.450238,0.435946,-0.45120906911175884,0.45108583289861676
51.904,TARGET_1,-0.440398,0.453008,-0.44752,0.458372,-0.4489301075054908,0.4536546968789992
51.968,TARGET_1,-0.437919,0.452372,-0.434859,0.43576,-0.4425118326814248,0.4463650209062975
52.032,TARGET_1,-0.435439,0.451735,-0.447228,0.441729,-0.4433569833851467,0.44408554253070526
52.096,TARGET_1,-0.432959,0.451098,-0.416253,0.455157,-0.4316977483156634,0.44796872599115856
52.16,TARGET_1,-0.43048,0.450461,-0.435967,0.462455,-0.4321085494344496,0.4533630141785896
52.224,TARGET_1,-0.428,0.449824,-0.429109,0.441479,-0.4297291003344002,0.4485254706344801
52.288,TARGET_1,-0.425521,0.449187,-0.417734,0.438331,-0.4237765174721322,0.4441996576137821
52.352,TARGET_1,-0.423041,0.44855,-0.421857,0.448302,-0.4216761696260927,0.44540019352755406
52.416,TARGET_1,-0.420562,0.447914,-0.429889,0.432203,-0.4235889867053046,0.43982025845931433
52.48,TARGET_1,-0.418082,0.447277,-0.424642,0.459346,-0.4228090007821321,0.4470185668121297
52.544,TARGET_1,-0.415603,0.44664,-0.428607,0.428392,-0.42394728291366157,0.4393951524559851
52.608,TARGET_1,-0.413123,0.446003,-0.432293,0.437374,-0.4261973180812638,0.43809730615841846
52.672,TARGET_1,-0.410644,0.445366,-0.409359,0.454087,-0.4186182274116074,0.44390985187503523
52.736,TARGET_1,-0.408164,0.444729,-0.402291,0.438111,-0.4110353462832624,0.4413276028166834
52.8,TARGET_1,-0.405685,0.444093,-0.402377,0.445761,-0.4062923069881112,0.4427224545623865
52.864,TARGET_1,-0.403205,0.443456,-0.407734,0.429135,-0.4054585099314785,0.437054469361871
52.928,TARGET_1,-0.400726,0.442819,-0.383121,0.460581,-0.39526644831204666,0.44589544287431376
52.992,TARGET_1,-0.398246,0.442182,-0.385311,0.453794,-0.3897034533074072,0.4488795330020068
53.056,TARGET_1,-0.395767,0.441545,-0.37775,0.432803,-0.3832521608592982,0.44248656757748217
53.12,TARGET_1,-0.393287,0.440908,-0.39827,0.460107,-0.38735037745766326,0.4492112721015757
53.184,TARGET_1,-0.390808,0.440271,-0.403592,0.435188,-0.39217577878293286,0.4436577062208774
53.248,TARGET_1,-0.388328,0.439635,-0.374381,0.434674,-0.38378775451806924,0.4399097321800189
53.312,TARGET_1,-0.385849,0.438998,-0.404605,0.445399,-0.3904683371819641,0.441771892585242
53.376,TARGET_1,-0.383369,0.438361,-0.398915,0.441581,-0.39256869965229124,0.44146724468448717
53.44,TARGET_1,-0.38089,0.437724,-0.381856,0.457418,-0.38722933960596256,0.447552013752055
53.504,TARGET_1,-0.37841,0.437087,-0.3626,0.446303,-0.3762639224614006,0.44705074009961565
53.568,TARGET_1,-0.375931,0.43645,-0.358986,0.417942,-0.3679032734049873,0.4355093640584318
53.632,TARGET_1,-0.373451,0.435813,-0.364602,0.444613,-0.3648744600239048,0.43869688986525573
53.696,TARGET_1,-0.370971,0.435177,-0.382677,0.4278,-0.37018988726585605,0.434102292081809
53.76,TARGET_1,-0.368492,0.43454,-0.350488,0.416491,-0.36094349660278946,0.42671073102698465
53.824,TARGET_1,-0.366012,0.433903,-0.358117,0.448347,-0.35814168285702436,0.43462115577022525
53.888,TARGET_1,-0.363533,0.433266,-0.345193,0.425024,-0.35133419917577,0.4304786185575834
53.952,TARGET_1,-0.361053,0.432629,-0.359482,0.43288,-0.3527374766669367,0.43096226674704574
54.016,TARGET_1,-0.358574,0.431992,-0.36099,0.420319,-0.354332255915366,0.426327111439212
54.08,TARGET_1,-0.356094,0.431356,-0.37539,0.44304,-0.36114190671509194,0.43238248934506246
54.144,TARGET_1,-0.353615,0.430719,-0.340463,0.428404,-0.3517543259871288,0.4304878850769363
54.208,TARGET_1,-0.351135,0.430082,-0.369377,0.430216,-0.3572705850306166,0.4300135341214966
54.272,TARGET_1,-0.348656,0.429445,-0.33447,0.445133,-0.3470616397617242,0.43563369836705096
54.336,TARGET_1,-0.346176,0.428808,-0.335367,0.441961,-0.3409669029119669,0.4379863607231536
54.4,TARGET_1,-0.343697,0.428171,-0.355116,0.435101,-0.3449733520387749,0.43678221601763917
54.464,TARGET_1,-0.341217,0.427534,-0.348137,0.413384,-0.3448587803641768,0.4274241902439702
54.528,TARGET_1,-0.338738,0.426898,-0.343715,0.435542,-0.3431127967568955,0.43022395108989026
54.592,TARGET_1,-0.336258,0.426261,-0.328787,0.42357,-0.3361643856537415,0.42729718583618803
54.656,TARGET_1,-0.333779,0.425624,-0.333771,0.445237,-0.3337732138381219,0.43401868889159045
54.72,TARGET_1,-0.331299,0.424987,-0.325208,0.416975,-0.32893993958950585,0.427147616075576
54.784,TARGET_1,-0.32882,0.42435,-0.328934,0.418422,-0.3274103415289977,0.4233414766416425
54.848,TARGET_1,-0.32634,0.423713,-0.307555,0.429842,-0.31806068427761225,0.4254505188836658
54.912,TARGET_1,-0.323861,0.423077,-0.335976,0.403694,-0.323422272857994,0.4164765973046028
54.976,TARGET_1,-0.321381,0.42244,-0.318709,0.441597,-0.3201095594589352,0.42576640367283936
55.04,TARGET_1,-0.318902,0.421803,-0.312756,0.427917,-0.3157209818151033,0.4263198061128596
55.104,TARGET_1,-0.316422,0.421166,-0.299753,0.411264,-0.3078579008394295,0.42010056079806884
55.168,TARGET_1,-0.313942,0.420529,-0.311195,0.405123,-0.307453071102252,0.4137156622010226
55.232,TARGET_1,-0.311463,0.419892,-0.310433,0.41887,-0.3069901749452048,0.41510531524781125
55.296,TARGET_1,-0.308983,0.419255,-0.295235,0.430432,-0.30077353336831153,0.42060370060661006
55.36,TARGET_1,-0.306504,0.418619,-0.304633,0.431845,-0.30061202100880086,0.42470427048517945
55.424,TARGET_1,-0.304024,0.417982,-0.313819,0.418939,-0.3042385750593843,0.42223460533124785
55.488,TARGET_1,-0.301545,0.417345,-0.30084,0.416432,-0.30150785013687226,0.4196768405104175
55.552,TARGET_1,-0.299065,0.416708,-0.308847,0.409641,-0.3030109410778274,0.41537188243663337
55.616,TARGET_1,-0.296586,0.416071,-0.307617,0.434101,-0.3035624617121071,0.42232105738443376
55.68,TARGET_1,-0.294106,0.415434,-0.278156,0.414324,-0.2923289183624581,0.4189573911890332
55.744,TARGET_1,-0.291627,0.414797,-0.284066,0.402939,-0.2875633413863312,0.41231677136759903
55.808,TARGET_1,-0.289147,0.414161,-0.273483,0.411483,-0.28041812563040963,0.41147570793663624
55.872,TARGET_1,-0.286668,0.413524,-0.295301,0.404071,-0.2845786946165846,0.40803483539481095
55.936,TARGET_1,-0.284188,0.412887,-0.273439,0.405221,-0.27868129107136996,0.4063222723393999
56.0,TARGET_1,-0.281709,0.41225,-0.262916,0.413059,-0.2708370025586667,0.40836414834939905
56.064,TARGET_1,-0.279229,0.411613,-0.291468,0.429162,-0.27721766225732314,0.4160741541964593
56.128,TARGET_1,-0.27675,0.410976,-0.270452,0.416308,-0.2730751513337014,0.41593865099706245
56.192,TARGET_1,-0.27427,0.41034,-0.278823,0.415346,-0.2738255893446479,0.41548433966276926
56.256,TARGET_1,-0.271791,0.409703,-0.26387,0.392475,-0.26847372342989284,0.40615717229442144
56.32,TARGET_1,-0.269311,0.409066,-0.262535,0.408148,-0.2646088080410929,0.40641757926108146
56.384,TARGET_1,-0.266832,0.408429,-0.267012,0.398877,-0.26399845821581885,0.40294512532575133
56.448,TARGET_1,-0.264352,0.407792,-0.278383,0.403176,-0.26819590942123306,0.40245714473229754
56.512,TARGET_1,-0.261873,0.407155,-0.272077,0.402891,-0.2684640443755733,0.4020654734865422
56.576,TARGET_1,-0.259393,0.406518,-0.258852,0.411177,-0.2634736383798806,0.40512572892100424
56.64,TARGET_1,-0.256913,0.405882,-0.245088,0.418364,-0.2549088878678535,0.4099534846632057
56.704,TARGET_1,-0.254434,0.405245,-0.236116,0.386951,-0.24596448348791827,0.40062872464575894
56.768,TARGET_1,-0.251954,0.404608,-0.246358,0.387019,-0.2443925780381341,0.3947161389401041
56.832,TARGET_1,-0.249475,0.403971,-0.26,0.423252,-0.24888420232101835,0.4053083495982099
56.896,TARGET_1,-0.246995,0.403334,-0.265965,0.404866,-0.2542061342695617,0.4048337816850125
56.96,TARGET_1,-0.244516,0.402697,-0.230943,0.409686,-0.24382651688838916,0.4064548717052571
57.024,TARGET_1,-0.242036,0.402061,-0.25421,0.413595,-0.24647344910366759,0.4090531285875323
57.088,TARGET_1,-0.239557,0.401424,-0.247983,0.396635,-0.24578130454246622,0.40401368094880347
57.152,TARGET_1,-0.237077,0.400787,-0.227097,0.396997,-0.23714789461235963,0.4009472888739987
57.216,TARGET_1,-0.234598,0.40015,-0.231706,0.38415,-0.23353057546514774,0.39392303709725124
57.28,TARGET_1,-0.232118,0.399513,-0.246796,0.402363,-0.23727472372021496,0.3966671467372492
57.344,TARGET_1,-0.229639,0.398876,-0.222231,0.415862,-0.23002942875458451,0.4037934564091117
57.408,TARGET_1,-0.227159,0.398239,-0.237113,0.386888,-0.23136589042753825,0.3969042126716165
57.472,TARGET_1,-0.22468,0.397603,-0.232168,0.377886,-0.2303447924268362,0.3889561385415439
57.536,TARGET_1,-0.2222,0.396966,-0.233955,0.409087,-0.23047536176262884,0.39625215961596977
57.6,TARGET_1,-0.219721,0.396329,-0.214593,0.38273,-0.22297058300431394,0.3905180142463663
57.664,TARGET_1,-0.217241,0.395692,-0.230808,0.405186,-0.22466478463159872,0.3957647903638325
57.728,TARGET_1,-0.214762,0.395055,-0.226014,0.3782,-0.22392843759035913,0.3884674057535546
57.792,TARGET_1,-0.212282,0.394418,-0.219196,0.390546,-0.22083212137160876,0.3887140158343524
57.856,TARGET_1,-0.209803,0.393782,-0.22434,0.381305,-0.22095990873093707,0.38524735423574674
57.92,TARGET_1,-0.207323,0.393145,-0.224155,0.406052,-0.2210391401086461,0.3928564847746716
57.984,TARGET_1,-0.204844,0.392508,-0.22185,0.377162,-0.22024431269926423,0.38631733256652584
58.048,TARGET_1,-0.202364,0.391871,-0.2147,0.409533,-0.21697061335924755,0.3949703439186634
58.112,TARGET_1,-0.199885,0.391234,-0.193163,0.402914,-0.20642001689812187,0.39790458353811514
58.176,TARGET_1,-0.197405,0.390597,-0.209296,0.39216,-0.2061325493792292,0.39553415490099747
58.24,TARGET_1,-0.194925,0.38996,-0.178206,0.376612,-0.19372760134002298,0.3878745837276728
58.304,TARGET_1,-0.192446,0.389324,-0.176321,0.399859,-0.18513980428728008,0.39219345339190675
58.368,TARGET_1,-0.189966,0.388687,-0.18018,0.391151,-0.1812807059203521,0.39152844277892795
58.432,TARGET_1,-0.187487,0.38805,-0.169543,0.379707,-0.1747152541170694,0.38659003115169677
58.496,TARGET_1,-0.185007,0.387413,-0.178533,0.393151,-0.1741896611744154,0.38877197787784373
58.56,TARGET_1,-0.182528,0.386776,-0.178583,0.371348,-0.17398845652019795,0.38156105538719587
58.624,TARGET_1,-0.180048,0.386139,-0.176928,0.366878,-0.17331424628731493,0.3752074139428884
58.688,TARGET_1,-0.177569,0.385502,-0.174386,0.403398,-0.17198139968285403,0.38563257599499173
58.752,TARGET_1,-0.175089,0.384866,-0.166204,0.383146,-0.16799199987596017,0.3843147572063045
58.816,TARGET_1,-0.17261,0.384229,-0.189686,0.374843,-0.17483263027504092,0.38020705498952995
58.88,TARGET_1,-0.17013,0.383592,-0.162362,0.393223,-0.16848557417397872,0.3848778791662475
58.944,TARGET_1,-0.167651,0.382955,-0.15448,0.401458,-0.16139492607603775,0.3911446459728812
59.008,TARGET_1,-0.165171,0.382318,-0.159515,0.367733,-0.15894826649545657,0.3818170446635386
59.072,TARGET_1,-0.162692,0.381681,-0.166495,0.387201,-0.1602441332459268,0.38356984362704555
59.136,TARGET_1,-0.160212,0.381045,-0.157867,0.380574,-0.15775243138756154,0.3820877383005078
59.2,TARGET_1,-0.157733,0.380408,-0.156657,0.380627,-0.1557704191870325,0.3811793588919044
59.264,TARGET_1,-0.155253,0.379771,-0.146679,0.397813,-0.15064430139898755,0.3874182272360781
59.328,TARGET_1,-0.152774,0.379134,-0.149554,0.396292,-0.14859581758708637,0.3908179740935332
59.392,TARGET_1,-0.150294,0.378497,-0.162243,0.371592,-0.1523999431669418,0.38322108195106197
59.456,TARGET_1,-0.147815,0.37786,-0.158915,0.381159,-0.15360105524857026,0.38215680801712654
59.52,TARGET_1,-0.145335,0.377223,-0.140838,0.359046,-0.14729248839318415,0.37274182684565843
59.584,TARGET_1,-0.142856,0.376587,-0.158074,0.366005,-0.15015636331827414,0.3695009289258564
59.648,TARGET_1,-0.140376,0.37595,-0.126714,0.386198,-0.1396547901879884,0.37545451143659353
59.712,TARGET_1,-0.137896,0.375313,-0.125432,0.361824,-0.13251326199289615,0.36964719601109625
59.776,TARGET_1,-0.135417,0.374676,-0.155052,0.376869,-0.13975988331168315,0.3719166055132405
59.84,TARGET_1,-0.132937,0.374039,-0.124939,0.361243,-0.13256439440843606,0.36721539581355306
59.904,TARGET_1,-0.130458,0.373402,-0.129929,0.386582,-0.13002076378208416,0.3742675337692286
59.968,TARGET_1,-0.127978,0.372766,-0.141551,0.364912,-0.13308011187464128,0.37022896618163453
60.032,TARGET_1,-0.125499,0.372129,-0.1373,0.381475,-0.13343539713265634,0.3742236717906838
60.096,TARGET_1,-0.123019,0.371492,-0.111706,0.352926,-0.12360912292103754,0.3655029090961684
60.16,TARGET_1,-0.12054,0.370855,-0.112954,0.362197,-0.11789984508283002,0.3636212451878377
60.224,TARGET_1,-0.11806,0.370218,-0.108789,0.361223,-0.11269155825509018,0.36206703400225465
60.288,TARGET_1,-0.115581,0.369581,-0.105488,0.352826,-0.10815111000315554,0.3577865059282873
60.352,TARGET_1,-0.113101,0.368944,-0.123605,0.38299,-0.11251644875873831,0.36702452944506603
60.416,TARGET_1,-0.110622,0.368308,-0.094278,0.374765,-0.10379720907468815,0.36970805972123305
60.48,TARGET_1,-0.108142,0.367671,-0.119838,0.375074,-0.10842968909885344,0.37156455869232174
60.544,TARGET_1,-0.105663,0.367034,-0.122444,0.365651,-0.1125141712387386,0.3690360993418291
60.608,TARGET_1,-0.103183,0.366397,-0.084532,0.369382,-0.10020253120737141,0.36890904849257433
60.672,TARGET_1,-0.100704,0.36576,-0.104816,0.363269,-0.10043958176810891,0.36642401576383543
0.064,TARGET_2,0.59819,0.49819,0.601182,0.489618,0.601182,0.489618
0.128,TARGET_2,0.59638,0.49638,0.580103,0.479673,0.5895001195287395,0.4841065288065522
0.192,TARGET_2,0.594569,0.494569,0.598905,0.475187,0.5935594350584341,0.47965421422273896
0.256,TARGET_2,0.592759,0.492759,0.604826,0.507355,0.5987191444471793,0.49208731457497995
0.32,TARGET_2,0.590949,0.490949,0.609916,0.485741,0.6042912397090532,0.48974119930982124
0.384,TARGET_2,0.589139,0.489139,0.572275,0.499588,0.5901747744847715,0.4946420046664298
0.448,TARGET_2,0.587329,0.487329,0.596115,0.482611,0.5924283851290639,0.4897889403657593
0.512,TARGET_2,0.585518,0.485518,0.596895,0.482583,0.5942019563858422,0.48675501146394357
0.576,TARGET_2,0.583708,0.483708,0.597804,0.476922,0.5957098303490703,0.4823679704796176
0.64,TARGET_2,0.581898,0.481898,0.563793,0.495547,0.5817413068055319,0.4878455808843226
0.704,TARGET_2,0.580088,0.480088,0.579468,0.472245,0.5799236099736389,0.48117214029359096
0.768,TARGET_2,0.578278,0.478278,0.59703,0.465826,0.5863593035925488,0.47430339582918835
0.832,TARGET_2,0.576467,0.476467,0.560562,0.472254,0.5750259004456956,0.4727752427350816
0.896,TARGET_2,0.574657,0.474657,0.572895,0.469083,0.5731489172339408,0.47054380589784944
0.96,TARGET_2,0.572847,0.472847,0.591287,0.473381,0.5796782531573784,0.4709796751958137
1.024,TARGET_2,0.571037,0.471037,0.558193,0.454437,0.57019913000651,0.46349233485799596
1.088,TARGET_2,0.569227,0.469227,0.573368,0.482472,0.5704971710054092,0.4703203428060275
1.152,TARGET_2,0.567417,0.467417,0.573523,0.474626,0.5708142394505626,0.47148780040748867
1.216,TARGET_2,0.565606,0.465606,0.565844,0.479446,0.5679530698119679,0.4742223421879146
1.28,TARGET_2,0.563796,0.463796,0.561555,0.46116,0.5644592166198464,0.4685791511462247
1.344,TARGET_2,0.561986,0.461986,0.575843,0.444947,0.5680708954068814,0.4584803326259146
1.408,TARGET_2,0.560176,0.460176,0.560322,0.464487,0.5641722811690499,0.4599785668413588
1.472,TARGET_2,0.558366,0.458366,0.554365,0.45301,0.5593518336627195,0.4563747526186839
1.536,TARGET_2,0.556555,0.456555,0.561488,0.439134,0.5591992185635957,0.44857005309186654
1.6,TARGET_2,0.554745,0.454745,0.557065,0.468699,0.5573922290089153,0.45549760508443715
1.664,TARGET_2,0.552935,0.452935,0.533638,0.453874,0.5469354931096861,0.4540450284798723
1.728,TARGET_2,0.551125,0.451125,0.550032,0.450782,0.5468833510065646,0.45193393515375163
1.792,TARGET_2,0.549315,0.449315,0.530561,0.446882,0.5391615682125207,0.44908244722514057
1.856,TARGET_2,0.547504,0.447504,0.540569,0.439379,0.538302344026678,0.44432657531951636
1.92,TARGET_2,0.545694,0.445694,0.564526,0.445886,0.5473735693506714,0.4439390481823808
1.984,TARGET_2,0.543884,0.443884,0.552978,0.428616,0.5486393620601338,0.43688148905027663
2.048,TARGET_2,0.542074,0.442074,0.524558,0.453326,0.5382050028556004,0.442261346515248
2.112,TARGET_2,0.540264,0.440264,0.529336,0.424285,0.5335016821627908,0.4342201698076461
2.176,TARGET_2,0.538453,0.438453,0.539736,0.436508,0.5347004353719939,0.4339987001858124
2.24,TARGET_2,0.536643,0.436643,0.555287,0.4465,0.5417100914319143,0.4378880092392265
2.304,TARGET_2,0.534833,0.434833,0.547457,0.422768,0.5431400536043637,0.4310139112818344
2.368,TARGET_2,0.533023,0.433023,0.530807,0.437353,0.5374968673852325,0.43246428331210307
2.432,TARGET_2,0.531213,0.431213,0.546728,0.419619,0.5402528647265268,0.42641840100808975
2.496,TARGET_2,0.529402,0.429402,0.526,0.433568,0.5338457289400246,0.42814525234685236
2.56,TARGET_2,0.527592,0.427592,0.536441,0.439911,0.5339391536974363,0.43182358557856376
2.624,TARGET_2,0.525782,0.425782,0.541871,0.444162,0.536203345812325,0.4359105904763624
2.688,TARGET_2,0.523972,0.423972,0.53866,0.431989,0.5364256692473288,0.433741135403243
2.752,TARGET_2,0.522162,0.422162,0.516109,0.433093,0.5276774093657571,0.43282903192870914
2.816,TARGET_2,0.520351,0.420351,0.506897,0.434844,0.5184863256838913,0.4329775775829087
2.88,TARGET_2,0.518541,0.418541,0.533871,0.406927,0.5233575324723191,0.42205368943933613
2.944,TARGET_2,0.516731,0.416731,0.519398,0.398274,0.5208041975187363,0.4116906573065688
3.008,TARGET_2,0.514921,0.414921,0.523559,0.407487,0.520877858214205,0.4087785232614812
3.072,TARGET_2,0.513111,0.413111,0.497416,0.428043,0.5106321850328205,0.4151286204011305
3.136,TARGET_2,0.511301,0.411301,0.517606,0.40951,0.5121401165095707,0.4119164987208128
3.2,TARGET_2,0.50949,0.40949,0.528508,0.416028,0.5174886957777496,0.41250234085616977
3.264,TARGET_2,0.50768,0.40768,0.518251,0.403304,0.5169059788592325,0.40789841399478255
3.328,TARGET_2,0.50587,0.40587,0.514793,0.415381,0.5152151918740331,0.4097945118608575
3.392,TARGET_2,0.50406,0.40406,0.488325,0.422409,0.503708294476676,0.4138463550259817
3.456,TARGET_2,0.50225,0.40225,0.506258,0.400689,0.5035102215210903,0.40788907535127616
3.52,TARGET_2,0.500439,0.400439,0.507034,0.396241,0.5037588942281804,0.40236865543222317
3.584,TARGET_2,0.498629,0.398629,0.479021,0.41312,0.49289578436413645,0.4055764287400265
3.648,TARGET_2,0.496819,0.396819,0.490733,0.387762,0.4906576113594547,0.3976474270466783
3.712,TARGET_2,0.495009,0.395009,0.478622,0.41059,0.4845140552791898,0.40166997343776406
3.776,TARGET_2,0.493199,0.393199,0.478714,0.37613,0.4807068785201811,0.390662429120531
3.84,TARGET_2,0.491388,0.391388,0.488302,0.38291,0.4821561275103945,0.3863702348900822
3.904,TARGET_2,0.489578,0.389578,0.483984,0.384353,0.4814600145242723,0.3842705185474477
3.968,TARGET_2,0.487768,0.387768,0.502278,0.37195,0.48833475304560964,0.3780954839714564
4.032,TARGET_2,0.485958,0.385958,0.469049,0.391949,0.4796504731999826,0.38214095082201227
4.096,TARGET_2,0.484148,0.384148,0.484036,0.396794,0.4800970511850541,0.3867211383951389
4.16,TARGET_2,0.482337,0.382337,0.486691,0.392601,0.4815051878974258,0.38805397737073494
4.224,TARGET_2,0.480527,0.380527,0.489603,0.363885,0.48362383215183824,0.377597723274352
4.288,TARGET_2,0.478717,0.378717,0.465751,0.396813,0.47559906238232535,0.38400325879452885
4.352,TARGET_2,0.476907,0.376907,0.475831,0.362202,0.4745190608450358,0.37446388817449006
4.416,TARGET_2,0.475097,0.375097,0.481914,0.379568,0.4763026020508348,0.37529786453703196
4.48,TARGET_2,0.473286,0.373286,0.473679,0.383398,0.4742467849675775,0.3774123717150039
4.544,TARGET_2,0.471476,0.371476,0.473484,0.37298,0.4729146366983968,0.37470111280871526
4.608,TARGET_2,0.469666,0.369666,0.486496,0.386963,0.4772709591564814,0.3785572617027331
4.672,TARGET_2,0.467856,0.367856,0.48217,0.383956,0.4783970955499788,0.3798848141658175
4.736,TARGET_2,0.466046,0.366046,0.473294,0.350381,0.4756494934003607,0.367492539580263
4.8,TARGET_2,0.464235,0.364235,0.458864,0.376848,0.46822693414870903,0.3700954900220593
4.864,TARGET_2,0.462425,0.362425,0.45704,0.344286,0.46281128440559716,0.35893451160027057
4.928,TARGET_2,0.460615,0.360615,0.474426,0.361108,0.4662894299798026,0.35851995375683166
4.992,TARGET_2,0.458805,0.358805,0.477933,0.352618,0.4699600463535398,0.354967677046145
5.056,TARGET_2,0.456995,0.356995,0.455462,0.343952,0.4634643196415901,0.34933971050817714
5.12,TARGET_2,0.455185,0.355185,0.471681,0.357778,0.46577831610097503,0.3512894249937566
5.184,TARGET_2,0.453374,0.353374,0.445107,0.348009,0.4567932353976068,0.34874665055178894
5.248,TARGET_2,0.451564,0.351564,0.432789,0.370787,0.4462293531545223,0.3562063916385112
5.312,TARGET_2,0.449754,0.349754,0.468804,0.333976,0.4537967361112852,0.34647352426025746
5.376,TARGET_2,0.447944,0.347944,0.462836,0.366435,0.4563423686022874,0.35315703655042424
5.44,TARGET_2,0.446134,0.346134,0.445087,0.348283,0.45100232288222913,0.35030909473107247
5.504,TARGET_2,0.444323,0.344323,0.463758,0.363451,0.4550313260731042,0.35454460238338215
5.568,TARGET_2,0.442513,0.342513,0.461364,0.335737,0.45671305582572513,0.3463365367351428
5.632,TARGET_2,0.440703,0.340703,0.436127,0.329641,0.4478471030727961,0.33872832571794315
5.696,TARGET_2,0.438893,0.338893,0.454695,0.337193,0.44957539992307743,0.3369164883015026
5.76,TARGET_2,0.437083,0.337083,0.422436,0.352065,0.43796956981660135,0.3417122377988025
5.824,TARGET_2,0.435272,0.335272,0.417572,0.352196,0.4286857087712604,0.34489259936019434
5.888,TARGET_2,0.433462,0.333462,0.415378,0.352176,0.42195986810629926,0.3469691502872108
5.952,TARGET_2,0.431652,0.331652,0.448711,0.346647,0.43093798547793055,0.34615220487122855
6.016,TARGET_2,0.429842,0.329842,0.431125,0.345981,0.4298007185598271,0.3454059945313228
6.08,TARGET_2,0.428032,0.328032,0.408814,0.325453,0.42031493776715284,0.33684536011983846
6.144,TARGET_2,0.426221,0.326221,0.427616,0.329202,0.4217661088343272,0.3329018941759882
6.208,TARGET_2,0.424411,0.324411,0.42137,0.310189,0.4203018407317491,0.32291342448787735
6.272,TARGET_2,0.422601,0.322601,0.427831,0.307432,0.42199719184115614,0.31550316691349245
6.336,TARGET_2,0.420791,0.320791,0.418423,0.301749,0.4194289967732869,0.3085967625260105
6.4,TARGET_2,0.418981,0.318981,0.408074,0.311281,0.41375972713328457,0.3080423050865609
6.464,TARGET_2,0.41717,0.31717,0.411362,0.308007,0.41150814134395247,0.3064838465313225
6.528,TARGET_2,0.41536,0.31536,0.431259,0.316547,0.4180170042217063,0.3089550125425257
6.592,TARGET_2,0.41355,0.31355,0.40669,0.316468,0.41252368715843923,0.31058605696135555
6.656,TARGET_2,0.41174,0.31174,0.425183,0.309361,0.4163914187411109,0.3088905263552188
6.72,TARGET_2,0.40993,0.30993,0.406825,0.291928,0.4116605395170261,0.3009784999831459
6.784,TARGET_2,0.40812,0.30812,0.405818,0.296347,0.4082955249140682,0.2977442103024061
6.848,TARGET_2,0.406309,0.306309,0.415859,0.319133,0.4101798443485798,0.30477447711121397
6.912,TARGET_2,0.406907,0.30382,0.387989,0.299101,0.4004174092481793,0.3014162901045912
6.976,TARGET_2,0.407505,0.301331,0.41517,0.289063,0.404996128949261,0.295363536025876
7.04,TARGET_2,0.408103,0.298842,0.413849,0.295703,0.4074668308284422,0.2941928324142201
7.104,TARGET_2,0.408701,0.296353,0.404753,0.295687,0.40550285219277615,0.2935126202650604
7.168,TARGET_2,0.409299,0.293863,0.39115,0.305874,0.3989168905145009,0.2971806993441218
7.232,TARGET_2,0.409897,0.291374,0.398445,0.28952,0.39765049969405425,0.29311991826108347
7.296,TARGET_2,0.410495,0.288885,0.421352,0.299772,0.4059666529487048,0.2946422842562173
7.36,TARGET_2,0.411093,0.286396,0.404892,0.281654,0.40482176406461184,0.28850753584506095
7.424,TARGET_2,0.411691,0.283907,0.405483,0.293836,0.40436529005719235,0.2894678211315567
7.488,TARGET_2,0.412289,0.281417,0.418333,0.291406,0.4091987570384213,0.28918383880365867
7.552,TARGET_2,0.412887,0.278928,0.417436,0.270926,0.41196804406834087,0.28095819041607695
7.616,TARGET_2,0.413485,0.276439,0.414378,0.278978,0.4125532668418895,0.27895002464292135
7.68,TARGET_2,0.414083,0.27395,0.402235,0.285497,0.40814281902487437,0.280316488615615
7.744,TARGET_2,0.414681,0.271461,0.430789,0.26311,0.41664421129018325,0.2723995085993882
7.808,TARGET_2,0.415279,0.268971,0.399325,0.273744,0.4096469200113904,0.2716160418320547
7.872,TARGET_2,0.415877,0.266482,0.413265,0.263742,0.4107043803914499,0.2672323563207911
7.936,TARGET_2,0.416474,0.263993,0.410855,0.24876,0.4104468185985532,0.2585774964073512
8.0,TARGET_2,0.417072,0.261504,0.426218,0.269665,0.4163790428949685,0.261400367484764
8.064,TARGET_2,0.41767,0.259015,0.434949,0.240698,0.42363759613262125,0.25182859129874224
8.128,TARGET_2,0.418268,0.256526,0.42856,0.271176,0.42574779873597385,0.2578559530198982
8.192,TARGET_2,0.418866,0.254036,0.423996,0.261919,0.4252797412863234,0.25813200816297377
8.256,TARGET_2,0.419464,0.251547,0.414479,0.237739,0.4212026581530365,0.24881561431765004
8.32,TARGET_2,0.420062,0.249058,0.407931,0.257153,0.4159982877575589,0.2506207349840441
8.384,TARGET_2,0.42066,0.246569,0.439226,0.240641,0.4250563980702,0.24532352684577644
8.448,TARGET_2,0.421258,0.24408,0.422514,0.238655,0.42423313020227793,0.24123230300372328
8.512,TARGET_2,0.421856,0.24159,0.409886,0.240646,0.4187007455085314,0.23949033303171052
8.576,TARGET_2,0.422454,0.239101,0.402607,0.24636,0.41228113672583294,0.2407242357481814
8.64,TARGET_2,0.423052,0.236612,0.441176,0.220649,0.42344725638298797,0.23142204383899626
8.704,TARGET_2,0.42365,0.234123,0.440467,0.253043,0.4303091230485986,0.23837839461895757
8.768,TARGET_2,0.424248,0.231634,0.416206,0.223338,0.425082385879785,0.231154962900974
8.832,TARGET_2,0.424846,0.229144,0.409012,0.214464,0.4188797478846143,0.2231045113730815
8.896,TARGET_2,0.425444,0.226655,0.432278,0.213845,0.42411762810435993,0.21780226647211343
8.96,TARGET_2,0.426042,0.224166,0.430117,0.224543,0.42660950634195055,0.2187429084831374
9.024,TARGET_2,0.42664,0.221677,0.411654,0.207407,0.420888053598952,0.2126600828872726
9.088,TARGET_2,0.427238,0.219188,0.427884,0.215499,0.42364683810977233,0.21206903508558725
9.152,TARGET_2,0.427836,0.216699,0.437352,0.222019,0.4291545845505957,0.21436798508839164
9.216,TARGET_2,0.428433,0.214209,0.446931,0.203013,0.43645562640841945,0.20840728183246124
9.28,TARGET_2,0.429031,0.21172,0.413907,0.216089,0.42803403563244885,0.2098589500034669
9.344,TARGET_2,0.429629,0.209231,0.415665,0.196389,0.42332595319680727,0.203079998659213
9.408,TARGET_2,0.430227,0.206742,0.413172,0.211098,0.41932387295030854,0.2046544704011461
9.472,TARGET_2,0.430825,0.204253,0.434574,0.213701,0.4252367351783316,0.20677927589535994
9.536,TARGET_2,0.431423,0.201763,0.425088,0.199255,0.42526436885408836,0.20250139562330233
9.6,TARGET_2,0.432021,0.199274,0.429498,0.201952,0.4270220818180726,0.20091108592669757
9.664,TARGET_2,0.432619,0.196785,0.433467,0.196153,0.42970984027479986,0.19767865272835525
9.728,TARGET_2,0.433217,0.194296,0.44992,0.182236,0.4379277909498994,0.19018463176521896
9.792,TARGET_2,0.433815,0.191807,0.416774,0.198424,0.43004578576782365,0.19188419543676408
9.856,TARGET_2,0.434413,0.189317,0.452235,0.17989,0.4390183331226449,0.18572330486854513
9.92,TARGET_2,0.435011,0.186828,0.433913,0.206395,0.4374851142582982,0.19235777941520588
9.984,TARGET_2,0.435609,0.184339,0.448041,0.179651,0.4420692069566613,0.18609747229978574
10.048,TARGET_2,0.436207,0.18185,0.434999,0.191747,0.4398119246185172,0.1869569079941484
10.112,TARGET_2,0.436805,0.179361,0.417421,0.185806,0.43138549252175584,0.18523214409250888
10.176,TARGET_2,0.437403,0.176872,0.437146,0.170172,0.4337872375071545,0.1780165775345894
10.24,TARGET_2,0.438001,0.174382,0.427217,0.187359,0.4313847172394315,0.18028201444743952
10.304,TARGET_2,0.438599,0.171893,0.425246,0.179023,0.4290602082343989,0.1785101646396929
10.368,TARGET_2,0.439197,0.169404,0.434317,0.188183,0.4311597790509182,0.1810752117476086
10.432,TARGET_2,0.439795,0.166915,0.457751,0.159977,0.44177115025173375,0.1716229977679049
10.496,TARGET_2,0.440392,0.164426,0.45393,0.182172,0.4470275088974191,0.1744337493272435
10.56,TARGET_2,0.44099,0.161936,0.457453,0.146688,0.4517515968326731,0.16226430745170312
10.624,TARGET_2,0.441588,0.159447,0.452875,0.1534,0.4529219144616846,0.15721925382855548
10.688,TARGET_2,0.442186,0.156958,0.447266,0.157442,0.45140876520178985,0.15568476404662748
10.752,TARGET_2,0.442784,0.154469,0.447858,0.141283,0.45063639962162483,0.1484027839443903
10.816,TARGET_2,0.443382,0.15198,0.431009,0.152819,0.4434410531917443,0.1484082390732937
10.88,TARGET_2,0.44398,0.14949,0.448758,0.130727,0.445839009120531,0.13976836901505407
10.944,TARGET_2,0.444578,0.147001,0.439187,0.138341,0.443566066660859,0.13735861848520572
11.008,TARGET_2,0.445176,0.144512,0.446894,0.127286,0.4451445281939923,0.13154999573447076
11.072,TARGET_2,0.445774,0.142023,0.459763,0.132134,0.4512293267727802,0.12986308442603506
11.136,TARGET_2,0.446372,0.139534,0.448327,0.137322,0.4505714145751447,0.13094694822052147
11.2,TARGET_2,0.44697,0.137045,0.453956,0.117585,0.45235115354977645,0.12393431062622026
11.264,TARGET_2,0.447568,0.134555,0.432125,0.133159,0.4448243635546092,0.12571742401697164
11.328,TARGET_2,0.448166,0.132066,0.457008,0.140994,0.44983883586825274,0.1300607072293149
11.392,TARGET_2,0.448764,0.129577,0.433652,0.123237,0.44378726599622453,0.12590267236585925
11.456,TARGET_2,0.449362,0.127088,0.443974,0.11423,0.4439888389962572,0.11976670026845165
11.52,TARGET_2,0.44996,0.124599,0.432844,0.127273,0.4397064340349201,0.12109622335011011
11.584,TARGET_2,0.450558,0.122109,0.440496,0.122394,0.4399935149425267,0.12010660699154256
11.648,TARGET_2,0.451156,0.11962,0.4475,0.136411,0.4429495094763738,0.1251056645940611
11.712,TARGET_2,0.451753,0.117131,0.438591,0.11647,0.44131204161419585,0.12048804739685036
11.776,TARGET_2,0.452351,0.114642,0.471551,0.098386,0.4533034681743643,0.11045268490528838
11.84,TARGET_2,0.452949,0.112153,0.437428,0.110979,0.44745446347798107,0.10910237160880343
11.904,TARGET_2,0.453547,0.109663,0.458347,0.127676,0.4519738658660494,0.11493472795384967
11.968,TARGET_2,0.454145,0.107174,0.449113,0.12664,0.4511931592335501,0.11833292352968952
12.032,TARGET_2,0.454743,0.104685,0.468941,0.100654,0.4585205694052572,0.1102892880071953
12.096,TARGET_2,0.455341,0.102196,0.469465,0.118026,0.46338787789713576,0.11208766123807018
12.16,TARGET_2,0.455939,0.099707,0.465365,0.115753,0.4648422404901934,0.11240721177507952
12.224,TARGET_2,0.456537,0.097218,0.453798,0.086214,0.4611559750510416,0.1009868511563337
12.288,TARGET_2,0.457135,0.094728,0.468918,0.098616,0.4647472098702754,0.09866376574438665
12.352,TARGET_2,0.457733,0.092239,0.457712,0.096455,0.46257631264306626,0.09640375108702876
12.416,TARGET_2,0.458331,0.08975,0.443436,0.072255,0.4555074685447607,0.08546371948561753
12.48,TARGET_2,0.458929,0.087261,0.462859,0.080812,0.4586522597167093,0.08194432985731606
12.544,TARGET_2,0.459527,0.084772,0.463588,0.092207,0.4609347766559407,0.08430103343182929
12.608,TARGET_2,0.460125,0.082282,0.447734,0.06583,0.4561001171373318,0.07546436623561555
12.672,TARGET_2,0.460723,0.079793,0.448142,0.086686,0.4531537138829751,0.07816205324492367
12.736,TARGET_2,0.461321,0.077304,0.463456,0.065189,0.4573210297692763,0.07147610597635821
12.8,TARGET_2,0.461919,0.074815,0.458259,0.081748,0.45791960000629073,0.07384777203052864
12.864,TARGET_2,0.462517,0.072326,0.474546,0.077354,0.4647332796058853,0.07371819647487235
12.928,TARGET_2,0.463115,0.069836,0.480768,0.051439,0.47153117764340935,0.06346680669895052
12.992,TARGET_2,0.463712,0.067347,0.44471,0.068243,0.46157748265773535,0.06365300597885991
13.056,TARGET_2,0.46431,0.064858,0.456446,0.072956,0.4598306097188463,0.06573248539490345
13.12,TARGET_2,0.464908,0.062369,0.467618,0.05887,0.463120135894833,0.06157637226487831
13.184,TARGET_2,0.465506,0.05988,0.473303,0.066799,0.4674575743496254,0.06214184906422764
13.248,TARGET_2,0.466104,0.057391,0.46269,0.038012,0.466009522121139,0.05119683444609456
13.312,TARGET_2,0.466702,0.054901,0.484861,0.041933,0.47383313675165606,0.04584060429857111
13.376,TARGET_2,0.4673,0.052412,0.475872,0.059861,0.4752497486638133,0.049610474657080385
13.44,TARGET_2,0.467898,0.049923,0.473437,0.04594,0.47515620970711614,0.04660854057633273
13.504,TARGET_2,0.468496,0.047434,0.46542,0.046675,0.47188928361044946,0.0450703519996242
13.568,TARGET_2,0.469094,0.044945,0.458422,0.060178,0.4670021143955638,0.04951932577661243
13.632,TARGET_2,0.469692,0.042455,0.452682,0.056449,0.46158659201495844,0.050969614978461815
13.696,TARGET_2,0.47029,0.039966,0.469565,0.039929,0.46479596500184517,0.04543138229272592
13.76,TARGET_2,0.470888,0.037477,0.477877,0.055553,0.47013044325415354,0.048144139831885674
13.824,TARGET_2,0.471486,0.034988,0.485253,0.019572,0.4764450662386414,0.0357114973457653
13.888,TARGET_2,0.472084,0.032499,0.480879,0.036402,0.4787264184826009,0.03449831903482543
13.952,TARGET_2,0.472682,0.030009,0.455787,0.042722,0.4702246476588401,0.03630820627094117
14.016,TARGET_2,0.47328,0.02752,0.466991,0.040104,0.46919876859769766,0.036508785121765
14.08,TARGET_2,0.473878,0.025031,0.491677,0.037395,0.478297377238196,0.035638102675050465
14.144,TARGET_2,0.474476,0.022542,0.47774,0.004123,0.4785790113943671,0.021986040759071294
14.208,TARGET_2,0.475074,0.020053,0.456903,0.036166,0.4704858104785378,0.026017031884322334
14.272,TARGET_2,0.475671,0.017564,0.486645,0.03493,0.4770609279092809,0.028189807653324975
14.336,TARGET_2,0.476269,0.015074,0.48722,0.021314,0.4814751795260961,0.02426529010649878
14.4,TARGET_2,0.476867,0.012585,0.460003,0.025661,0.4735014805512421,0.023547959338124612
14.464,TARGET_2,0.477465,0.010096,0.473417,-0.005004,0.4736900708011949,0.011028026564257654
14.528,TARGET_2,0.478063,0.007607,0.462674,0.018773,0.46954720159121516,0.012513259159131549
14.592,TARGET_2,0.478661,0.005118,0.469615,-0.005613,0.4696370408637398,0.003901107703693678
14.656,TARGET_2,0.479259,0.002628,0.488857,-0.006299,0.47730446765195367,-0.0017865330205491712
14.72,TARGET_2,0.479857,0.000139,0.466536,0.011844,0.4733631939696177,0.001854670924516231
14.784,TARGET_2,0.480455,-0.00235,0.497871,-0.000487,0.48322804110322237,-0.0006017036516389759
14.848,TARGET_2,0.481053,-0.004839,0.489795,-0.019939,0.4863199051297695,-0.009780311631609914
14.912,TARGET_2,0.481651,-0.007328,0.494939,-0.007429,0.4903010738114583,-0.01060325721541359
14.976,TARGET_2,0.482249,-0.009818,0.463171,-0.017774,0.48024029665818213,-0.015123237793711336
15.04,TARGET_2,0.482847,-0.012307,0.496974,-0.020824,0.4871556352598235,-0.01912055959236062
15.104,TARGET_2,0.483445,-0.014796,0.476896,-0.032824,0.4836087770442656,-0.026322262106870012
15.168,TARGET_2,0.484043,-0.017285,0.503346,-0.016762,0.4917816398217034,-0.02446370582407053
15.232,TARGET_2,0.484641,-0.019774,0.500936,-0.030448,0.496024409183997,-0.028584417072684616
15.296,TARGET_2,0.485239,-0.022263,0.471679,-0.041078,0.48712135830420766,-0.035322171688715556
15.36,TARGET_2,0.485837,-0.024753,0.503261,-0.005037,0.49389373674254333,-0.025261405189682937
15.424,TARGET_2,0.486435,-0.027242,0.498624,-0.031688,0.4963601028305701,-0.02927666411873814
15.488,TARGET_2,0.487033,-0.029731,0.493144,-0.029876,0.4957326427666084,-0.03103986029773328
15.552,TARGET_2,0.48763,-0.03222,0.485638,-0.015941,0.49232590241416957,-0.026565738548935673
15.616,TARGET_2,0.488228,-0.034709,0.48943,-0.041961,0.49161873560502284,-0.03392105273965168
15.68,TARGET_2,0.488826,-0.037199,0.489772,-0.042959,0.4912780011374273,-0.038939809690073345
15.744,TARGET_2,0.489424,-0.039688,0.49382,-0.041869,0.49264028141219746,-0.041630896182350524
15.808,TARGET_2,0.490022,-0.042177,0.47945,-0.050974,0.48780390200479906,-0.04686512135290078
15.872,TARGET_2,0.49062,-0.044666,0.509152,-0.028582,0.49644770609201916,-0.04125969489054018
15.936,TARGET_2,0.491218,-0.047155,0.495246,-0.029684,0.49645173155195976,-0.03802616746303228
16.0,TARGET_2,0.491816,-0.049645,0.482683,-0.069345,0.4914564410639129,-0.051579423878891514
16.064,TARGET_2,0.492414,-0.052134,0.49567,-0.037587,0.4933811284626845,-0.04759932184620884
16.128,TARGET_2,0.493012,-0.054623,0.494374,-0.064499,0.49408238983363817,-0.05561975382443741
16.192,TARGET_2,0.49361,-0.057112,0.48795,-0.074334,0.49197083434373506,-0.06455573236829047
16.256,TARGET_2,0.494208,-0.059601,0.510162,-0.047332,0.4993940975857079,-0.05948942970290834
16.32,TARGET_2,0.494806,-0.06209,0.503809,-0.048056,0.5016059897331823,-0.05644371675973811
16.384,TARGET_2,0.495404,-0.06458,0.50025,-0.058921,0.5015834869563325,-0.05871553267741496
16.448,TARGET_2,0.496002,-0.067069,0.500246,-0.077735,0.5015386352697904,-0.0675372892834545
16.512,TARGET_2,0.4966,-0.069558,0.482384,-0.077971,0.49441517886082614,-0.07318875442562639
16.576,TARGET_2,0.497198,-0.072047,0.505325,-0.090516,0.49891985625888324,-0.08167424059910569
16.64,TARGET_2,0.497796,-0.074536,0.490135,-0.085664,0.4957743083637429,-0.08507911324630303
16.704,TARGET_2,0.498394,-0.077026,0.488944,-0.074077,0.493276656549575,-0.08256505381704292
16.768,TARGET_2,0.498992,-0.079515,0.506182,-0.065503,0.4984915554527454,-0.07746435369793964
16.832,TARGET_2,0.499589,-0.082004,0.518634,-0.063957,0.5067411241289042,-0.07350402849370445
16.896,TARGET_2,0.500187,-0.084493,0.480588,-0.098154,0.49693719681330184,-0.08442927496665785
16.96,TARGET_2,0.500785,-0.086982,0.520314,-0.105909,0.506367375240578,-0.0944055011136004
17.024,TARGET_2,0.501383,-0.089472,0.514092,-0.071287,0.5099146517234444,-0.08699116779013993
17.088,TARGET_2,0.501981,-0.091961,0.484099,-0.073234,0.5002837433380303,-0.082931485651117
17.152,TARGET_2,0.502579,-0.09445,0.486372,-0.084427,0.49500283293799907,-0.08469117699381107
17.216,TARGET_2,0.503177,-0.096939,0.51507,-0.099136,0.5029745750638916,-0.09156873970436329
17.28,TARGET_2,0.503775,-0.099428,0.489349,-0.108791,0.49788398205232454,-0.09971364298446042
17.344,TARGET_2,0.504373,-0.101917,0.489049,-0.104057,0.4944990155480381,-0.10296462568268955
17.408,TARGET_2,0.504971,-0.104407,0.505451,-0.102131,0.4988220426252142,-0.10419149841350325
17.472,TARGET_2,0.505569,-0.106896,0.513388,-0.098024,0.5047225313404592,-0.1032620320155625
17.536,TARGET_2,0.506167,-0.109385,0.4909,-0.098585,0.4995831419133503,-0.10280576350549486
17.6,TARGET_2,0.506765,-0.111874,0.512751,-0.097996,0.5049300410522958,-0.10220306428966439
17.664,TARGET_2,0.507363,-0.114363,0.503994,-0.113517,0.5048703615682969,-0.10788654205787969
17.728,TARGET_2,0.507961,-0.116853,0.499891,-0.100201,0.5031913323578788,-0.1061776326089827
17.792,TARGET_2,0.508559,-0.119342,0.518388,-0.103357,0.5094220704449391,-0.10626067819627848
17.856,TARGET_2,0.509157,-0.121831,0.491433,-0.107484,0.5027214522849746,-0.10787921856776705
17.92,TARGET_2,0.509755,-0.12432,0.521372,-0.140452,0.5102671367422125,-0.12189323926547266
17.984,TARGET_2,0.510353,-0.126809,0.508658,-0.131651,0.5100436039647686,-0.12729280280143648
18.048,TARGET_2,0.510951,-0.129299,0.497158,-0.1229,0.5053273978633901,-0.12719027732990362
18.112,TARGET_2,0.511548,-0.131788,0.503277,-0.130811,0.504716669537754,-0.13016306457114143
18.176,TARGET_2,0.512146,-0.134277,0.495158,-0.139406,0.501103054898308,-0.13537485110509365
18.24,TARGET_2,0.512744,-0.136766,0.528222,-0.121717,0.5118696676424841,-0.1316150059835797
18.304,TARGET_2,0.513342,-0.139255,0.503265,-0.129115,0.5088650916128813,-0.1320498381452801
18.368,TARGET_2,0.51394,-0.141744,0.513415,-0.147122,0.5109408826941297,-0.13937228063727206
18.432,TARGET_2,0.514538,-0.144234,0.526133,-0.156465,0.5172826047836194,-0.14766664315287867
18.496,TARGET_2,0.515136,-0.146723,0.526564,-0.138106,0.5214825084925389,-0.14561063457643322
18.56,TARGET_2,0.515734,-0.149212,0.50846,-0.141018,0.5169703237027885,-0.14535337704133197
18.624,TARGET_2,0.516332,-0.151701,0.518933,-0.15143,0.5181980840428639,-0.1492212420157326
18.688,TARGET_2,0.51693,-0.15419,0.503273,-0.162319,0.512760090462785,-0.1559163565146283
18.752,TARGET_2,0.517528,-0.15668,0.516125,-0.141878,0.5143479472654815,-0.15201678130887636
18.816,TARGET_2,0.518126,-0.159169,0.525203,-0.139728,0.5189390241176648,-0.14858388598958588
18.88,TARGET_2,0.518724,-0.161658,0.533869,-0.1496,0.5252818293865961,-0.15021839441469423
18.944,TARGET_2,0.519322,-0.164147,0.528767,-0.16727,0.527287247671828,-0.1581840258373871
19.008,TARGET_2,0.51992,-0.166636,0.538795,-0.182459,0.5324999449917174,-0.16920994387309682
19.072,TARGET_2,0.520518,-0.169126,0.511652,-0.183477,0.5250502875991908,-0.17657074558675434
19.136,TARGET_2,0.521116,-0.171615,0.534217,-0.153362,0.5291786415417402,-0.1692568819564458
19.2,TARGET_2,0.521714,-0.174104,0.502998,-0.176231,0.5194329482814753,-0.17353203593213531
19.264,TARGET_2,0.522312,-0.176593,0.530917,-0.192627,0.5242246473625322,-0.1826631870935401
19.328,TARGET_2,0.52291,-0.179082,0.516672,-0.162605,0.5216328587148661,-0.1765240141520118
19.392,TARGET_2,0.523507,-0.181572,0.522923,-0.175301,0.5224295830966289,-0.17752779661044912
19.456,TARGET_2,0.524105,-0.184061,0.509557,-0.183719,0.5176334154636836,-0.18141567153261282
19.52,TARGET_2,0.524703,-0.18655,0.50829,-0.183525,0.5140539598652132,-0.1837396896186949
19.584,TARGET_2,0.525301,-0.189039,0.54483,-0.194565,0.526220619827942,-0.18950764827724992
19.648,TARGET_2,0.525899,-0.191528,0.514884,-0.183864,0.5221383084102805,-0.1888717374468924
19.712,TARGET_2,0.526497,-0.194017,0.520239,-0.208866,0.5216287200890675,-0.19826874754287674
19.776,TARGET_2,0.527095,-0.196507,0.511163,-0.199656,0.5176986746996907,-0.2005391720406656
19.84,TARGET_2,0.527693,-0.198996,0.541394,-0.218913,0.527139965744651,-0.20951115069598197
19.904,TARGET_2,0.528291,-0.201485,0.521954,-0.218355,0.5254707332843969,-0.21492152263398565
19.968,TARGET_2,0.528889,-0.203974,0.54004,-0.210409,0.5315399534272991,-0.21512347427675987
20.032,TARGET_2,0.529487,-0.206463,0.54924,-0.193876,0.5390370782863906,-0.20859888619944283
20.096,TARGET_2,0.530085,-0.208953,0.537338,-0.192317,0.5390854217596385,-0.20371148556457624
20.16,TARGET_2,0.530683,-0.211442,0.537936,-0.223939,0.5393123718433159,-0.2130165041729629
20.224,TARGET_2,0.531281,-0.213931,0.512155,-0.201699,0.5292179385938209,-0.21008289575256778
20.288,TARGET_2,0.531879,-0.21642,0.546676,-0.222408,0.5363971759257641,-0.21631759269759038
20.352,TARGET_2,0.532477,-0.218909,0.514337,-0.203558,0.5281686417816488,-0.21276235233890323
20.416,TARGET_2,0.533075,-0.221399,0.523589,-0.20664,0.5265490070585979,-0.2116285217151711
20.48,TARGET_2,0.533673,-0.223888,0.542994,-0.205691,0.533182485916457,-0.21045682995480536
20.544,TARGET_2,0.534271,-0.226377,0.527082,-0.239829,0.5311135332864495,-0.22315034707169673
20.608,TARGET_2,0.534869,-0.228866,0.549774,-0.228522,0.5387522295177861,-0.2267185005016972
20.672,TARGET_2,0.535466,-0.231355,0.551624,-0.228343,0.5443457032761881,-0.22884411766051937
20.736,TARGET_2,0.536064,-0.233844,0.527156,-0.249955,0.5382064719233596,-0.2386689070422964
20.8,TARGET_2,0.536662,-0.236334,0.51852,-0.254079,0.5308334529062713,-0.24648913787473256
20.864,TARGET_2,0.53726,-0.238823,0.521726,-0.245207,0.5273723391264308,-0.2478735037295454
20.928,TARGET_2,0.537858,-0.241312,0.551705,-0.241791,0.5370170930947137,-0.24729914349202364
20.992,TARGET_2,0.538456,-0.243801,0.532453,-0.241664,0.5355548588801079,-0.2467792375958349
21.056,TARGET_2,0.539054,-0.24629,0.538508,-0.241452,0.5369980083958648,-0.24626734924753563
21.12,TARGET_2,0.539652,-0.24878,0.533981,-0.268717,0.5361125016994175,-0.2566390076048967
21.184,TARGET_2,0.54025,-0.251269,0.535448,-0.245584,0.5361104029869025,-0.25402236345534146
21.248,TARGET_2,0.540848,-0.253758,0.544898,-0.242607,0.5398335480493912,-0.2510753813151792
21.312,TARGET_2,0.541446,-0.256247,0.539011,-0.261609,0.5398668594068834,-0.25662469502881596
21.376,TARGET_2,0.542044,-0.258736,0.541028,-0.26627,0.5406660287641487,-0.26193342366868183
21.44,TARGET_2,0.542642,-0.261226,0.541428,-0.279187,0.5413153096601981,-0.2703490623232039
21.504,TARGET_2,0.54324,-0.263715,0.533704,-0.264178,0.538653979564546,-0.26969274374916336
21.568,TARGET_2,0.543838,-0.266204,0.551456,-0.252564,0.5439596067768426,-0.2645780149741969
21.632,TARGET_2,0.544436,-0.268693,0.533057,-0.272189,0.5400526422847328,-0.26898492730406415
21.696,TARGET_2,0.545034,-0.271182,0.540165,-0.257917,0.54034839793135,-0.2660723059365781
21.76,TARGET_2,0.545632,-0.273671,0.556291,-0.262381,0.5469037435379045,-0.26589699193674377
21.824,TARGET_2,0.54623,-0.276161,0.551714,-0.265693,0.5492631372839306,-0.26702329870696906
21.888,TARGET_2,0.546828,-0.27865,0.560964,-0.262908,0.554403520086615,-0.2665723905252731
21.952,TARGET_2,0.547425,-0.281139,0.539135,-0.287959,0.5490186970106993,-0.27613047951505487
22.016,TARGET_2,0.548023,-0.283628,0.543278,-0.292832,0.5471839066422791,-0.2840979686809522
22.08,TARGET_2,0.548621,-0.286117,0.565115,-0.300734,0.554628603388675,-0.2922338771718942
22.144,TARGET_2,0.549219,-0.288607,0.561348,-0.271973,0.5578704066509714,-0.285959638827162
22.208,TARGET_2,0.549817,-0.291096,0.567773,-0.301348,0.5624491053869908,-0.2934797975877489
22.272,TARGET_2,0.550415,-0.293585,0.563491,-0.305753,0.5636402820125075,-0.2999424255509805
22.336,TARGET_2,0.551013,-0.296074,0.53144,-0.300777,0.5516749577760152,-0.3020083315773772
22.4,TARGET_2,0.551611,-0.298563,0.541506,-0.305036,0.5479767043626478,-0.30491459832535983
22.464,TARGET_2,0.552209,-0.301053,0.542455,-0.290987,0.5459732913222444,-0.3011147497178599
22.528,TARGET_2,0.552807,-0.303542,0.568957,-0.300976,0.5551705452688581,-0.3025454953265809
22.592,TARGET_2,0.553405,-0.306031,0.569926,-0.307278,0.5614188129253089,-0.30586876518211853
22.656,TARGET_2,0.554003,-0.30852,0.564447,-0.294858,0.5632161499725991,-0.3029941337549002
22.72,TARGET_2,0.554601,-0.311009,0.571523,-0.305633,0.5671295212355943,-0.3053393248363164
22.784,TARGET_2,0.555199,-0.313498,0.539906,-0.322945,0.5570820809189249,-0.31361307881608136
22.848,TARGET_2,0.555797,-0.315988,0.564258,-0.335051,0.5602635558415139,-0.32361080103043555
22.912,TARGET_2,0.556395,-0.318477,0.573875,-0.336315,0.566080299102391,-0.3304073304507393
22.976,TARGET_2,0.556993,-0.320966,0.540263,-0.324902,0.556469410012881,-0.3301302053430155
23.04,TARGET_2,0.557591,-0.323455,0.549775,-0.335711,0.5540644246292498,-0.33412328243823886
23.104,TARGET_2,0.558189,-0.325944,0.547577,-0.327267,0.5516458991349072,-0.33323061537294846
23.168,TARGET_2,0.558787,-0.328434,0.539202,-0.321382,0.5467799981852808,-0.33022990454662965
23.232,TARGET_2,0.559384,-0.330923,0.57592,-0.334276,0.5581992984910379,-0.3333215066210507
23.296,TARGET_2,0.559982,-0.333412,0.550198,-0.337933,0.555316909206911,-0.3366580613455526
23.36,TARGET_2,0.56058,-0.335901,0.567479,-0.350459,0.5602988226113104,-0.34365903959354577
23.424,TARGET_2,0.561178,-0.33839,0.56054,-0.334155,0.5607236582307498,-0.34159006260882313
23.488,TARGET_2,0.561776,-0.34088,0.552687,-0.360087,0.5578690546552018,-0.350435010611306
23.552,TARGET_2,0.562374,-0.343369,0.556016,-0.357884,0.5573458629652461,-0.35512329128010756
23.616,TARGET_2,0.562972,-0.345858,0.551008,-0.349517,0.5550185443975844,-0.35470731759591523
23.68,TARGET_2,0.56357,-0.348347,0.573708,-0.365832,0.5625047366856295,-0.36079592834886176
23.744,TARGET_2,0.564168,-0.350836,0.556715,-0.344534,0.5605543370811182,-0.3561603275021515
23.808,TARGET_2,0.564766,-0.353325,0.550272,-0.368441,0.5567408917296645,-0.3625597044792324
23.872,TARGET_2,0.565364,-0.355815,0.569668,-0.342694,0.5619669676662086,-0.3563703439462137
23.936,TARGET_2,0.565962,-0.358304,0.575223,-0.34972,0.5674945391510697,-0.35510570523106566
24.0,TARGET_2,0.56656,-0.360793,0.551103,-0.380672,0.5614631934536691,-0.3664686318783551
24.064,TARGET_2,0.567158,-0.363282,0.549212,-0.362095,0.5568395751771635,-0.36630102947575566
24.128,TARGET_2,0.567756,-0.365771,0.584411,-0.376599,0.5678031552506501,-0.3718450651323084
24.192,TARGET_2,0.568354,-0.368261,0.567311,-0.356242,0.5680321338089825,-0.36724642020586273
24.256,TARGET_2,0.568952,-0.37075,0.560909,-0.387415,0.5656213385440632,-0.3765569601741747
24.32,TARGET_2,0.56955,-0.373239,0.587288,-0.385944,0.5744971663851512,-0.38184307904041226
24.384,TARGET_2,0.570148,-0.375728,0.55064,-0.361201,0.5656448382026876,-0.37533859838971884
24.448,TARGET_2,0.570746,-0.378217,0.582895,-0.387924,0.5727238952362627,-0.3816669211147191
24.512,TARGET_2,0.571343,-0.380707,0.57814,-0.384535,0.5753467896273712,-0.38428953826181333
24.576,TARGET_2,0.571941,-0.383196,0.582149,-0.376695,0.578580283576392,-0.3827777953576749
24.64,TARGET_2,0.572539,-0.385685,0.56322,-0.384829,0.5731239824824826,-0.38494731331395543
24.704,TARGET_2,0.573137,-0.388174,0.590605,-0.374402,0.5804418800410742,-0.3821300408269517
24.768,TARGET_2,0.573735,-0.390663,0.586756,-0.407671,0.5835674172485852,-0.3934193435961526
24.832,TARGET_2,0.574333,-0.393152,0.559651,-0.395667,0.5748023587503268,-0.39580911084786835
24.896,TARGET_2,0.574931,-0.395642,0.56146,-0.389171,0.5698840994119225,-0.39467981850064277
24.96,TARGET_2,0.575529,-0.398131,0.559775,-0.407426,0.5660577319151285,-0.4010978822915535
25.024,TARGET_2,0.576127,-0.40062,0.587672,-0.383311,0.5746437946736279,-0.39557550198256863
25.088,TARGET_2,0.576725,-0.403109,0.558855,-0.383783,0.568720186458853,-0.39215207796063384
25.152,TARGET_2,0.577323,-0.405598,0.59413,-0.404276,0.5788784379924318,-0.39800563165570896
25.216,TARGET_2,0.577921,-0.408088,0.565438,-0.415848,0.5740038682165118,-0.4062613610347348
25.28,TARGET_2,0.578519,-0.410577,0.583755,-0.40381,0.578115089108534,-0.4067006219308452
25.344,TARGET_2,0.579117,-0.413066,0.577023,-0.396582,0.578061379950763,-0.40404180442173826
25.408,TARGET_2,0.579715,-0.415555,0.564443,-0.42355,0.5730281961818946,-0.4129396698115983
25.472,TARGET_2,0.580313,-0.418044,0.573336,-0.400637,0.5733142688199083,-0.4094867729235649
25.536,TARGET_2,0.580911,-0.420534,0.564827,-0.402378,0.5701208131512896,-0.4078920767015665
25.6,TARGET_2,0.581509,-0.423023,0.594619,-0.439209,0.5798611709647313,-0.42137887355916803
25.664,TARGET_2,0.580676,-0.420602,0.573644,-0.43385,0.5777765158468363,-0.42780553349310974
25.728,TARGET_2,0.579843,-0.418181,0.582045,-0.420048,0.579748849558981,-0.42636265823449376
25.792,TARGET_2,0.57901,-0.41576,0.568369,-0.413357,0.5755805799220778,-0.42270271747548854
25.856,TARGET_2,0.578178,-0.41334,0.594588,-0.401777,0.5832754099221747,-0.4157010460450963
25.92,TARGET_2,0.577345,-0.410919,0.585998,-0.41048,0.5847784048378921,-0.41460354923185017
25.984,TARGET_2,0.576512,-0.408498,0.573711,-0.404264,0.5808521458222342,-0.4113890273465834
26.048,TARGET_2,0.57568,-0.406077,0.555968,-0.406499,0.5713000238464079,-0.410172226704368
26.112,TARGET_2,0.574847,-0.403656,0.564524,-0.393292,0.5685717401864184,-0.4041294455032472
26.176,TARGET_2,0.574014,-0.401236,0.582373,-0.381656,0.5738953613575564,-0.39563242100008966
26.24,TARGET_2,0.573182,-0.398815,0.579047,-0.3904,0.5759851497499473,-0.3936463060235793
26.304,TARGET_2,0.572349,-0.396394,0.589738,-0.412501,0.581546369598514,-0.40111868883166374
26.368,TARGET_2,0.571516,-0.393973,0.584503,-0.397726,0.583018032325284,-0.4000415402173303
26.432,TARGET_2,0.570683,-0.391553,0.573802,-0.384224,0.5797062875102901,-0.39399663752230607
26.496,TARGET_2,0.569851,-0.389132,0.576598,-0.377856,0.5786798693233718,-0.38760645164830637
26.56,TARGET_2,0.569018,-0.386711,0.577306,-0.398013,0.5782933997600767,-0.39150344108651974
26.624,TARGET_2,0.568185,-0.38429,0.577802,-0.368662,0.5782341338820346,-0.38238978865620227
26.688,TARGET_2,0.567353,-0.381869,0.550768,-0.393386,0.5674919593013544,-0.3863594890623441
26.752,TARGET_2,0.56652,-0.379449,0.560623,-0.373148,0.5645275144805997,-0.3809070881852336
26.816,TARGET_2,0.565687,-0.377028,0.578264,-0.385544,0.5696293039942264,-0.38234425741476397
26.88,TARGET_2,0.564854,-0.374607,0.5759,-0.384293,0.5719691707297456,-0.3827889728933114
26.944,TARGET_2,0.564022,-0.372186,0.54821,-0.357706,0.5625143574988192,-0.3725713129504576
27.008,TARGET_2,0.563189,-0.369765,0.566077,-0.384896,0.5635518978936345,-0.376824267398599
27.072,TARGET_2,0.562356,-0.367345,0.549148,-0.368461,0.5575366670212156,-0.3730710607808169
27.136,TARGET_2,0.561524,-0.364924,0.543483,-0.362418,0.5514733670375119,-0.36830926087852645
27.2,TARGET_2,0.560691,-0.362503,0.550519,-0.354106,0.5504153791304892,-0.36201164652920004
27.264,TARGET_2,0.559858,-0.360082,0.573621,-0.378831,0.5589192589462002,-0.3678130804268489
27.328,TARGET_2,0.559025,-0.357662,0.568453,-0.345993,0.5623405976150551,-0.3585709103920728
27.392,TARGET_2,0.558193,-0.355241,0.563439,-0.335451,0.562560263827874,-0.34853456887050466
27.456,TARGET_2,0.55736,-0.35282,0.55654,-0.342869,0.5599827862695045,-0.34511340753791947
27.52,TARGET_2,0.556527,-0.350399,0.574618,-0.352795,0.5655016133086056,-0.3469234788364894
27.584,TARGET_2,0.555695,-0.347978,0.541621,-0.358226,0.5559834358163331,-0.3502969110869273
27.648,TARGET_2,0.554862,-0.345558,0.541854,-0.365412,0.5500040155435879,-0.35535531235215284
27.712,TARGET_2,0.554029,-0.343137,0.564567,-0.362636,0.5551962010886902,-0.35753757875252357
27.776,TARGET_2,0.553196,-0.340716,0.556135,-0.331736,0.5552061037459056,-0.3467433783848896
27.84,TARGET_2,0.552364,-0.338295,0.546054,-0.321104,0.5512439317851735,-0.33567944336634603
27.904,TARGET_2,0.551531,-0.335874,0.553025,-0.338928,0.5514922935031776,-0.33572150938129086
27.968,TARGET_2,0.550698,-0.333454,0.557353,-0.325407,0.5533889787214151,-0.3304683204701238
28.032,TARGET_2,0.549866,-0.331033,0.565942,-0.322715,0.558021861262657,-0.3261159220157431
28.096,TARGET_2,0.549033,-0.328612,0.536102,-0.341437,0.5491908247231172,-0.33081787206443297
28.16,TARGET_2,0.5482,-0.326191,0.544446,-0.322239,0.5468643367497865,-0.32629942631385556
28.224,TARGET_2,0.547368,-0.323771,0.5671,-0.331544,0.5543682563904618,-0.3271602618353484
28.288,TARGET_2,0.546535,-0.32135,0.537512,-0.3099,0.5474790211066679,-0.3192139796839837
28.352,TARGET_2,0.545702,-0.318929,0.528072,-0.311884,0.5393587398774123,-0.3149896504085752
28.416,TARGET_2,0.544869,-0.316508,0.561818,-0.316195,0.5475528720285711,-0.3140734577493244
28.48,TARGET_2,0.544037,-0.314087,0.540464,-0.304763,0.5443728735276492,-0.30904360160909494
28.544,TARGET_2,0.543204,-0.311667,0.555021,-0.329571,0.5481240328762851,-0.31572466875147
28.608,TARGET_2,0.542371,-0.309246,0.54522,-0.305974,0.5466663658018729,-0.310733468219829
28.672,TARGET_2,0.541539,-0.306825,0.534041,-0.291253,0.5413300050118849,-0.30178650753244923
28.736,TARGET_2,0.540706,-0.304404,0.523556,-0.307145,0.5337942637180052,-0.30243339302100536
28.8,TARGET_2,0.539873,-0.301984,0.558347,-0.30511,0.5427784580242394,-0.30212395002632164
28.864,TARGET_2,0.53904,-0.299563,0.522756,-0.293087,0.534471653115322,-0.29724615629830387
28.928,TARGET_2,0.538208,-0.297142,0.538225,-0.30248,0.5353117249252921,-0.29792245260587313
28.992,TARGET_2,0.537375,-0.294721,0.52694,-0.29413,0.5314189996384472,-0.295128652379285
29.056,TARGET_2,0.536542,-0.2923,0.528073,-0.28202,0.5294151828713426,-0.28862642209454764
29.12,TARGET_2,0.53571,-0.28988,0.532848,-0.293469,0.5300637274429473,-0.2890800959759349
29.184,TARGET_2,0.534877,-0.287459,0.544676,-0.284552,0.5351976802904675,-0.2859236585769601
29.248,TARGET_2,0.534044,-0.285038,0.550629,-0.269512,0.5408666039212298,-0.2780346441933768
29.312,TARGET_2,0.533211,-0.282617,0.550487,-0.262903,0.5444534891593642,-0.27046247407012924
29.376,TARGET_2,0.532379,-0.280196,0.529611,-0.293221,0.5384952080136279,-0.27771439140635484
29.44,TARGET_2,0.531546,-0.277776,0.521905,-0.286755,0.5316477206089881,-0.27988345986384794
29.504,TARGET_2,0.530713,-0.275355,0.529093,-0.280451,0.5301369837134396,-0.2788528178292105
29.568,TARGET_2,0.529881,-0.272934,0.522571,-0.282478,0.5266201744589204,-0.27906757526771797
29.632,TARGET_2,0.529048,-0.270513,0.534116,-0.279303,0.5289728893307145,-0.2780169639997532
29.696,TARGET_2,0.528215,-0.268093,0.541631,-0.267985,0.5334826380095959,-0.2729323929032322
29.76,TARGET_2,0.527382,-0.265672,0.516252,-0.252462,0.5263473839181696,-0.26360749165223846
29.824,TARGET_2,0.52655,-0.263251,0.537024,-0.282569,0.5300297787175473,-0.2696369173126257
29.888,TARGET_2,0.525717,-0.26083,0.539386,-0.27454,0.533345344277382,-0.27039147951530873
29.952,TARGET_2,0.524884,-0.258409,0.523768,-0.251746,0.5293037294811408,-0.2619207113583523
30.016,TARGET_2,0.524052,-0.255989,0.510486,-0.264421,0.5214827329247842,-0.26159045961514427
30.08,TARGET_2,0.523219,-0.253568,0.507236,-0.267108,0.5152256996362958,-0.2625170457478395
30.144,TARGET_2,0.522386,-0.251147,0.5354,-0.252608,0.5224105221212801,-0.25744182835558926
30.208,TARGET_2,0.521554,-0.248726,0.54144,-0.241152,0.5294313796333291,-0.24973432671442722
30.272,TARGET_2,0.520721,-0.246305,0.519622,-0.263562,0.525308543246412,-0.25375268452916155
30.336,TARGET_2,0.519888,-0.243885,0.512307,-0.25714,0.5197961143326716,-0.25385828524034953
30.4,TARGET_2,0.519055,-0.241464,0.534086,-0.253049,0.5249156555928783,-0.2523764037719014
30.464,TARGET_2,0.518223,-0.239043,0.52597,-0.253927,0.5250022316347096,-0.2518432394052584
30.528,TARGET_2,0.51739,-0.236622,0.505938,-0.22048,0.517149873829347,-0.2383331764245923
30.592,TARGET_2,0.516557,-0.234202,0.502037,-0.245818,0.5106115153391553,-0.23979718295691438
30.656,TARGET_2,0.515725,-0.231781,0.514326,-0.216261,0.5113319351702221,-0.2291208400248964
30.72,TARGET_2,0.514892,-0.22936,0.531886,-0.237403,0.518782014814946,-0.2307481665453869
30.784,TARGET_2,0.514059,-0.226939,0.531172,-0.244132,0.5232933155679539,-0.23454217999340243
30.848,TARGET_2,0.513226,-0.224518,0.521932,-0.233405,0.5225388373147936,-0.2328039291971137
30.912,TARGET_2,0.512394,-0.222098,0.526959,-0.218506,0.5240584574650127,-0.22587164065509374
30.976,TARGET_2,0.511561,-0.219677,0.521918,-0.223523,0.5230467252067076,-0.22350353074824478
31.04,TARGET_2,0.510728,-0.217256,0.50151,-0.216826,0.5143352132869335,-0.21942300988217237
31.104,TARGET_2,0.509896,-0.214835,0.498195,-0.222273,0.5074736188124594,-0.21905453069572825
31.168,TARGET_2,0.509063,-0.212415,0.519772,-0.226898,0.5116580856280694,-0.22073346940622296
31.232,TARGET_2,0.50823,-0.209994,0.512002,-0.203837,0.5112929739481423,-0.2127605331094152
31.296,TARGET_2,0.507397,-0.207573,0.512594,-0.189237,0.5113223455737882,-0.20196686889365742
31.36,TARGET_2,0.506565,-0.205152,0.502742,-0.211902,0.5074701756417203,-0.2041288041098943
31.424,TARGET_2,0.505732,-0.202731,0.522509,-0.214416,0.5128583766466456,-0.20660299677217794
31.488,TARGET_2,0.504899,-0.200311,0.516274,-0.204508,0.5138622652883774,-0.204351674207864
31.552,TARGET_2,0.504067,-0.19789,0.514518,-0.2154,0.5138277892763624,-0.20730434611063095
31.616,TARGET_2,0.503234,-0.195469,0.498183,-0.193885,0.5073589208305934,-0.20075584026955656
31.68,TARGET_2,0.502401,-0.193048,0.511865,-0.194896,0.5086591324844476,-0.19704558437541714
31.744,TARGET_2,0.501569,-0.190627,0.492072,-0.201305,0.5016845666000869,-0.19729146156473787
31.808,TARGET_2,0.500736,-0.188207,0.496828,-0.187701,0.4991376417010568,-0.19214655590421317
31.872,TARGET_2,0.499903,-0.185786,0.482835,-0.186919,0.49201037365764133,-0.18862904011259657
31.936,TARGET_2,0.49907,-0.183365,0.51649,-0.178035,0.5008155772616854,-0.18295007925197815
32.0,TARGET_2,0.498238,-0.180944,0.484942,-0.194607,0.4940026839661739,-0.18596596126658502
32.064,TARGET_2,0.497405,-0.178524,0.513524,-0.191894,0.5009931515122508,-0.18690731674102964
32.128,TARGET_2,0.496572,-0.176103,0.51572,-0.191816,0.506365367382354,-0.1875562897900991
32.192,TARGET_2,0.49574,-0.173682,0.481981,-0.164388,0.49647029775676865,-0.17719061643699688
32.256,TARGET_2,0.494907,-0.171261,0.493629,-0.164404,0.4947769483669548,-0.17064787922152785
32.32,TARGET_2,0.494074,-0.16884,0.508062,-0.182088,0.49943888980424517,-0.17355218925531754
32.384,TARGET_2,0.493241,-0.16642,0.501556,-0.14649,0.49987379268445525,-0.1614119253360068
32.448,TARGET_2,0.492409,-0.163999,0.495899,-0.18037,0.4979356960868552,-0.16714882927578867
32.512,TARGET_2,0.491576,-0.161578,0.495084,-0.145294,0.4963966670545253,-0.15703115848717814
32.576,TARGET_2,0.490743,-0.159157,0.498345,-0.175754,0.4967276944219651,-0.162708005199565
32.64,TARGET_2,0.489911,-0.156736,0.495774,-0.160976,0.4959464400263861,-0.16058160348899098
32.704,TARGET_2,0.489078,-0.154316,0.492749,-0.153253,0.49427354932944756,-0.1562495294048466
32.768,TARGET_2,0.488245,-0.151895,0.469456,-0.141485,0.4840121479616576,-0.14890855451039428
32.832,TARGET_2,0.487412,-0.149474,0.481737,-0.168718,0.4823463924400851,-0.15508254764300142
32.896,TARGET_2,0.48658,-0.147053,0.489502,-0.152407,0.48439861515729493,-0.15266312462589138
32.96,TARGET_2,0.485747,-0.144633,0.478992,-0.146174,0.48159379989643175,-0.148729056467002
33.024,TARGET_2,0.484914,-0.142212,0.465105,-0.161796,0.4743461241876683,-0.15247603336805898
33.088,TARGET_2,0.484082,-0.139791,0.500046,-0.13017,0.4835859409636325,-0.14243409028119006
33.152,TARGET_2,0.483249,-0.13737,0.47457,-0.120029,0.47945572800948105,-0.13208007700179847
33.216,TARGET_2,0.482416,-0.134949,0.478044,-0.153124,0.4782256232810239,-0.13864972199242032
33.28,TARGET_2,0.481583,-0.132529,0.463587,-0.13465,0.47175789338234997,-0.13563221385991459
33.344,TARGET_2,0.480751,-0.130108,0.46454,-0.117658,0.4680445767818661,-0.12706346033593097
33.408,TARGET_2,0.479918,-0.127687,0.468516,-0.140201,0.4672957725695188,-0.13059565461130568
33.472,TARGET_2,0.479085,-0.125266,0.475271,-0.133955,0.4695432044173546,-0.13047255662950635
33.536,TARGET_2,0.478253,-0.122846,0.484666,-0.103084,0.4747462109967252,-0.11826069174731872
33.6,TARGET_2,0.47742,-0.120425,0.460939,-0.112089,0.4687229816181644,-0.11410618074941235
33.664,TARGET_2,0.476587,-0.118004,0.459577,-0.121388,0.46437090221080907,-0.11523003833455962
33.728,TARGET_2,0.475755,-0.115583,0.482994,-0.129381,0.47089975688321756,-0.11920887504955603
33.792,TARGET_2,0.474922,-0.113162,0.491305,-0.099743,0.4784028627691781,-0.11011261732411198
33.856,TARGET_2,0.474089,-0.110742,0.454414,-0.092728,0.46862729462433744,-0.10160914268159106
33.92,TARGET_2,0.473256,-0.108321,0.471696,-0.119164,0.46924155043205623,-0.10673282478168114
33.984,TARGET_2,0.472424,-0.1059,0.485487,-0.095969,0.475124158069724,-0.10092803648967802
34.048,TARGET_2,0.471591,-0.103479,0.454672,-0.101886,0.4667169231620633,-0.09965095698014595
34.112,TARGET_2,0.470758,-0.101058,0.474591,-0.112203,0.46924974121764923,-0.10301112280225377
34.176,TARGET_2,0.469926,-0.098638,0.469516,-0.091214,0.4688911601349988,-0.09694139199579861
34.24,TARGET_2,0.469093,-0.096217,0.463975,-0.101153,0.46649591546943103,-0.09707852052587965
34.304,TARGET_2,0.46826,-0.093796,0.459141,-0.10637,0.4630796200501635,-0.09931629662866623
34.368,TARGET_2,0.467427,-0.091375,0.480546,-0.091497,0.46939691708906944,-0.0949406693180976
34.432,TARGET_2,0.466595,-0.088955,0.463386,-0.092332,0.4666728440703927,-0.09255014815232818
34.496,TARGET_2,0.465762,-0.086534,0.46164,-0.07822,0.4642626403069069,-0.08551684846097195
34.56,TARGET_2,0.464929,-0.084113,0.447284,-0.084674,0.4570674008107662,-0.08365781434287631
34.624,TARGET_2,0.464097,-0.081692,0.465814,-0.094955,0.4598333778705712,-0.0866249279418434
34.688,TARGET_2,0.463264,-0.079271,0.454357,-0.069418,0.457104712426684,-0.07849895067709646
34.752,TARGET_2,0.462431,-0.076851,0.448615,-0.061322,0.4531226019688089,-0.07018278388482917
34.816,TARGET_2,0.461598,-0.07443,0.44488,-0.057876,0.4491379735482197,-0.06359648006957555
34.88,TARGET_2,0.460766,-0.072009,0.443376,-0.085282,0.4460401340584306,-0.07033288350841196
34.944,TARGET_2,0.459933,-0.069588,0.459182,-0.056489,0.45036284048576986,-0.06334372090718166
35.008,TARGET_2,0.4591,-0.067167,0.466986,-0.060466,0.45625924225139197,-0.0605411041334665
35.072,TARGET_2,0.458268,-0.064747,0.46591,-0.051673,0.45963549194508857,-0.0553665567965652
35.136,TARGET_2,0.457435,-0.062326,0.470673,-0.078539,0.46370005504823175,-0.06278754968357611
35.2,TARGET_2,0.456602,-0.059905,0.45532,-0.049665,0.46023667429125836,-0.05619790195899463
35.264,TARGET_2,0.455769,-0.057484,0.455791,-0.056521,0.45822064339777685,-0.05478303684872231
35.328,TARGET_2,0.454937,-0.055064,0.457557,-0.051364,0.4576470173196941,-0.05192616300886558
35.392,TARGET_2,0.454104,-0.052643,0.434594,-0.05915,0.44821241820599883,-0.05326792613405797
35.456,TARGET_2,0.453271,-0.050222,0.445932,-0.042175,0.44669405856990985,-0.04749303527029239
35.52,TARGET_2,0.452439,-0.047801,0.436023,-0.036212,0.44183875605775214,-0.04152538775465258
35.584,TARGET_2,0.451606,-0.04538,0.445207,-0.036859,0.442409088439199,-0.03805678433012453
35.648,TARGET_2,0.450773,-0.04296,0.436484,-0.054897,0.4393645122968197,-0.043071208026335676
35.712,TARGET_2,0.449941,-0.040539,0.444879,-0.059364,0.44078222705121106,-0.04813215199967938
35.776,TARGET_2,0.449108,-0.038118,0.455628,-0.027128,0.44598327392588344,-0.03868544491735932
35.84,TARGET_2,0.448275,-0.035697,0.437451,-0.01768,0.4421487499035557,-0.028981073486127086
35.904,TARGET_2,0.447442,-0.033276,0.457139,-0.051921,0.44751703318376035,-0.03641344560131409
35.968,TARGET_2,0.44661,-0.030856,0.461729,-0.033679,0.45279145577442825,-0.03403209046531455
36.032,TARGET_2,0.445777,-0.028435,0.454506,-0.012714,0.45331979025577884,-0.024289750055223706
36.096,TARGET_2,0.444944,-0.026014,0.451084,-0.027957,0.4523114596309341,-0.024175985113029867
36.16,TARGET_2,0.444112,-0.023593,0.46181,-0.029723,0.45591882796949373,-0.024890128207969573
36.224,TARGET_2,0.443279,-0.021173,0.446751,-0.03968,0.45227141385717645,-0.029368992498924818
36.288,TARGET_2,0.442446,-0.018752,0.449506,-0.007276,0.4510344615422995,-0.01948355905191363
36.352,TARGET_2,0.441613,-0.016331,0.456099,-0.001426,0.4528616364942839,-0.010923237791151012
36.416,TARGET_2,0.440781,-0.01391,0.4252,0.003838,0.44181183355716447,-0.003455883258229254
36.48,TARGET_2,0.439948,-0.011489,0.435919,-0.009034,0.4390058420826311,-0.0038740637916334013
36.544,TARGET_2,0.439115,-0.009069,0.439435,-0.010979,0.43863263787432444,-0.005011180754180529
36.608,TARGET_2,0.438283,-0.006648,0.440698,-0.006439,0.4389246952892219,-0.004034774393867896
36.672,TARGET_2,0.43745,-0.004227,0.436465,-0.022462,0.43746574554271767,-0.009838143562046767
36.736,TARGET_2,0.436617,-0.001806,0.455909,-0.005522,0.4442553548816388,-0.006923355036197317
36.8,TARGET_2,0.435784,0.000614,0.430049,-0.004845,0.4383855436072063,-0.004862828841556298
36.864,TARGET_2,0.434952,0.003035,0.436283,-0.000951,0.4371194495682459,-0.0020764417344442147
36.928,TARGET_2,0.434119,0.005456,0.444218,0.001804,0.4394754098869379,0.0007225672441806152
36.992,TARGET_2,0.433286,0.007877,0.429099,0.019971,0.43502244511985505,0.009626405409101242
37.056,TARGET_2,0.432454,0.010298,0.419061,0.014241,0.4282278114506122,0.012970130844340113
37.12,TARGET_2,0.431621,0.012718,0.422459,0.012469,0.4252622117226278,0.014317955933457735
37.184,TARGET_2,0.430788,0.015139,0.441517,0.013696,0.43094848218228776,0.015576834051733929
37.248,TARGET_2,0.429956,0.01756,0.438572,0.034447,0.4334547028188478,0.024506456557358388
37.312,TARGET_2,0.429123,0.019981,0.421136,0.038535,0.42818409634360494,0.031741535030996734
37.376,TARGET_2,0.42829,0.022402,0.432035,0.031646,0.42915461844921227,0.03353918866685701
37.44,TARGET_2,0.427457,0.024822,0.410879,0.021915,0.42143426333044137,0.030733090761419692
37.504,TARGET_2,0.426625,0.027243,0.433114,0.007799,0.4253317121716742,0.02325571751990439
37.568,TARGET_2,0.425792,0.029664,0.412889,0.014436,0.4198576078616436,0.02101917188949412
37.632,TARGET_2,0.424959,0.032085,0.416023,0.019791,0.4176344849304529,0.02163995423986298
37.696,TARGET_2,0.424127,0.034505,0.429276,0.031805,0.42149905921255465,0.026727636610229217
37.76,TARGET_2,0.423294,0.036926,0.412211,0.037812,0.4172553098032181,0.03229204339567997
37.824,TARGET_2,0.422461,0.039347,0.437893,0.047483,0.4247402685779014,0.03960415532425663
37.888,TARGET_2,0.421628,0.041768,0.42864,0.030512,0.4258950425193455,0.03748329172918169
37.952,TARGET_2,0.420796,0.044189,0.413126,0.050349,0.4205154338762156,0.04389554837346116
38.016,TARGET_2,0.419963,0.046609,0.411058,0.035162,0.41628173940125646,0.04190505553327944
38.08,TARGET_2,0.41913,0.04903,0.43167,0.047352,0.4217626976769263,0.04537543103129268
38.144,TARGET_2,0.418298,0.051451,0.412301,0.052805,0.41763152523369973,0.049674264911191056
38.208,TARGET_2,0.417465,0.053872,0.423308,0.051171,0.41937158209505704,0.051695269023553585
38.272,TARGET_2,0.416632,0.056293,0.40555,0.048414,0.4134842829048704,0.05181405973256998
38.336,TARGET_2,0.415799,0.058713,0.406697,0.052865,0.4102037596748291,0.053571356705129226
38.4,TARGET_2,0.414967,0.061134,0.422629,0.056053,0.4144471731616381,0.05587903417523297
38.464,TARGET_2,0.414134,0.063555,0.410148,0.059538,0.4122551589159956,0.0586564223437386
38.528,TARGET_2,0.413301,0.065976,0.417282,0.069024,0.4137063538942375,0.06410787194061025
38.592,TARGET_2,0.412469,0.068396,0.397404,0.076984,0.4067976256181348,0.07066128202688798
38.656,TARGET_2,0.411636,0.070817,0.413449,0.075034,0.40876216191918524,0.07399076484789976
38.72,TARGET_2,0.410803,0.073238,0.398428,0.077354,0.40411018669587084,0.07694403003866081
38.784,TARGET_2,0.40997,0.075659,0.418555,0.076341,0.40913626448322904,0.07833705539118833
38.848,TARGET_2,0.409138,0.07808,0.405176,0.071806,0.4070894347680006,0.07734008268185737
38.912,TARGET_2,0.408305,0.0805,0.421788,0.094917,0.41238290916416875,0.08575895773579204
38.976,TARGET_2,0.407472,0.082921,0.392382,0.088164,0.4041558473300221,0.08837843025088334
39.04,TARGET_2,0.40664,0.085342,0.397375,0.0826,0.40089769799988617,0.08775511624609243
39.104,TARGET_2,0.405807,0.087763,0.423347,0.093574,0.40912687940801984,0.091605896588329
39.168,TARGET_2,0.404974,0.090183,0.392875,0.096255,0.40235927365456275,0.09503761147596078
39.232,TARGET_2,0.404142,0.092604,0.400701,0.102157,0.40115500368585255,0.09947384930729994
39.296,TARGET_2,0.403309,0.095025,0.422451,0.097929,0.4090231189247893,0.10054154371026787
39.36,TARGET_2,0.402476,0.097446,0.422206,0.10767,0.4139798274105538,0.10498294045496612
39.424,TARGET_2,0.401643,0.099867,0.405148,0.100002,0.41040884447415293,0.10469270908442564
39.488,TARGET_2,0.400811,0.102287,0.381521,0.121159,0.3987850944354028,0.11278429519102005
39.552,TARGET_2,0.399978,0.104708,0.388187,0.095348,0.3940140603321604,0.1076477297302411
39.616,TARGET_2,0.399145,0.107129,0.413996,0.113617,0.4012132039319434,0.11149854990584422
39.68,TARGET_2,0.398313,0.10955,0.41524,0.092493,0.4063404483517336,0.10551453261887847
39.744,TARGET_2,0.39748,0.111971,0.38744,0.103638,0.3986371397307306,0.10601835236519314
39.808,TARGET_2,0.396647,0.114391,0.399703,0.095766,0.3985849129961169,0.1031550864355697
39.872,TARGET_2,0.395814,0.116812,0.397912,0.110078,0.39786957030656606,0.10692327882669517
39.936,TARGET_2,0.394982,0.119233,0.402993,0.11046,0.39944865371218025,0.10942182372436421
40.0,TARGET_2,0.394149,0.121654,0.390502,0.129704,0.3955393841261473,0.11856926681409664
40.064,TARGET_2,0.393316,0.124074,0.397813,0.132984,0.39595764045262866,0.12564284249202248
40.128,TARGET_2,0.392484,0.126495,0.385105,0.139858,0.39122341497018287,0.132800791090558
40.192,TARGET_2,0.391651,0.128916,0.396449,0.126023,0.39271484605139007,0.13180932619968416
40.256,TARGET_2,0.390818,0.131337,0.387209,0.126105,0.39004317675944117,0.13111386158033142
40.32,TARGET_2,0.389985,0.133758,0.384037,0.138692,0.3871104775538614,0.13556252155045143
40.384,TARGET_2,0.389153,0.136178,0.383675,0.1349,0.3851265612537381,0.13682016907386235
40.448,TARGET_2,0.38832,0.138599,0.376855,0.131693,0.38119681854604903,0.13626853259644137
40.512,TARGET_2,0.387487,0.14102,0.383516,0.151231,0.3813609884786926,0.14356410659757857
40.576,TARGET_2,0.386655,0.143441,0.405599,0.147471,0.39024589391253506,0.14665582750878814
40.64,TARGET_2,0.385822,0.145862,0.383678,0.16129,0.38728320365931435,0.15401022830758182
40.704,TARGET_2,0.384989,0.148282,0.383662,0.14537,0.38540623659826984,0.15231744846586034
40.768,TARGET_2,0.384156,0.150703,0.379825,0.160113,0.38271491951478886,0.1569733554131733
40.832,TARGET_2,0.383324,0.153124,0.380421,0.141792,0.38126001902439316,0.15260767563311045
40.896,TARGET_2,0.382491,0.155545,0.382119,0.144252,0.38103398198233995,0.15070211492534236
40.96,TARGET_2,0.381658,0.157965,0.37952,0.175349,0.3798931586475604,0.1617114081011651
41.024,TARGET_2,0.380826,0.160386,0.396,0.169422,0.38571619481020575,0.16632282812538568
41.088,TARGET_2,0.379993,0.162807,0.362138,0.177021,0.3760655717921489,0.17218532261837902
41.152,TARGET_2,0.37916,0.165228,0.367963,0.153156,0.37222841565408793,0.16639291186054678
41.216,TARGET_2,0.378328,0.167649,0.395287,0.185312,0.38062612064092394,0.1753213102626466
41.28,TARGET_2,0.377495,0.170069,0.376352,0.18247,0.3785350949796283,0.17981472007818328
41.344,TARGET_2,0.376662,0.17249,0.365078,0.186407,0.3727619997500797,0.18414705097362222
41.408,TARGET_2,0.375829,0.174911,0.387123,0.166507,0.3778249284798219,0.178941479010585
41.472,TARGET_2,0.377283,0.177018,0.357303,0.179017,0.3692923510619467,0.18046889245692713
41.536,TARGET_2,0.378736,0.179126,0.379218,0.193581,0.37254043045820423,0.18712228453559054
41.6,TARGET_2,0.380189,0.181233,0.396138,0.185158,0.3813467561001534,0.18795399460180412
41.664,TARGET_2,0.381642,0.183341,0.37661,0.1957,0.37927093300421666,0.19256563654095327
41.728,TARGET_2,0.383096,0.185448,0.392411,0.205304,0.38420935983135923,0.19922238142063753
41.792,TARGET_2,0.384549,0.187556,0.392818,0.194351,0.38753728951758426,0.199046663344004
41.856,TARGET_2,0.386002,0.189664,0.381479,0.197931,0.38517934165027906,0.20025251982524092
41.92,TARGET_2,0.387456,0.191771,0.402101,0.173777,0.391831708242505,0.19137239947908466
41.984,TARGET_2,0.388909,0.193879,0.39921,0.204967,0.39493647137897187,0.19795562470422734
42.048,TARGET_2,0.390362,0.195986,0.400251,0.178637,0.39731973587288133,0.19167183210567568
42.112,TARGET_2,0.391815,0.198094,0.405261,0.181966,0.4008075608777364,0.18890158008523308
42.176,TARGET_2,0.393269,0.200201,0.390368,0.196665,0.39712159697688104,0.19288920055073425
42.24,TARGET_2,0.394722,0.202309,0.411371,0.213252,0.4030542317934391,0.20194612266808015
42.304,TARGET_2,0.396175,0.204416,0.413645,0.186317,0.40772427517241633,0.1970134085868892
42.368,TARGET_2,0.397628,0.206524,0.414629,0.192079,0.4110675702773656,0.19607435685281221
42.432,TARGET_2,0.399082,0.208631,0.38514,0.209436,0.4014991086054731,0.20228574346917597
42.496,TARGET_2,0.400535,0.210739,0.415766,0.205792,0.40747069899372595,0.2047566689138983
42.56,TARGET_2,0.401988,0.212846,0.414575,0.228903,0.4107927841299497,0.2154174422996302
42.624,TARGET_2,0.403442,0.214954,0.402428,0.225976,0.40807825544182447,0.2210018935156478
42.688,TARGET_2,0.404895,0.217061,0.412097,0.211297,0.41013789168292425,0.21867922793827224
42.752,TARGET_2,0.406348,0.219169,0.417467,0.223618,0.41355095427694255,0.2219864761368926
42.816,TARGET_2,0.407801,0.221276,0.419074,0.214552,0.4163365305365252,0.22043421051816434
42.88,TARGET_2,0.409255,0.223384,0.392211,0.229255,0.4074517426524366,0.22518290779227798
42.944,TARGET_2,0.410708,0.225491,0.423871,0.220603,0.414270506613041,0.22471985539494385
43.008,TARGET_2,0.412161,0.227599,0.424755,0.218142,0.4189546290267703,0.22337466030765282
43.072,TARGET_2,0.413614,0.229706,0.422628,0.233059,0.4210728020253674,0.22834762241847556
43.136,TARGET_2,0.415068,0.231814,0.423233,0.220402,0.42262684970978986,0.2264496342534379
43.2,TARGET_2,0.416521,0.233921,0.405047,0.239844,0.41638369268807085,0.2328608383080107
43.264,TARGET_2,0.417974,0.236029,0.434108,0.216178,0.4238573530919707,0.22752654638325265
43.328,TARGET_2,0.419427,0.238136,0.425172,0.24086,0.42506615763618205,0.23381651921596275
43.392,TARGET_2,0.420881,0.240244,0.415449,0.255797,0.4219518487345581,0.24368464283707045
43.456,TARGET_2,0.422334,0.242351,0.437167,0.26065,0.4285184360734386,0.2518378947330907
43.52,TARGET_2,0.423787,0.244459,0.415211,0.24492,0.4239917093401235,0.2507371517169993
43.584,TARGET_2,0.425241,0.246566,0.416099,0.266037,0.4214120973231339,0.25829803694167697
43.648,TARGET_2,0.426694,0.248674,0.434521,0.234706,0.4270241331404107,0.25064247226419517
43.712,TARGET_2,0.428147,0.250781,0.443722,0.268795,0.4342230461590861,0.25914970408034854
43.776,TARGET_2,0.4296,0.252889,0.415951,0.256958,0.42779650493444343,0.25982178985387017
43.84,TARGET_2,0.431054,0.254996,0.439253,0.253301,0.43286931469545964,0.25871723482127423
43.904,TARGET_2,0.432507,0.257104,0.436812,0.26429,0.4351111162355068,0.26227731563539647
43.968,TARGET_2,0.43396,0.259211,0.415157,0.249191,0.42793533712966214,0.2584992012842256
44.032,TARGET_2,0.435413,0.261319,0.427418,0.255273,0.42816593543703146,0.2584154045626758
44.096,TARGET_2,0.436867,0.263426,0.417928,0.269017,0.424533670753404,0.26373303664812225
44.16,TARGET_2,0.43832,0.265534,0.454388,0.264599,0.4366180347597329,0.2653160667660768
44.224,TARGET_2,0.439773,0.267641,0.433872,0.270895,0.43619855134205016,0.2687479580289953
44.288,TARGET_2,0.441227,0.269749,0.448907,0.258234,0.4418422926661376,0.2658600268907412
44.352,TARGET_2,0.44268,0.271856,0.459879,0.266179,0.4497514952485475,0.26708876336297416
44.416,TARGET_2,0.444133,0.273964,0.46002,0.293575,0.45481233196967424,0.2786510534706704
44.48,TARGET_2,0.445586,0.276071,0.459218,0.292102,0.45766924690971067,0.2853876306819572
44.544,TARGET_2,0.44704,0.278179,0.43291,0.264603,0.44902072267841,0.2787273568478271
44.608,TARGET_2,0.448493,0.280287,0.442306,0.289432,0.4471535465467263,0.28421241179016155
44.672,TARGET_2,0.449946,0.282394,0.432179,0.272046,0.44191028670147997,0.28076404193288357
44.736,TARGET_2,0.451399,0.284502,0.432499,0.285142,0.43865176245889065,0.2836679298373877
44.8,TARGET_2,0.452853,0.286609,0.47013,0.298531,0.45143540172214763,0.2907533380651435
44.864,TARGET_2,0.454306,0.288717,0.436866,0.280052,0.4464149831695911,0.28789653941723514
44.928,TARGET_2,0.455759,0.290824,0.460045,0.308738,0.45233997379257773,0.2973459738390517
44.992,TARGET_2,0.457213,0.292932,0.461976,0.281495,0.45685606901163034,0.29253051195573904
45.056,TARGET_2,0.458666,0.295039,0.454468,0.29456,0.45672841931459063,0.29454440567442863
45.12,TARGET_2,0.460119,0.297147,0.45467,0.280964,0.4566809103100695,0.2903821635834571
45.184,TARGET_2,0.461572,0.299254,0.448493,0.305261,0.45416335731241164,0.29727104771202384
45.248,TARGET_2,0.463026,0.301362,0.447857,0.296776,0.4522641271234783,0.29825460890459016
45.312,TARGET_2,0.464479,0.303469,0.468032,0.302624,0.45900111338826377,0.3011300197911161
45.376,TARGET_2,0.465932,0.305577,0.471281,0.321728,0.4645589191086535,0.3104599582810639
45.44,TARGET_2,0.467385,0.307684,0.463106,0.321118,0.4648325294991646,0.3161076009159495
45.504,TARGET_2,0.468839,0.309792,0.467308,0.295743,0.4666220998083193,0.3095917649511547
45.568,TARGET_2,0.470292,0.311899,0.486128,0.293044,0.4751654881938219,0.30427803030302925
45.632,TARGET_2,0.471745,0.314007,0.491712,0.303544,0.48278182888776905,0.3049714768889055
45.696,TARGET_2,0.473198,0.316114,0.475172,0.298703,0.481038746554378,0.3034433065047276
45.76,TARGET_2,0.474652,0.318222,0.479447,0.317295,0.4815463487129301,0.309770761963104
45.824,TARGET_2,0.476105,0.320329,0.482268,0.321538,0.4829225997666884,0.3154408594719091
45.888,TARGET_2,0.477558,0.322437,0.495435,0.32426,0.48894961935402276,0.32008012248289497
45.952,TARGET_2,0.479012,0.324544,0.466675,0.308302,0.4813564995979155,0.3166625153355777
46.016,TARGET_2,0.480465,0.326652,0.470343,0.319466,0.477892487991925,0.31882849998100854
46.08,TARGET_2,0.481918,0.328759,0.493169,0.334208,0.48466286501139344,0.3259847145399362
46.144,TARGET_2,0.483371,0.330867,0.501371,0.323355,0.49218896417128744,0.3261980570204577
46.208,TARGET_2,0.484825,0.332974,0.495313,0.313088,0.49454444174916645,0.32220130649405837
46.272,TARGET_2,0.486278,0.335082,0.47802,0.344439,0.4891425604180277,0.3319880926295373
46.336,TARGET_2,0.487731,0.337189,0.483749,0.33255,0.48789744111053396,0.3334752914811084
46.4,TARGET_2,0.489184,0.339297,0.472892,0.326956,0.4827568147797928,0.33214003199491937
46.464,TARGET_2,0.490638,0.341404,0.479475,0.334128,0.4820354710958428,0.33405555862038644
46.528,TARGET_2,0.492091,0.343512,0.497456,0.323531,0.4886572524819463,0.33102177256299375
46.592,TARGET_2,0.493544,0.345619,0.492128,0.338449,0.4907465468063168,0.33492443380949344
46.656,TARGET_2,0.494998,0.347727,0.502833,0.332827,0.4962756187831701,0.33513682296077113
46.72,TARGET_2,0.496451,0.349834,0.503262,0.335378,0.49993260885430846,0.3362231541803091
46.784,TARGET_2,0.497904,0.351942,0.505579,0.362205,0.5031334739285316,0.3474756826700409
46.848,TARGET_2,0.499357,0.354049,0.49463,0.359183,0.5007899694909316,0.3534078290996935
46.912,TARGET_2,0.500811,0.356157,0.51847,0.355375,0.5086696279361747,0.35561451668954674
46.976,TARGET_2,0.502264,0.358264,0.521473,0.348686,0.5148377606099568,0.35429605214967763
47.04,TARGET_2,0.503717,0.360372,0.486273,0.345058,0.5047850903150516,0.3519389330552771
47.104,TARGET_2,0.50517,0.362479,0.510786,0.352419,0.5079973825463501,0.3532739539093559
47.168,TARGET_2,0.506624,0.364587,0.50654,0.350643,0.50832064344887,0.3533589913001248
47.232,TARGET_2,0.508077,0.366695,0.504613,0.358787,0.5077139076201258,0.3565723476665398
47.296,TARGET_2,0.50953,0.368802,0.495375,0.380835,0.5036229801885574,0.36728742354814364
47.36,TARGET_2,0.510984,0.37091,0.508323,0.351215,0.5060904546520257,0.36234425300084244
47.424,TARGET_2,0.512437,0.373017,0.49823,0.381321,0.503637706797335,0.37102162301000785
47.488,TARGET_2,0.51389,0.375125,0.50389,0.388312,0.5042746689449376,0.3792608952517226
47.552,TARGET_2,0.515343,0.377232,0.525675,0.367417,0.5132708736963477,0.376173780024983
47.616,TARGET_2,0.516797,0.37934,0.508176,0.389019,0.5120595150671445,0.3826607526347399
47.68,TARGET_2,0.51825,0.381447,0.514182,0.381733,0.5136174943398606,0.3838395414986379
47.744,TARGET_2,0.519703,0.383555,0.516215,0.382776,0.5153759888302559,0.38491773129321744
47.808,TARGET_2,0.521156,0.385662,0.531913,0.396826,0.5226686991444478,0.39108092028899066
47.872,TARGET_2,0.52261,0.38777,0.529484,0.38467,0.5263204334015916,0.39012344731808857
47.936,TARGET_2,0.524063,0.389877,0.509489,0.402852,0.5206860776402398,0.39661769298827093
48.0,TARGET_2,0.525516,0.391985,0.509198,0.375592,0.5169168325962793,0.3898948582743593
48.064,TARGET_2,0.526969,0.394092,0.535785,0.400226,0.524987125102438,0.3952609775139996
48.128,TARGET_2,0.528423,0.3962,0.534584,0.387398,0.5296292286882007,0.39353856582018754
48.192,TARGET_2,0.529876,0.398307,0.518698,0.417282,0.5262590683015047,0.4041854707999219
48.256,TARGET_2,0.531329,0.400415,0.52616,0.413059,0.5270067158827736,0.4092400871919012
48.32,TARGET_2,0.532783,0.402522,0.53094,0.392919,0.5293310349450107,0.4044107329567714
48.384,TARGET_2,0.534236,0.40463,0.534022,0.421823,0.5319909506806537,0.4126732152812621
48.448,TARGET_2,0.535689,0.406737,0.52081,0.404272,0.5284158982133281,0.41092546741612324
48.512,TARGET_2,0.537142,0.408845,0.551119,0.399366,0.5380787698919905,0.40778003099996535
48.576,TARGET_2,0.538596,0.410952,0.547981,0.399353,0.542966770129471,0.4056868170915014
48.64,TARGET_2,0.540049,0.41306,0.531541,0.412957,0.5395273282861816,0.40966370937240687
48.704,TARGET_2,0.541502,0.415167,0.544278,0.434717,0.5423108439947045,0.4207502517966349
48.768,TARGET_2,0.542955,0.417275,0.533797,0.421598,0.5398896592435035,0.42256996685402837
48.832,TARGET_2,0.544409,0.419382,0.559462,0.418111,0.5484459827012772,0.4222683082528745
48.896,TARGET_2,0.545862,0.42149,0.549094,0.4312,0.5497594843262317,0.42717253119254095
48.96,TARGET_2,0.547315,0.423597,0.532008,0.436142,0.5437779112493206,0.43218131271166943
49.024,TARGET_2,0.548769,0.425705,0.534621,0.434724,0.5409351367045832,0.4347352869351863
49.088,TARGET_2,0.550222,0.427812,0.54489,0.426919,0.5431399062088601,0.4331901976245637
49.152,TARGET_2,0.551675,0.42992,0.53183,0.417344,0.5393436903253153,0.4283283198685939
49.216,TARGET_2,0.553128,0.432027,0.566361,0.437722,0.5505455097355954,0.4332088915681492
49.28,TARGET_2,0.554582,0.434135,0.549719,0.426606,0.5510820521060016,0.431860397245964
49.344,TARGET_2,0.556035,0.436242,0.555728,0.427644,0.553753594636279,0.43133927472090833
49.408,TARGET_2,0.554136,0.434526,0.569757,0.423751,0.560962957315968,0.42940175660768115
49.472,TARGET_2,0.552237,0.432809,0.567443,0.447617,0.5645998073932721,0.4375483793312525
49.536,TARGET_2,0.550338,0.431092,0.565868,0.411527,0.5662377069174214,0.42841559490791326
49.6,TARGET_2,0.548438,0.429376,0.566981,0.435998,0.5676596895748848,0.4322032991912817
49.664,TARGET_2,0.546539,0.427659,0.562725,0.419344,0.5668199217701543,0.42798711422630115
49.728,TARGET_2,0.54464,0.425942,0.531519,0.433283,0.5538738090774485,0.4307622173600006
49.792,TARGET_2,0.542741,0.424226,0.532307,0.425779,0.5458645811643863,0.4295261986129431
49.856,TARGET_2,0.540842,0.422509,0.542423,0.41242,0.544725441292121,0.42341001463410516
49.92,TARGET_2,0.538943,0.420792,0.545554,0.43756,0.545224670189027,0.42941667004604606
49.984,TARGET_2,0.537044,0.419076,0.556018,0.406459,0.5496740617821647,0.4209218521904023
50.048,TARGET_2,0.535145,0.417359,0.525627,0.429718,0.5404790488438552,0.42466950570210604
50.112,TARGET_2,0.533246,0.415642,0.539378,0.421205,0.5400327979597499,0.4236782240540854
50.176,TARGET_2,0.531346,0.413926,0.526209,0.430752,0.5345378730445125,0.4268016735548092
50.24,TARGET_2,0.529447,0.412209,0.531107,0.412879,0.5329698769000403,0.4217051963051236
50.304,TARGET_2,0.527548,0.410492,0.534771,0.392771,0.5334306146453417,0.4104726155869259
50.368,TARGET_2,0.525649,0.408776,0.507116,0.410777,0.5227964127903771,0.4104152212655181
50.432,TARGET_2,0.52375,0.407059,0.52086,0.406666,0.5214592267628798,0.4087619561920389
50.496,TARGET_2,0.521851,0.405342,0.531414,0.424919,0.5248137820036551,0.4149385161631818
50.56,TARGET_2,0.519952,0.403626,0.529381,0.422255,0.526183457813788,0.4178391314363354
50.624,TARGET_2,0.518053,0.401909,0.511869,0.418708,0.5201532256881742,0.41828682373587756
50.688,TARGET_2,0.516154,0.400192,0.498876,0.39344,0.5111836596457724,0.4085687679005156
50.752,TARGET_2,0.514254,0.398476,0.521015,0.38659,0.5142492063486681,0.39964892246556694
50.816,TARGET_2,0.512355,0.396759,0.524807,0.408372,0.5177527329192878,0.4025865440341119
50.88,TARGET_2,0.510456,0.395042,0.521813,0.376706,0.5188422920224119,0.3919610194165746
50.944,TARGET_2,0.508557,0.393325,0.527834,0.4046,0.5219492091894891,0.3962373780018711
51.008,TARGET_2,0.506658,0.391609,0.498443,0.37855,0.5123283700941678,0.3887003487275862
51.072,TARGET_2,0.504759,0.389892,0.487099,0.389224,0.5017167660742103,0.3881431679670708
51.136,TARGET_2,0.50286,0.388175,0.512082,0.395625,0.504863899029259,0.3903632308331711
51.2,TARGET_2,0.500961,0.386459,0.518509,0.404061,0.5094694038896798,0.39515987398214186
51.264,TARGET_2,0.499062,0.384742,0.481682,0.383097,0.49788213201761716,0.3899616615632329
51.328,TARGET_2,0.497162,0.383025,0.478012,0.395795,0.4890670936041178,0.3916918381624387
51.392,TARGET_2,0.495263,0.381309,0.489762,0.370455,0.48814320147012363,0.38280225180504895
51.456,TARGET_2,0.493364,0.379592,0.489883,0.391134,0.4876687677948495,0.3853375620495288
51.52,TARGET_2,0.491465,0.377875,0.493172,0.369165,0.48873270651522305,0.3783060401056466
51.584,TARGET_2,0.489566,0.376159,0.480003,0.376964,0.48426376661573567,0.3769392332734091
51.648,TARGET_2,0.487667,0.374442,0.478893,0.385328,0.4810290815387463,0.37942323823505125
51.712,TARGET_2,0.485768,0.372725,0.474141,0.365514,0.4771465014333628,0.37321580643548663
51.776,TARGET_2,0.483869,0.371009,0.464801,0.377333,0.47103767108753664,0.3739696620792272
51.84,TARGET_2,0.48197,0.369292,0.501233,0.364501,0.4816225218546524,0.36942273530220837
51.904,TARGET_2,0.48007,0.367575,0.465466,0.358516,0.4743033234739647,0.36419728694486975
51.968,TARGET_2,0.478171,0.365859,0.461666,0.372293,0.46817996234125553,0.3663642702560976
52.032,TARGET_2,0.476272,0.364142,0.462915,0.364818,0.4648287427386006,0.3648480523381481
52.096,TARGET_2,0.474373,0.362425,0.480564,0.358064,0.4697442555513469,0.361258693551958
52.16,TARGET_2,0.472474,0.360709,0.462428,0.367433,0.4657795437490548,0.3627255831680977
52.224,TARGET_2,0.470575,0.358992,0.466054,0.34695,0.4647437336207577,0.35561213652619955
52.288,TARGET_2,0.468676,0.357275,0.47331,0.370478,0.4670179590797094,0.36043008679101385
52.352,TARGET_2,0.466777,0.355559,0.472564,0.370204,0.46823714716552395,0.3634568329507447
52.416,TARGET_2,0.464878,0.353842,0.454676,0.373634,0.46199232432060094,0.3667932618032735
52.48,TARGET_2,0.462978,0.352125,0.469094,0.360355,0.46376052634266596,0.3637075465061103
52.544,TARGET_2,0.461079,0.350409,0.466236,0.359814,0.4638169142064683,0.3615541235930046
52.608,TARGET_2,0.45918,0.348692,0.472502,0.351361,0.46638413008237156,0.3568693824531355
52.672,TARGET_2,0.457281,0.346975,0.464065,0.347812,0.46473334839809594,0.3525114671308029
52.736,TARGET_2,0.455382,0.345259,0.445781,0.343769,0.4564863067442902,0.348173593707369
52.8,TARGET_2,0.453483,0.343542,0.461398,0.349965,0.4574435352723259,0.34790573428618615
52.864,TARGET_2,0.451584,0.341825,0.44135,0.354867,0.4501774554635507,0.34972929019977456
52.928,TARGET_2,0.449685,0.340109,0.454397,0.354803,0.45075239247422094,0.3509202966965456
52.992,TARGET_2,0.447786,0.338392,0.429319,0.333843,0.44125813344193154,0.343433039673867
53.056,TARGET_2,0.445886,0.336675,0.43295,0.33471,0.4366915979731519,0.3390379956133661
53.12,TARGET_2,0.443987,0.334959,0.450786,0.341943,0.44090598995248736,0.3391476084966273
53.184,TARGET_2,0.442088,0.333242,0.436432,0.318581,0.4379931180310523,0.3300322310544774
53.248,TARGET_2,0.440189,0.331525,0.456109,0.31762,0.44398381397294395,0.32388856728659576
53.312,TARGET_2,0.43829,0.329808,0.454503,0.329473,0.44723845370488696,0.3247263019475346
53.376,TARGET_2,0.436391,0.328092,0.428188,0.346703,0.4389546900074306,0.332155700067194
53.44,TARGET_2,0.434492,0.326375,0.452879,0.307265,0.4434787378896117,0.3213644030332192
53.504,TARGET_2,0.432593,0.324658,0.430755,0.317534,0.4376679099326653,0.3185924791567573
53.568,TARGET_2,0.430694,0.322942,0.44412,0.336316,0.43929071246927437,0.3243254055718492
53.632,TARGET_2,0.428794,0.321225,0.421639,0.321148,0.43148363561687486,0.3220550972655592
53.696,TARGET_2,0.426895,0.319508,0.443404,0.338113,0.43515851960462454,0.32737558362014485
53.76,TARGET_2,0.424996,0.317792,0.431066,0.316407,0.432680928320043,0.3222412062083657
53.824,TARGET_2,0.423097,0.316075,0.429316,0.308937,0.43045529639001656,0.3160528647335416
53.888,TARGET_2,0.421198,0.314358,0.424925,0.300173,0.4273475278584053,0.30868706553049485
53.952,TARGET_2,0.419299,0.312642,0.429624,0.302518,0.4272748203474213,0.3049741728160176
54.016,TARGET_2,0.4174,0.310925,0.413056,0.302453,0.42072756690512003,0.3026500191869987
54.08,TARGET_2,0.415501,0.309208,0.412061,0.317685,0.4162065227780873,0.30726805580901717
54.144,TARGET_2,0.413602,0.307492,0.402532,0.326563,0.4096117057464515,0.31380344050105585
54.208,TARGET_2,0.411702,0.305775,0.420109,0.291022,0.41242360817355844,0.3039740488007229
54.272,TARGET_2,0.409803,0.304058,0.395939,0.314278,0.40473038024231656,0.30694761752346694
54.336,TARGET_2,0.407904,0.302342,0.393776,0.314537,0.3990297308184711,0.30901019341351776
54.4,TARGET_2,0.4085,0.299852,0.397149,0.295219,0.3968024244302294,0.3027359290383188
54.464,TARGET_2,0.409096,0.297362,0.400374,0.316758,0.39674018397001487,0.3072994944801894
54.528,TARGET_2,0.409692,0.294873,0.414619,0.283556,0.40241984807392217,0.2971305291114115
54.592,TARGET_2,0.410288,0.292383,0.410318,0.295032,0.40442181928768645,0.29522395539757573
54.656,TARGET_2,0.410885,0.289893,0.39466,0.278162,0.3995673281313881,0.28739242047818836
54.72,TARGET_2,0.411481,0.287404,0.427895,0.283544,0.409674801430827,0.2845838066739687
54.784,TARGET_2,0.412077,0.284914,0.404725,0.286222,0.4070205281114693,0.2839229865088209
54.848,TARGET_2,0.412673,0.282425,0.407035,0.272521,0.40627943032458347,0.2781536143462915
54.912,TARGET_2,0.413269,0.279935,0.414179,0.294166,0.4086750992434656,0.2831061652914768
54.976,TARGET_2,0.413865,0.277445,0.417111,0.270887,0.41140544388284817,0.2771342093954825
55.04,TARGET_2,0.414461,0.274956,0.402589,0.262823,0.40743637340053945,0.27019547864010435
55.104,TARGET_2,0.415057,0.272466,0.413707,0.273914,0.4093290624421974,0.27022666818307367
55.168,TARGET_2,0.415653,0.269976,0.433005,0.267578,0.418206049330743,0.2678205474807154
55.232,TARGET_2,0.416249,0.267487,0.414406,0.255888,0.4165406842372376,0.2617356085125231
55.296,TARGET_2,0.416845,0.264997,0.410238,0.263528,0.4138375863167559,0.2609512091596034
55.36,TARGET_2,0.417441,0.262507,0.39957,0.267756,0.4079028656552665,0.2622074366618683
55.424,TARGET_2,0.418037,0.260018,0.404143,0.275638,0.40594040701606626,0.2662087882154351
55.488,TARGET_2,0.418633,0.257528,0.418118,0.239788,0.4102440489617034,0.25465165866496026
55.552,TARGET_2,0.419229,0.255039,0.417902,0.253894,0.41293456570575754,0.2529181345954176
55.616,TARGET_2,0.419826,0.252549,0.418311,0.249233,0.41483286299576927,0.25004798731776084
55.68,TARGET_2,0.420422,0.250059,0.401301,0.233469,0.40932696205653407,0.24205789996405916
55.744,TARGET_2,0.421018,0.24757,0.403532,0.25297,0.4067038008806204,0.24475431293042524
55.808,TARGET_2,0.421614,0.24508,0.429016,0.239869,0.41513143681453646,0.24138284474604002
55.872,TARGET_2,0.42221,0.24259,0.433071,0.245172,0.42213785043247415,0.241409984928911
55.936,TARGET_2,0.422806,0.240101,0.403887,0.259096,0.41506779606254984,0.24701950373814716
56.0,TARGET_2,0.423402,0.237611,0.427895,0.239954,0.4200458543352594,0.2431041065985763
56.064,TARGET_2,0.423998,0.235121,0.405214,0.232794,0.414254490475789,0.2378348035373139
56.128,TARGET_2,0.424594,0.232632,0.421444,0.239041,0.4169753328734355,0.23701008407436716
56.192,TARGET_2,0.42519,0.230142,0.442019,0.238423,0.42686009033888683,0.236312346652057
56.256,TARGET_2,0.425786,0.227653,0.4154,0.224407,0.4226384197486608,0.23039183515760106
56.32,TARGET_2,0.426382,0.225163,0.41134,0.214397,0.41831966396154385,0.22272004293491607
56.384,TARGET_2,0.426978,0.222673,0.440477,0.215949,0.427083298678069,0.21851270977211323
56.448,TARGET_2,0.427574,0.220184,0.421509,0.230253,0.42517216058255225,0.2215728510649317
56.512,TARGET_2,0.42817,0.217694,0.422196,0.234132,0.4242075419141561,0.22515012930387143
56.576,TARGET_2,0.428767,0.215204,0.440435,0.221799,0.4307966051746169,0.22263191571053537
56.64,TARGET_2,0.429363,0.212715,0.41167,0.207646,0.4236113171649069,0.21549154727138833
56.704,TARGET_2,0.429959,0.210225,0.428879,0.191276,0.4258126046662888,0.20452465867590353
56.768,TARGET_2,0.430555,0.207735,0.421384,0.226072,0.4242455171487617,0.2113703304586372
56.832,TARGET_2,0.431151,0.205246,0.438744,0.19251,0.4301037825011702,0.20255470978557338
56.896,TARGET_2,0.431747,0.202756,0.425977,0.217522,0.42878469509858774,0.20690042099308062
56.96,TARGET_2,0.432343,0.200266,0.436351,0.181073,0.43202982745945917,0.1953409150954314
57.024,TARGET_2,0.432939,0.197777,0.448021,0.211312,0.438704635826208,0.2000026743576246
57.088,TARGET_2,0.433535,0.195287,0.450721,0.209435,0.444013990991993,0.20232882621999737
57.152,TARGET_2,0.434131,0.192798,0.448805,0.185606,0.4466136668543657,0.19446408668832102
57.216,TARGET_2,0.434727,0.190308,0.446853,0.207118,0.44746110435515946,0.19802596810714448
57.28,TARGET_2,0.435323,0.187818,0.424113,0.180078,0.43896199467112096,0.1896816728432446
57.344,TARGET_2,0.435919,0.185329,0.444013,0.185861,0.44136938235611745,0.1867135481953756
57.408,TARGET_2,0.436515,0.182839,0.425011,0.19357,0.4353643787391417,0.1879511517237018
57.472,TARGET_2,0.437111,0.180349,0.439012,0.18977,0.43704493707734055,0.18732050837493602
57.536,TARGET_2,0.437708,0.17786,0.423622,0.18674,0.43201482768107125,0.18579499483749273
57.6,TARGET_2,0.438304,0.17537,0.454481,0.190476,0.4409984890683203,0.18637236984015326
57.664,TARGET_2,0.4389,0.17288,0.423911,0.189726,0.4346316444075588,0.18651583813658257
57.728,TARGET_2,0.439496,0.170391,0.43216,0.167286,0.4338094257567258,0.1777949635108471
57.792,TARGET_2,0.440092,0.167901,0.457464,0.154801,0.4432880627455174,0.16735088530013043
57.856,TARGET_2,0.440688,0.165412,0.45118,0.17235,0.4468451940245679,0.16770380207272653
57.92,TARGET_2,0.441284,0.162922,0.424269,0.154026,0.4384432224130603,0.16077006198408544
57.984,TARGET_2,0.44188,0.160432,0.431335,0.140806,0.43584620222436393,0.15119893550943192
58.048,TARGET_2,0.442476,0.157943,0.458503,0.161911,0.44492615491931,0.15353441774828908
58.112,TARGET_2,0.443072,0.155453,0.441373,0.165947,0.4439375049914025,0.15672913518180312
58.176,TARGET_2,0.443668,0.152963,0.459305,0.143064,0.45037826923521623,0.1498105853342128
58.24,TARGET_2,0.444264,0.150474,0.452273,0.159367,0.4516867840822718,0.15193016757706404
58.304,TARGET_2,0.44486,0.147984,0.426561,0.164857,0.4423169340762513,0.15554881736690726
58.368,TARGET_2,0.445456,0.145494,0.455526,0.136123,0.4477647503608172,0.14657336027410184
58.432,TARGET_2,0.446052,0.143005,0.441689,0.135072,0.44575468746004315,0.14050091190242187
58.496,TARGET_2,0.446649,0.140515,0.466418,0.124893,0.4542342070990423,0.13268280058398144
58.56,TARGET_2,0.447245,0.138025,0.453414,0.124566,0.45448427168103855,0.12765543020598843
58.624,TARGET_2,0.447841,0.135536,0.452307,0.143125,0.4541735629137043,0.13189191475363068
58.688,TARGET_2,0.448437,0.133046,0.428549,0.114925,0.44454375901643983,0.1235439499163347
58.752,TARGET_2,0.449033,0.130557,0.465911,0.1172,0.45315166891523184,0.11920748125633746
58.816,TARGET_2,0.449629,0.128067,0.467786,0.131113,0.459379412960931,0.12204724924214727
58.88,TARGET_2,0.450225,0.125577,0.463587,0.107585,0.4616685759027373,0.11465559895403782
58.944,TARGET_2,0.450821,0.123088,0.446462,0.119138,0.4563186774282359,0.11460259879577221
59.008,TARGET_2,0.451417,0.120598,0.448604,0.118993,0.45371384341204507,0.11461410890378504
59.072,TARGET_2,0.452013,0.118108,0.460358,0.128705,0.45667678223015207,0.11856131420086988
59.136,TARGET_2,0.452609,0.115619,0.459439,0.135535,0.45818563240977567,0.12387487300212602
59.2,TARGET_2,0.453205,0.113129,0.43646,0.120867,0.4500330801107671,0.12154161721623015
59.264,TARGET_2,0.453801,0.110639,0.443045,0.100872,0.4474098441875058,0.11220499748551906
59.328,TARGET_2,0.454397,0.10815,0.468762,0.120692,0.4559030826189278,0.1141528355818929
59.392,TARGET_2,0.454993,0.10566,0.453142,0.123387,0.4551413670915954,0.11654180498139177
59.456,TARGET_2,0.45559,0.103171,0.439027,0.114907,0.4490515722983219,0.11478247375989861
59.52,TARGET_2,0.456186,0.100681,0.45349,0.106323,0.45087100832552124,0.11032554577308276
59.584,TARGET_2,0.456782,0.098191,0.442585,0.094566,0.44771394456088803,0.10289108746914548
59.648,TARGET_2,0.457378,0.095702,0.446177,0.08295,0.4471132142196572,0.09361685452900731
59.712,TARGET_2,0.457974,0.093212,0.459101,0.082696,0.4518430838187669,0.08767438710183842
59.776,TARGET_2,0.45857,0.090722,0.444896,0.096723,0.4492423410881809,0.08952261847153577
59.84,TARGET_2,0.459166,0.088233,0.468367,0.106961,0.4568608928268436,0.09485070026675706
59.904,TARGET_2,0.459762,0.085743,0.453228,0.066425,0.455730805263797,0.08230085336839976
59.968,TARGET_2,0.460358,0.083253,0.451074,0.07731,0.45413989131399246,0.078670409476958
60.032,TARGET_2,0.460954,0.080764,0.447923,0.076342,0.45186347052867015,0.07606316550195036
60.096,TARGET_2,0.46155,0.078274,0.474599,0.088647,0.4609551941369625,0.07936256410378804
60.16,TARGET_2,0.462146,0.075785,0.447181,0.091401,0.45590441801161075,0.08265273917749855
60.224,TARGET_2,0.462742,0.073295,0.463788,0.068469,0.45922903953151434,0.07576203966735497
60.288,TARGET_2,0.463338,0.070805,0.463935,0.057337,0.46139778462459957,0.06703088334423285
60.352,TARGET_2,0.463934,0.068316,0.456728,0.049539,0.45991321186152734,0.05845326733937998
60.416,TARGET_2,0.464531,0.065826,0.464127,0.065853,0.46187279756653477,0.059526360072891665
60.48,TARGET_2,0.465127,0.063336,0.465541,0.06753,0.46366666324681893,0.060979172818501376
60.544,TARGET_2,0.465723,0.060847,0.449998,0.064763,0.4586424262310749,0.06090805655034495
60.608,TARGET_2,0.466319,0.058357,0.462152,0.04369,0.46022289185852994,0.05261274106059813
60.672,TARGET_2,0.466915,0.055867,0.46836,0.073157,0.46367729103222827,0.059060591190418725
