time,target,true_x,true_z,meas_x,meas_z,measurement_available,est_x,est_z
0.064,TARGET_1,-0.597991,-0.498414,-0.580466,-0.498396,True,-0.580466,-0.498396
0.128,TARGET_1,-0.595981,-0.496827,-0.608131,-0.504857,True,-0.5957978100117379,-0.5019766551413641
0.192,TARGET_1,-0.593972,-0.495241,-0.595384,-0.500039,True,-0.5961573126899846,-0.5011829578316029
0.256,TARGET_1,-0.591963,-0.493655,-0.573057,-0.485567,True,-0.5859024491553645,-0.493960145559687
0.32,TARGET_1,-0.589954,-0.492069,-0.593465,-0.488317,True,-0.5890236760620178,-0.49078067291283767
0.384,TARGET_1,-0.587944,-0.490482,-0.602479,-0.479157,True,-0.5951900439618409,-0.48465209629945594
0.448,TARGET_1,-0.585935,-0.488896,,,False,-0.5959652281052839,-0.48258789787058776
0.512,TARGET_1,-0.583926,-0.48731,-0.601491,-0.507058,True,-0.5994515032519491,-0.49566643699057783
0.576,TARGET_1,-0.581916,-0.485723,-0.577481,-0.501569,True,-0.5893231467958107,-0.49844060772660165
0.64,TARGET_1,-0.579907,-0.484137,-0.599562,-0.492584,True,-0.5938750656041765,-0.4958625906722658
0.704,TARGET_1,-0.577898,-0.482551,,,False,-0.5942058006229043,-0.4957181402524931
0.768,TARGET_1,-0.575888,-0.480965,-0.578494,-0.497037,True,-0.5859164846911467,-0.4963599625566893
0.832,TARGET_1,-0.573879,-0.479378,-0.582158,-0.482975,True,-0.583930632248633,-0.4901280378427499
0.896,TARGET_1,-0.57187,-0.477792,-0.575404,-0.490797,True,-0.5798975375048816,-0.4900752901985821
0.96,TARGET_1,-0.569861,-0.476206,-0.568996,-0.473903,True,-0.5748018397081905,-0.48294360966222044
1.024,TARGET_1,-0.567851,-0.474619,-0.580683,-0.45941,True,-0.5765320445428421,-0.4725563611989828
1.088,TARGET_1,-0.565842,-0.473033,-0.56831,-0.483843,True,-0.5725737232388476,-0.47614029588718126
1.152,TARGET_1,-0.563833,-0.471447,-0.550962,-0.484694,True,-0.563036607684202,-0.47880926772360155
1.216,TARGET_1,-0.561823,-0.469861,-0.561908,-0.456588,True,-0.5615111369924678,-0.4691219558527063
1.28,TARGET_1,-0.559814,-0.468274,-0.577093,-0.480818,True,-0.5667635156667296,-0.4728485361672821
1.344,TARGET_1,-0.557805,-0.466688,-0.542923,-0.456964,True,-0.5563608406037582,-0.46564139578716024
1.408,TARGET_1,-0.555795,-0.465102,,,False,-0.5544558579519446,-0.4639215835056125
1.472,TARGET_1,-0.553786,-0.463515,-0.556277,-0.469418,True,-0.5543946497489034,-0.4657725315461853
1.536,TARGET_1,-0.551777,-0.461929,-0.564184,-0.445632,True,-0.5576565364700055,-0.456143461936952
1.6,TARGET_1,-0.549768,-0.460343,-0.534155,-0.451615,True,-0.5470615714172969,-0.4530975919122247
1.664,TARGET_1,-0.547758,-0.458756,-0.53963,-0.439301,True,-0.5428408631215115,-0.44628257104936975
1.728,TARGET_1,-0.545749,-0.45717,-0.52647,-0.443033,True,-0.5349746431950397,-0.443570864358563
1.792,TARGET_1,-0.54374,-0.455584,-0.540836,-0.470961,True,-0.5358080093962335,-0.45308792115847735
1.856,TARGET_1,-0.54173,-0.453998,-0.526336,-0.448556,True,-0.5306423416421129,-0.45028255500696546
1.92,TARGET_1,-0.539721,-0.452411,,,False,-0.5281613234531035,-0.4485535537920536
1.984,TARGET_1,-0.537712,-0.450825,-0.530531,-0.457064,True,-0.5280509681864568,-0.4518288415857178
2.048,TARGET_1,-0.535702,-0.449239,-0.523352,-0.461648,True,-0.5246895766414221,-0.45525392936970244
2.112,TARGET_1,-0.533693,-0.447652,,,False,-0.5222872473298387,-0.45409437394922897
2.176,TARGET_1,-0.531684,-0.446066,-0.521608,-0.438274,True,-0.5207434747298844,-0.4456298009618641
2.24,TARGET_1,-0.529675,-0.44448,-0.525169,-0.45512,True,-0.5213384029689834,-0.44886944436552073
2.304,TARGET_1,-0.527665,-0.442894,-0.520456,-0.42527,True,-0.5196877807542117,-0.43839443077894114
2.368,TARGET_1,-0.525656,-0.441307,-0.521725,-0.439771,True,-0.5192176698352536,-0.43786038221498724
2.432,TARGET_1,-0.523647,-0.439721,,,False,-0.5171561664751467,-0.43611367217399905
2.496,TARGET_1,-0.521637,-0.438135,-0.540771,-0.439799,True,-0.5276293320039173,-0.4370187732678942
2.56,TARGET_1,-0.519628,-0.436548,-0.508295,-0.427138,True,-0.5185200771828978,-0.43184967073938796
2.624,TARGET_1,-0.517619,-0.434962,,,False,-0.5167268390573635,-0.4300517566309209
2.688,TARGET_1,-0.515609,-0.433376,-0.531694,-0.447226,True,-0.5232619820807797,-0.4376812647483949
2.752,TARGET_1,-0.5136,-0.43179,,,False,-0.5219291537723071,-0.4364045176788494
2.816,TARGET_1,-0.511591,-0.430203,-0.525437,-0.425299,True,-0.5230957178577026,-0.43005286744892174
2.88,TARGET_1,-0.509582,-0.428617,-0.497164,-0.436381,True,-0.511000691243826,-0.43197199244748646
2.944,TARGET_1,-0.507572,-0.427031,-0.495307,-0.425723,True,-0.5034660817506097,-0.42859072959852756
3.008,TARGET_1,-0.505563,-0.425444,-0.494759,-0.444335,True,-0.49870086885483234,-0.43404485713872937
3.072,TARGET_1,-0.503554,-0.423858,-0.487869,-0.42553,True,-0.4930275889210947,-0.42999833734578313
3.136,TARGET_1,-0.501544,-0.422272,-0.495053,-0.408131,True,-0.4923529710650672,-0.4205665295752072
3.2,TARGET_1,-0.499535,-0.420686,-0.483429,-0.435521,True,-0.48739871890155767,-0.4254550831276094
3.264,TARGET_1,-0.497526,-0.419099,-0.517275,-0.399303,True,-0.49771888786471485,-0.4142901251734562
3.328,TARGET_1,-0.495516,-0.417513,-0.484008,-0.436348,True,-0.4912196236688687,-0.42187603158682013
3.392,TARGET_1,-0.493507,-0.415927,-0.479479,-0.427908,True,-0.48533944474480356,-0.4234411582312454
3.456,TARGET_1,-0.491498,-0.41434,-0.476308,-0.409623,True,-0.4804008063406353,-0.41724900485095645
3.52,TARGET_1,-0.489489,-0.412754,-0.47901,-0.401126,True,-0.4783950371168814,-0.4099743827684111
3.584,TARGET_1,-0.487479,-0.411168,-0.469683,-0.424001,True,-0.4735052668938481,-0.4144354730438095
3.648,TARGET_1,-0.48547,-0.409582,,,False,-0.470978163314221,-0.41298380209827673
3.712,TARGET_1,-0.483461,-0.407995,-0.489111,-0.416275,True,-0.4784852758310451,-0.4138356698038301
3.776,TARGET_1,-0.481451,-0.406409,,,False,-0.4765145093813588,-0.4125117162673639
3.84,TARGET_1,-0.479442,-0.404823,-0.483154,-0.38747,True,-0.47896117295179474,-0.39901953636248855
3.904,TARGET_1,-0.477433,-0.403236,-0.474247,-0.387622,True,-0.4759198934976162,-0.3928973496571263
3.968,TARGET_1,-0.475423,-0.40165,-0.466931,-0.413948,True,-0.471153580497337,-0.4002802777433948
4.032,TARGET_1,-0.473414,-0.400064,-0.478788,-0.384385,True,-0.47304857419971513,-0.3928815321065364
4.096,TARGET_1,-0.471405,-0.398477,-0.460094,-0.393478,True,-0.4668379217545933,-0.39191410575081065
4.16,TARGET_1,-0.469396,-0.396891,-0.483171,-0.399317,True,-0.4721077704778584,-0.3936764599511687
4.224,TARGET_1,-0.467386,-0.395305,-0.459783,-0.406353,True,-0.4662656666870882,-0.3976471074462609
4.288,TARGET_1,-0.465377,-0.393719,,,False,-0.4644346365150089,-0.39623108651692035
4.352,TARGET_1,-0.463368,-0.392132,-0.448606,-0.411472,True,-0.45580620655035475,-0.40290386589714905
4.416,TARGET_1,-0.461358,-0.390546,,,False,-0.45359912572599526,-0.4019353394105954
4.48,TARGET_1,-0.459349,-0.38896,-0.477602,-0.397436,True,-0.4648365607034028,-0.39915566635884503
4.544,TARGET_1,-0.45734,-0.387373,-0.458107,-0.372071,True,-0.46105284249884676,-0.3866575290186068
4.608,TARGET_1,-0.45533,-0.385787,-0.464209,-0.388639,True,-0.4614138291763234,-0.38648109448806783
4.672,TARGET_1,-0.453321,-0.384201,,,False,-0.45992064733344384,-0.3848732195474343
4.736,TARGET_1,-0.451312,-0.382615,-0.465242,-0.386371,True,-0.4617696030919954,-0.3847884901206032
4.8,TARGET_1,-0.449303,-0.381028,-0.450539,-0.370617,True,-0.4561788750305746,-0.3778069444852689
4.864,TARGET_1,-0.447293,-0.379442,-0.464848,-0.364901,True,-0.4588166457994122,-0.37144457256775054
4.928,TARGET_1,-0.445284,-0.377856,-0.457198,-0.383452,True,-0.4573805399425132,-0.37501638057540193
4.992,TARGET_1,-0.443275,-0.376269,,,False,-0.45605982940484197,-0.3732554872411833
5.056,TARGET_1,-0.441265,-0.374683,-0.43973,-0.365891,True,-0.44742931020493054,-0.3687655063673623
5.12,TARGET_1,-0.439256,-0.373097,,,False,-0.4457058427655223,-0.3668542453706223
5.184,TARGET_1,-0.437247,-0.371511,-0.433933,-0.384759,True,-0.4388244445681495,-0.3751137296372878
5.248,TARGET_1,-0.435237,-0.369924,-0.454031,-0.380695,True,-0.44438346069190676,-0.3768047613449124
5.312,TARGET_1,-0.433228,-0.368338,-0.416458,-0.359317,True,-0.4319302417155581,-0.3688911874777822
5.376,TARGET_1,-0.431219,-0.366752,,,False,-0.4297413225933976,-0.3673291386797925
5.44,TARGET_1,-0.42921,-0.365165,-0.430282,-0.364861,True,-0.4288911036510743,-0.3653227082030688
5.504,TARGET_1,-0.4272,-0.363579,-0.434502,-0.355611,True,-0.4301094265776656,-0.36023031104227526
5.568,TARGET_1,-0.425191,-0.361993,-0.425171,-0.351305,True,-0.4269459427040023,-0.3555247573844438
5.632,TARGET_1,-0.423182,-0.360407,-0.407731,-0.373478,True,-0.41804256807398715,-0.3615612909853602
5.696,TARGET_1,-0.421172,-0.35882,-0.413151,-0.356785,True,-0.41466096435435323,-0.35876030233915246
5.76,TARGET_1,-0.419163,-0.357234,-0.413444,-0.337439,True,-0.41270551340194356,-0.34936103971812865
5.824,TARGET_1,-0.417154,-0.355648,,,False,-0.4102922744551002,-0.34735225197706177
5.888,TARGET_1,-0.415144,-0.354061,-0.421378,-0.345011,True,-0.4144358718677939,-0.345181976768408
5.952,TARGET_1,-0.413135,-0.352475,-0.425624,-0.365043,True,-0.41807745423265386,-0.3525713705034871
6.016,TARGET_1,-0.411126,-0.350889,-0.395324,-0.34653,True,-0.40774453364235047,-0.34921509954391183
6.08,TARGET_1,-0.409117,-0.349303,-0.394692,-0.337522,True,-0.4011862826157916,-0.3435686410255497
6.144,TARGET_1,-0.407107,-0.347716,-0.391103,-0.331258,True,-0.39569760144586963,-0.33757313830565333
6.208,TARGET_1,-0.405098,-0.34613,-0.401948,-0.360628,True,-0.396590681568454,-0.3454688726280372
6.272,TARGET_1,-0.403089,-0.344544,-0.40953,-0.328468,True,-0.40024725167320413,-0.33783063238506783
6.336,TARGET_1,-0.401079,-0.342957,,,False,-0.3981611437186663,-0.33598448966344396
6.4,TARGET_1,-0.39907,-0.341371,,,False,-0.39607503576412845,-0.3341383469418201
6.464,TARGET_1,-0.397061,-0.339785,,,False,-0.3939889278095906,-0.33229220422019623
6.528,TARGET_1,-0.395051,-0.338198,-0.405371,-0.349075,True,-0.4002279812047178,-0.3419612712097787
6.592,TARGET_1,-0.393042,-0.336612,-0.387309,-0.3175,True,-0.3932466185692135,-0.32973243300582655
6.656,TARGET_1,-0.391033,-0.335026,-0.396109,-0.330935,True,-0.3933521229351369,-0.3291951777996618
6.72,TARGET_1,-0.389024,-0.33344,-0.409022,-0.320183,True,-0.39864308055527803,-0.3244911731047549
6.784,TARGET_1,-0.387014,-0.331853,-0.38708,-0.3494,True,-0.39316311011380456,-0.33329673740195526
6.848,TARGET_1,-0.385005,-0.330267,-0.391159,-0.322882,True,-0.3913696750688915,-0.3283654117524865
6.912,TARGET_1,-0.382996,-0.328681,-0.363604,-0.335222,True,-0.3793678766669601,-0.3301621531723791
6.976,TARGET_1,-0.380986,-0.327094,-0.379135,-0.333565,True,-0.3779214457303254,-0.3307016515868494
7.04,TARGET_1,-0.378977,-0.325508,,,False,-0.3757247069732171,-0.3294708190315282
7.104,TARGET_1,-0.376968,-0.323922,-0.380784,-0.307949,True,-0.3770512601575159,-0.31838734645697025
7.168,TARGET_1,-0.374958,-0.322336,-0.381606,-0.325935,True,-0.3778683002455311,-0.3206197280116831
7.232,TARGET_1,-0.372949,-0.320749,-0.381826,-0.303097,True,-0.37839628658079255,-0.312533752240504
7.296,TARGET_1,-0.37094,-0.319163,-0.369639,-0.319596,True,-0.37385887217485725,-0.3142161115861597
7.36,TARGET_1,-0.368931,-0.317577,-0.356334,-0.326005,True,-0.36576270078701445,-0.3178701885321779
7.424,TARGET_1,-0.366921,-0.31599,-0.377277,-0.31534,True,-0.3689871940321721,-0.3160126567366114
7.488,TARGET_1,-0.364912,-0.314404,-0.352206,-0.317198,True,-0.3611862736212411,-0.3156118274961085
7.552,TARGET_1,-0.362903,-0.312818,-0.348564,-0.302745,True,-0.35483400190979925,-0.3096842709582874
7.616,TARGET_1,-0.360893,-0.311232,-0.371632,-0.309329,True,-0.3599851428534973,-0.3085540416747869
7.68,TARGET_1,-0.358884,-0.309645,-0.345201,-0.313436,True,-0.35289784967296156,-0.309513488291571
7.744,TARGET_1,-0.356875,-0.308059,-0.366559,-0.320768,True,-0.3568952908139131,-0.31308195263136734
7.808,TARGET_1,-0.354865,-0.306473,-0.339504,-0.322173,True,-0.3488201757595496,-0.3159654816881981
7.872,TARGET_1,-0.352856,-0.304886,-0.34917,-0.304192,True,-0.34755792253078294,-0.3107309542050939
7.936,TARGET_1,-0.350847,-0.3033,,,False,-0.3452994361796485,-0.3095373756770823
8.0,TARGET_1,-0.348838,-0.301714,-0.33734,-0.310191,True,-0.3402726908760812,-0.3092407592313308
8.064,TARGET_1,-0.346828,-0.300128,-0.366303,-0.300104,True,-0.35008887002329236,-0.30466052444068525
8.128,TARGET_1,-0.344819,-0.298541,-0.335115,-0.305848,True,-0.34293850075222276,-0.3043579132551596
8.192,TARGET_1,-0.34281,-0.296955,-0.323253,-0.294365,True,-0.3338277037968677,-0.2995874021009679
8.256,TARGET_1,-0.3408,-0.295369,,,False,-0.3313971586061192,-0.2981159867437488
8.32,TARGET_1,-0.338791,-0.293782,-0.357722,-0.283998,True,-0.34297064134265687,-0.29048562310182646
8.384,TARGET_1,-0.336782,-0.292196,-0.354306,-0.29353,True,-0.3469039677279825,-0.2907642829529382
8.448,TARGET_1,-0.334772,-0.29061,-0.354658,-0.280868,True,-0.3492784630288561,-0.2857134387300573
8.512,TARGET_1,-0.332763,-0.289024,,,False,-0.3481342960509498,-0.2838319123453187
8.576,TARGET_1,-0.330754,-0.287437,-0.322445,-0.281548,True,-0.3349744174237697,-0.2817534037544708
8.64,TARGET_1,-0.328745,-0.285851,-0.34525,-0.305464,True,-0.3383792129152743,-0.29090133482828684
8.704,TARGET_1,-0.326735,-0.284265,-0.310867,-0.273401,True,-0.32621853274543755,-0.2829771711247515
8.768,TARGET_1,-0.324726,-0.282678,-0.330374,-0.264708,True,-0.32662283092103284,-0.27466207660175385
8.832,TARGET_1,-0.322717,-0.281092,-0.324082,-0.295683,True,-0.3244277801389868,-0.28180240105727844
8.896,TARGET_1,-0.320707,-0.279506,-0.335129,-0.273852,True,-0.32747468592600665,-0.2777388727516334
8.96,TARGET_1,-0.318698,-0.277919,-0.308579,-0.275632,True,-0.3189679617106149,-0.2759054827826557
9.024,TARGET_1,-0.316689,-0.276333,-0.299849,-0.296094,True,-0.31014463268869064,-0.28288960105037986
9.088,TARGET_1,-0.314679,-0.274747,-0.29616,-0.279567,True,-0.30312477321975995,-0.28086289555411154
9.152,TARGET_1,-0.31267,-0.273161,-0.294795,-0.259886,True,-0.29818763677814464,-0.27182160456003246
9.216,TARGET_1,-0.310661,-0.271574,-0.301904,-0.25897,True,-0.29794161081358644,-0.26572975518692554
9.28,TARGET_1,-0.308652,-0.269988,-0.295606,-0.252524,True,-0.2953890499850091,-0.25934723399224496
9.344,TARGET_1,-0.306642,-0.268402,,,False,-0.2927024218652629,-0.25718122552004236
9.408,TARGET_1,-0.304633,-0.266815,-0.313777,-0.248739,True,-0.3015535771375959,-0.2519676599480824
9.472,TARGET_1,-0.302624,-0.265229,-0.297381,-0.277552,True,-0.29859217904353474,-0.261635926254192
9.536,TARGET_1,-0.300614,-0.263643,,,False,-0.29649368458248776,-0.25996479733885114
9.6,TARGET_1,-0.298605,-0.262057,-0.28537,-0.2504,True,-0.2899181139377772,-0.25437789995491283
9.664,TARGET_1,-0.296596,-0.26047,-0.295269,-0.264574,True,-0.290910011082769,-0.257729638062035
9.728,TARGET_1,-0.294586,-0.258884,-0.288969,-0.263251,True,-0.2888395130700792,-0.25905234634985097
9.792,TARGET_1,-0.292577,-0.257298,,,False,-0.28668390844477537,-0.25761544646777446
9.856,TARGET_1,-0.290568,-0.255711,-0.294168,-0.24985,True,-0.2892499348232715,-0.2530787536867909
9.92,TARGET_1,-0.288559,-0.254125,-0.291141,-0.245531,True,-0.2889868637655782,-0.24890965388452707
9.984,TARGET_1,-0.286549,-0.252539,-0.273047,-0.260678,True,-0.281393252929754,-0.2526960738548503
10.048,TARGET_1,-0.28454,-0.250953,-0.286273,-0.232442,True,-0.2820757125412604,-0.24371142615701133
10.112,TARGET_1,-0.282531,-0.249366,-0.286744,-0.234042,True,-0.28274504388617894,-0.23874522892643904
10.176,TARGET_1,-0.280521,-0.24778,-0.276934,-0.238736,True,-0.2793412029723916,-0.23751331184391314
10.24,TARGET_1,-0.278512,-0.246194,-0.263419,-0.262173,True,-0.2718825277176277,-0.24607445738776915
10.304,TARGET_1,-0.276503,-0.244607,-0.278728,-0.231824,True,-0.2732483477468217,-0.23959037902381305
10.368,TARGET_1,-0.274493,-0.243021,-0.291234,-0.232312,True,-0.27914393815190275,-0.23569303988715884
10.432,TARGET_1,-0.272484,-0.241435,-0.28686,-0.235306,True,-0.2812447516630138,-0.23444740887360888
10.496,TARGET_1,-0.270475,-0.239849,-0.266309,-0.242813,True,-0.2745072206339339,-0.23668433026954533
10.56,TARGET_1,-0.268466,-0.238262,,,False,-0.2728359031087731,-0.23513394820831798
10.624,TARGET_1,-0.266456,-0.236676,-0.2557,-0.234229,True,-0.26365535156361863,-0.23389697343626226
10.688,TARGET_1,-0.264447,-0.23509,-0.268803,-0.245334,True,-0.2646786999875367,-0.23794008309555129
10.752,TARGET_1,-0.262438,-0.233503,-0.255363,-0.235411,True,-0.2597366327002407,-0.2361818437131412
10.816,TARGET_1,-0.260428,-0.231917,,,False,-0.25765358497236823,-0.23492750061196382
10.88,TARGET_1,-0.258419,-0.230331,-0.263124,-0.224596,True,-0.259268262268934,-0.22922952237749028
10.944,TARGET_1,-0.25641,-0.228745,-0.259321,-0.212901,True,-0.2582218023142553,-0.2213359313339583
11.008,TARGET_1,-0.2544,-0.227158,,,False,-0.2563878282557229,-0.21948550020303875
11.072,TARGET_1,-0.252391,-0.225572,-0.256219,-0.240412,True,-0.25538035500317363,-0.2289404765253001
11.136,TARGET_1,-0.250382,-0.223986,-0.266411,-0.218453,True,-0.2591494737039369,-0.22369519697004958
11.2,TARGET_1,-0.248373,-0.222399,-0.238639,-0.211073,True,-0.24985920176902496,-0.21765991952510066
11.264,TARGET_1,-0.246363,-0.220813,-0.253658,-0.206393,True,-0.25023678930510956,-0.21211778351104504
11.328,TARGET_1,-0.244354,-0.219227,-0.252149,-0.202413,True,-0.24992067698781956,-0.20710213366923447
11.392,TARGET_1,-0.242345,-0.21764,-0.223383,-0.216069,True,-0.23837145564974557,-0.2093941088262175
11.456,TARGET_1,-0.240335,-0.216054,-0.225661,-0.196899,True,-0.23197569772715443,-0.20333182185375284
11.52,TARGET_1,-0.238326,-0.214468,,,False,-0.22948631235290595,-0.20124898089496182
11.584,TARGET_1,-0.236317,-0.212882,-0.21692,-0.225527,True,-0.22210363657337026,-0.21196680266784018
11.648,TARGET_1,-0.234307,-0.211295,,,False,-0.2193435726226007,-0.21059204663345724
11.712,TARGET_1,-0.232298,-0.209709,-0.212959,-0.206414,True,-0.2147243435916912,-0.20777936329273666
11.776,TARGET_1,-0.230289,-0.208123,-0.24591,-0.202299,True,-0.22682159108020683,-0.20455692761182817
11.84,TARGET_1,-0.22828,-0.206536,-0.245569,-0.198401,True,-0.23335255380862865,-0.20110745168705257
11.904,TARGET_1,-0.22627,-0.20495,-0.224309,-0.199844,True,-0.2287760649751831,-0.1996103656458965
11.968,TARGET_1,-0.224261,-0.203364,-0.221774,-0.189635,True,-0.2249419765634391,-0.19464920512978556
12.032,TARGET_1,-0.222252,-0.201778,-0.240244,-0.217555,True,-0.22988928714112417,-0.2026269910804069
12.096,TARGET_1,-0.220242,-0.200191,-0.229296,-0.181172,True,-0.22876329029447143,-0.19335789214427745
12.16,TARGET_1,-0.218233,-0.198605,-0.223521,-0.18772,True,-0.22580906566597075,-0.1900815673360022
12.224,TARGET_1,-0.216224,-0.197019,,,False,-0.2242692578394543,-0.18826509596145324
12.288,TARGET_1,-0.214214,-0.195432,-0.218477,-0.214057,True,-0.22066459248051637,-0.1998543934392622
12.352,TARGET_1,-0.212205,-0.193846,-0.23048,-0.200462,True,-0.22394145705394652,-0.19950300967691692
12.416,TARGET_1,-0.210196,-0.19226,-0.196943,-0.172788,True,-0.2120821083335548,-0.1879645783619101
12.48,TARGET_1,-0.208187,-0.190674,-0.222294,-0.177192,True,-0.2149993453703519,-0.18267715530445314
12.544,TARGET_1,-0.206177,-0.189087,-0.186211,-0.208756,True,-0.20253339990493463,-0.19194942572097748
12.608,TARGET_1,-0.204168,-0.187501,-0.217669,-0.204372,True,-0.20714851665734801,-0.19614839838590195
12.672,TARGET_1,-0.202159,-0.185915,-0.19201,-0.166495,True,-0.20000314193644145,-0.183864852074861
12.736,TARGET_1,-0.200149,-0.184328,-0.214846,-0.166487,True,-0.20454772876616256,-0.17605792663890352
12.8,TARGET_1,-0.19814,-0.182742,-0.196468,-0.196341,True,-0.200249800490287,-0.18294177507120662
12.864,TARGET_1,-0.196131,-0.181156,-0.200582,-0.177493,True,-0.1991963789607367,-0.17994147600631583
12.928,TARGET_1,-0.194121,-0.17957,,,False,-0.19728668878358305,-0.17845425532231615
12.992,TARGET_1,-0.192112,-0.177983,-0.180611,-0.169405,True,-0.1882071331742025,-0.1732951684682249
13.056,TARGET_1,-0.190103,-0.176397,-0.204689,-0.18423,True,-0.19397805898837547,-0.17703254278266264
13.12,TARGET_1,-0.188094,-0.174811,-0.205115,-0.175897,True,-0.19743402939168708,-0.17574639140708842
13.184,TARGET_1,-0.186084,-0.173224,,,False,-0.1958690741123207,-0.17436178964148624
13.248,TARGET_1,-0.184075,-0.171638,,,False,-0.19430411883295434,-0.17297718787588406
13.312,TARGET_1,-0.182066,-0.170052,-0.163738,-0.187581,True,-0.17645429798454662,-0.18057047316557695
13.376,TARGET_1,-0.180056,-0.168466,,,False,-0.17401280696250074,-0.17966910774382683
13.44,TARGET_1,-0.178047,-0.166879,-0.175269,-0.172393,True,-0.1735436103586842,-0.17536754141334115
13.504,TARGET_1,-0.176038,-0.165293,-0.188865,-0.159858,True,-0.1790832061462805,-0.16784999426167138
13.568,TARGET_1,-0.174028,-0.163707,-0.158905,-0.14428,True,-0.16959495368960717,-0.1572380164811345
13.632,TARGET_1,-0.172019,-0.16212,-0.153461,-0.160267,True,-0.16170681928180727,-0.1573058353110201
13.696,TARGET_1,-0.17001,-0.160534,-0.17471,-0.144775,True,-0.16530147495795744,-0.15122035425076924
13.76,TARGET_1,-0.168001,-0.158948,-0.181575,-0.164224,True,-0.17037522295264468,-0.15513586669891055
13.824,TARGET_1,-0.165991,-0.157361,-0.182898,-0.149955,True,-0.17420115284291746,-0.1520437948997173
13.888,TARGET_1,-0.163982,-0.155775,-0.16492,-0.170803,True,-0.16958847010205005,-0.15838041288168386
13.952,TARGET_1,-0.161973,-0.154189,-0.156801,-0.171534,True,-0.16348483862162075,-0.16277415961055422
14.016,TARGET_1,-0.159963,-0.152603,-0.157941,-0.165884,True,-0.16009879991528736,-0.16338849407726175
14.08,TARGET_1,-0.157954,-0.151016,-0.150845,-0.13296,True,-0.155196586804809,-0.15078682188826553
14.144,TARGET_1,-0.155945,-0.14943,-0.163284,-0.165757,True,-0.1570596698103169,-0.1557530287321298
14.208,TARGET_1,-0.153935,-0.147844,-0.163509,-0.160513,True,-0.15841323966242785,-0.15690175548948015
14.272,TARGET_1,-0.151926,-0.146257,,,False,-0.15661761618023073,-0.15581872361068871
14.336,TARGET_1,-0.149917,-0.144671,-0.155301,-0.129389,True,-0.15505459985934922,-0.14242727390967444
14.4,TARGET_1,-0.147908,-0.143085,-0.160306,-0.123622,True,-0.1562961285435816,-0.13333615591430162
14.464,TARGET_1,-0.145898,-0.141499,-0.141723,-0.144803,True,-0.14938051726007512,-0.13674419559069254
14.528,TARGET_1,-0.143889,-0.139912,-0.137482,-0.148566,True,-0.14346671617349233,-0.14036853281358236
14.592,TARGET_1,-0.14188,-0.138326,-0.16124,-0.158072,True,-0.14924926361489135,-0.14647186055156863
14.656,TARGET_1,-0.13987,-0.13674,-0.153909,-0.144383,True,-0.15007616503373944,-0.1449642138548411
14.72,TARGET_1,-0.137861,-0.135153,-0.11825,-0.117718,True,-0.13653962399574135,-0.13348362856924761
14.784,TARGET_1,-0.135852,-0.133567,-0.120252,-0.138299,True,-0.12875088906529078,-0.13434546037340117
14.848,TARGET_1,-0.133842,-0.131981,-0.141058,-0.135564,True,-0.1320889922436352,-0.1338716027666275
14.912,TARGET_1,-0.131833,-0.130395,-0.14319,-0.1245,True,-0.1351492389864912,-0.12924490557245308
14.976,TARGET_1,-0.129824,-0.128808,-0.134828,-0.147817,True,-0.13386873235896496,-0.13556974936083555
15.04,TARGET_1,-0.127815,-0.127222,-0.115875,-0.132739,True,-0.12561666158917886,-0.13369825589715031
15.104,TARGET_1,-0.125805,-0.125636,-0.129572,-0.111166,True,-0.1258328685605291,-0.12400959230431655
15.168,TARGET_1,-0.123796,-0.124049,-0.143414,-0.111922,True,-0.13152399663180941,-0.11816791308087829
15.232,TARGET_1,-0.121787,-0.122463,,,False,-0.12986759418993898,-0.11618594991664787
15.296,TARGET_1,-0.119777,-0.120877,-0.123327,-0.108703,True,-0.1258396179155784,-0.11153292121940123
15.36,TARGET_1,-0.117768,-0.119291,-0.119024,-0.101905,True,-0.12189039306981671,-0.10617960905220576
15.424,TARGET_1,-0.115759,-0.117704,-0.121021,-0.10108,True,-0.12040771533986783,-0.1027298468818734
15.488,TARGET_1,-0.113749,-0.116118,-0.099663,-0.119941,True,-0.11096396540170927,-0.10820785292771372
15.552,TARGET_1,-0.11174,-0.114532,-0.100258,-0.126989,True,-0.1053186388485553,-0.11451069814175126
15.616,TARGET_1,-0.109731,-0.112945,-0.114075,-0.127548,True,-0.10728541768257367,-0.1187890719469228
15.68,TARGET_1,-0.107722,-0.111359,,,False,-0.10504363899605289,-0.11763817914831119
15.744,TARGET_1,-0.105712,-0.109773,-0.100995,-0.090244,True,-0.10192428359199145,-0.10374114489606792
15.808,TARGET_1,-0.103703,-0.108187,-0.097992,-0.127382,True,-0.09892805702081496,-0.11284752673657833
15.872,TARGET_1,-0.101694,-0.1066,-0.106808,-0.125592,True,-0.10077440896039506,-0.11732141114028326
15.936,TARGET_1,-0.099684,-0.105014,-0.080002,-0.12476,True,-0.09119141959723032,-0.1197443227463602
16.0,TARGET_1,-0.097675,-0.103428,-0.078521,-0.084288,True,-0.08463861095525953,-0.10519727004854797
16.064,TARGET_1,-0.095666,-0.101841,-0.07652,-0.083647,True,-0.07976632311985912,-0.09573942724697446
16.128,TARGET_1,-0.093656,-0.100255,-0.091729,-0.10627,True,-0.08277478460155735,-0.09872319491056884
16.192,TARGET_1,-0.091647,-0.098669,-0.085113,-0.115568,True,-0.08217103823392631,-0.10437159326224446
16.256,TARGET_1,-0.089638,-0.097082,-0.093585,-0.111797,True,-0.08522375974865072,-0.10654082449727255
16.32,TARGET_1,-0.087629,-0.095496,-0.079511,-0.078541,True,-0.08168549913774235,-0.09480952312822863
16.384,TARGET_1,-0.085619,-0.09391,-0.080766,-0.107551,True,-0.07999548581849998,-0.09883705436356559
16.448,TARGET_1,-0.08361,-0.092324,-0.065082,-0.090685,True,-0.07278532179216679,-0.09479118422072125
16.512,TARGET_1,-0.081601,-0.090737,-0.072448,-0.107728,True,-0.07117134906554867,-0.09899862446925986
16.576,TARGET_1,-0.079591,-0.089151,-0.089302,-0.098799,True,-0.07689346445122443,-0.0982023858168001
16.64,TARGET_1,-0.077582,-0.087565,,,False,-0.07494767167607166,-0.09703746685180534
16.704,TARGET_1,-0.075573,-0.085978,-0.087211,-0.101967,True,-0.07990123862450474,-0.09883176099744984
16.768,TARGET_1,-0.073563,-0.084392,-0.061298,-0.087277,True,-0.07101190827547323,-0.09329350626889049
16.832,TARGET_1,-0.071554,-0.082806,,,False,-0.06904303504666383,-0.0920415771331447
16.896,TARGET_1,-0.069545,-0.08122,-0.056007,-0.072458,True,-0.061584285543498,-0.08169621635999248
16.96,TARGET_1,-0.067536,-0.079633,-0.059965,-0.077752,True,-0.05959677721546001,-0.07899537143913937
17.024,TARGET_1,-0.065526,-0.078047,-0.08124,-0.060872,True,-0.0671468850396351,-0.07049762936811241
17.088,TARGET_1,-0.063517,-0.076461,-0.081989,-0.092278,True,-0.0720768935297795,-0.07793689350891446
17.152,TARGET_1,-0.061508,-0.074874,-0.048175,-0.085694,True,-0.06176102885229415,-0.08003612470891182
17.216,TARGET_1,-0.059498,-0.073288,-0.067992,-0.057862,True,-0.06311773566923891,-0.07038390954495219
17.28,TARGET_1,-0.057489,-0.071702,-0.063304,-0.069177,True,-0.06218562141682293,-0.06876478093067966
17.344,TARGET_1,-0.05548,-0.070116,-0.057919,-0.073896,True,-0.0595158519643846,-0.06966297746833201
17.408,TARGET_1,-0.05347,-0.068529,-0.046388,-0.048744,True,-0.05330433849461695,-0.06034700021802574
17.472,TARGET_1,-0.051461,-0.066943,-0.067102,-0.068607,True,-0.05759315327726877,-0.06231880748220069
17.536,TARGET_1,-0.049452,-0.065357,-0.06344,-0.058087,True,-0.05894758162466938,-0.05948769836137072
17.6,TARGET_1,-0.047443,-0.06377,-0.05672,-0.047668,True,-0.05720703220384654,-0.05362290367340704
17.664,TARGET_1,-0.045433,-0.062184,-0.054682,-0.06325,True,-0.05533793700994208,-0.056111962421641126
17.728,TARGET_1,-0.043424,-0.060598,-0.059282,-0.077778,True,-0.05601405157092487,-0.06352375145773473
17.792,TARGET_1,-0.041415,-0.059012,-0.037521,-0.073736,True,-0.04788458448489711,-0.06672063736862832
17.856,TARGET_1,-0.039405,-0.057425,-0.059085,-0.045258,True,-0.051274045276097746,-0.05754001740683413
17.92,TARGET_1,-0.037396,-0.055839,-0.024515,-0.068587,True,-0.03981696372292474,-0.06094993581482748
17.984,TARGET_1,-0.035387,-0.054253,-0.027691,-0.069649,True,-0.03380951906773565,-0.06360078202488507
18.048,TARGET_1,-0.033377,-0.052666,-0.016343,-0.057488,True,-0.02555267655920387,-0.060525303296617636
18.112,TARGET_1,-0.031368,-0.05108,-0.034385,-0.052305,True,-0.027497081138791714,-0.056548299237280025
18.176,TARGET_1,-0.029359,-0.049494,,,False,-0.025185087553492174,-0.055193447304086714
18.24,TARGET_1,-0.02735,-0.047908,-0.031658,-0.039982,True,-0.02713862012779058,-0.04711050177222465
18.304,TARGET_1,-0.02534,-0.046321,,,False,-0.025062635153980387,-0.045383389074759806
18.368,TARGET_1,-0.023331,-0.044735,-0.035661,-0.043438,True,-0.029487614385030718,-0.04354431742589052
18.432,TARGET_1,-0.021322,-0.043149,-0.001748,-0.047911,True,-0.01633508570137109,-0.044490992638764465
18.496,TARGET_1,-0.019312,-0.041562,-0.021685,-0.031022,True,-0.017163127739960378,-0.03800354304086527
18.56,TARGET_1,-0.017303,-0.039976,-0.015995,-0.020939,True,-0.01539513329172197,-0.030032572574889706
18.624,TARGET_1,-0.015294,-0.03839,,,False,-0.013246153980283948,-0.027837074319041106
18.688,TARGET_1,-0.013284,-0.036804,,,False,-0.011097174668845926,-0.025641576063192506
18.752,TARGET_1,-0.011275,-0.035217,-0.014446,-0.046497,True,-0.012025154157038125,-0.036346997809267485
18.816,TARGET_1,-0.009266,-0.033631,-0.008025,-0.034543,True,-0.009124177573815657,-0.034708347228282505
18.88,TARGET_1,-0.007257,-0.032045,,,False,-0.007091349895945619,-0.03320029066473022
18.944,TARGET_1,-0.005247,-0.030458,0.011808,-0.026398,True,0.003428735256517528,-0.029028168126787934
19.008,TARGET_1,-0.003238,-0.028872,0.012215,-0.046623,True,0.00866361008424825,-0.03576397282266415
19.072,TARGET_1,-0.001229,-0.027286,-0.017192,-0.034059,True,-0.0004083787412655932,-0.0343589560418337
19.136,TARGET_1,0.000781,-0.025699,-0.015824,-0.037397,True,-0.005402320359009231,-0.0348561853403293
19.2,TARGET_1,0.00279,-0.024113,,,False,-0.0037928501656219653,-0.03374349703326232
19.264,TARGET_1,0.004799,-0.022527,,,False,-0.0021833799722347,-0.032630808726195344
19.328,TARGET_1,0.006809,-0.020941,0.0061,-0.002022,True,0.00316056868214812,-0.01501315855445223
19.392,TARGET_1,0.008818,-0.019354,-0.009845,-0.03584,True,-0.0017701595788301508,-0.02339813546499437
19.456,TARGET_1,0.010827,-0.017768,0.007294,-0.007472,True,0.0028621579764869826,-0.015899078071075073
19.52,TARGET_1,0.012836,-0.016182,-0.003444,-0.034098,True,0.0012781933967792166,-0.022200485988677243
19.584,TARGET_1,0.014846,-0.014595,0.026525,-0.026209,True,0.012215784639649008,-0.02300216017722802
19.648,TARGET_1,0.016855,-0.013009,0.004877,-0.031273,True,0.010493041648036033,-0.02555561603890237
19.712,TARGET_1,0.018864,-0.011423,0.012397,-0.010764,True,0.012313143439567863,-0.01909496615941901
19.776,TARGET_1,0.020874,-0.009837,0.017688,0.000703,True,0.015508868290869643,-0.010471098606651973
19.84,TARGET_1,0.022883,-0.00825,0.028833,-0.014623,True,0.021898586440510626,-0.011077686888774802
19.904,TARGET_1,0.024892,-0.006664,0.03827,0.012771,True,0.029648408978743074,-0.0006827931043419094
19.968,TARGET_1,0.026902,-0.005078,,,False,0.032070133300041555,0.001397726816438142
20.032,TARGET_1,0.028911,-0.003491,,,False,0.034491857621340036,0.0034782467372181936
20.096,TARGET_1,0.03092,-0.001905,0.042857,-0.010506,True,0.040232779322529555,-0.0034128605917026515
20.16,TARGET_1,0.032929,-0.000319,0.031588,0.018772,True,0.0377202724766607,0.0075447014788196185
20.224,TARGET_1,0.034939,0.001267,0.028156,0.015899,True,0.03507291210988992,0.01226149960556978
20.288,TARGET_1,0.036948,0.002854,0.040207,0.011625,True,0.038370842009892187,0.013341931465575968
20.352,TARGET_1,0.038957,0.00444,0.048504,0.012667,True,0.043687492435117874,0.014383871489728405
20.416,TARGET_1,0.040967,0.006026,0.042419,0.000226,True,0.04457068427882202,0.010043353136967012
20.48,TARGET_1,0.042976,0.007613,0.034878,-0.009849,True,0.04207238857273813,0.003225939319928383
20.544,TARGET_1,0.044985,0.009199,0.053013,0.005991,True,0.047583787393089536,0.005091204224637906
20.608,TARGET_1,0.046995,0.010785,0.040761,-0.003814,True,0.046185987046687894,0.002358262702421692
20.672,TARGET_1,0.049004,0.012371,0.029673,0.02665,True,0.04083316582054036,0.012624185465339369
20.736,TARGET_1,0.051013,0.013958,0.03417,0.019996,True,0.03912943572290254,0.016507162754952766
20.8,TARGET_1,0.053022,0.015544,0.067511,0.01265,True,0.051182743948808035,0.01602445516541614
20.864,TARGET_1,0.055032,0.01713,0.054693,0.001105,True,0.05375792781656301,0.011089082999076773
20.928,TARGET_1,0.057041,0.018717,0.038591,0.02857,True,0.048963128960630924,0.018752577275409254
20.992,TARGET_1,0.05905,0.020303,0.055512,0.023244,True,0.052530542417895135,0.021494612462859216
21.056,TARGET_1,0.06106,0.021889,0.076477,0.039514,True,0.06304875232332913,0.02962875901105342
21.12,TARGET_1,0.063069,0.023475,0.070443,0.013249,True,0.06731610548022665,0.02437099150546674
21.184,TARGET_1,0.065078,0.025062,0.065742,0.04253,True,0.06810425042076967,0.03253277832252071
21.248,TARGET_1,0.067088,0.026648,0.065959,0.024976,True,0.06861380585176433,0.030741321427762917
21.312,TARGET_1,0.069097,0.028234,,,False,0.07076395320123222,0.03251266357365911
21.376,TARGET_1,0.071106,0.029821,,,False,0.0729141005507001,0.034284005719555304
21.44,TARGET_1,0.073115,0.031407,,,False,0.075064247900168,0.0360553478654515
21.504,TARGET_1,0.075125,0.032993,,,False,0.07721439524963589,0.03782669001134769
21.568,TARGET_1,0.077134,0.03458,0.073077,0.033075,True,0.0751677500046572,0.03524405560450289
21.632,TARGET_1,0.079143,0.036166,0.063355,0.01632,True,0.07039989277783333,0.026810972545121183
21.696,TARGET_1,0.081153,0.037752,0.067656,0.052825,True,0.07012580473496736,0.03857117552730753
21.76,TARGET_1,0.083162,0.039338,,,False,0.07161240387907948,0.0401700383196445
21.824,TARGET_1,0.085171,0.040925,0.065411,0.038174,True,0.06929366965205472,0.03998953173269094
21.888,TARGET_1,0.087181,0.042511,0.071194,0.047719,True,0.0708429808841154,0.0441875380176809
21.952,TARGET_1,0.08919,0.044097,0.097197,0.057328,True,0.08240982895693254,0.05054698520890403
22.016,TARGET_1,0.091199,0.045684,0.091175,0.025852,True,0.0870396681494478,0.0417861958485182
22.08,TARGET_1,0.093208,0.04727,0.111614,0.030278,True,0.09802520434554993,0.03800284743709935
22.144,TARGET_1,0.095218,0.048856,0.112206,0.057285,True,0.1051646546478261,0.04626865821786471
22.208,TARGET_1,0.097227,0.050442,0.104528,0.060204,True,0.1065887458075423,0.052654277487940306
22.272,TARGET_1,0.099236,0.052029,,,False,0.10928762891781274,0.05436958494562888
22.336,TARGET_1,0.101246,0.053615,0.093606,0.06988,True,0.1030600120078192,0.06278448967531862
22.4,TARGET_1,0.103255,0.055201,0.106919,0.049665,True,0.10597588979141372,0.058332817733372
22.464,TARGET_1,0.105264,0.056788,0.097854,0.063076,True,0.10397952332204963,0.0612921792150692
22.528,TARGET_1,0.107274,0.058374,0.102239,0.067264,True,0.10448494742617066,0.06476051466585481
22.592,TARGET_1,0.109283,0.05996,0.122137,0.050979,True,0.11266382203277035,0.060416346560298324
22.656,TARGET_1,0.111292,0.061546,0.110947,0.064275,True,0.1133561225281906,0.06287416926808798
22.72,TARGET_1,0.113301,0.063133,,,False,0.11554194053315671,0.0644635574311258
22.784,TARGET_1,0.115311,0.064719,0.129891,0.063439,True,0.1236361705815946,0.06478319626969756
22.848,TARGET_1,0.11732,0.066305,,,False,0.12614882966326202,0.06630234453861565
22.912,TARGET_1,0.119329,0.067892,0.09998,0.060297,True,0.11394799043157873,0.06396145565196455
22.976,TARGET_1,0.121339,0.069478,0.126978,0.080376,True,0.12063262292150428,0.07190741859604553
23.04,TARGET_1,0.123348,0.071064,0.108231,0.057091,True,0.11668266891397208,0.06677826413996307
23.104,TARGET_1,0.125357,0.07265,0.135944,0.091281,True,0.12541779574954562,0.07740588305631436
23.168,TARGET_1,0.127367,0.074237,0.114786,0.081678,True,0.1224193022297853,0.0801987205240726
23.232,TARGET_1,0.129376,0.075823,0.145834,0.078126,True,0.13277040759503506,0.08050487176762193
23.296,TARGET_1,0.131385,0.077409,0.124948,0.071425,True,0.13103112158256827,0.07798583239933883
23.36,TARGET_1,0.133394,0.078996,0.151859,0.071069,True,0.14049738312495744,0.07617906386956391
23.424,TARGET_1,0.135404,0.080582,0.126211,0.062127,True,0.13632017179397488,0.07143557072418766
23.488,TARGET_1,0.137413,0.082168,0.126805,0.092517,True,0.13380609734470603,0.08038750133964591
23.552,TARGET_1,0.139422,0.083754,0.150296,0.081908,True,0.14142648268724142,0.08186917251805886
23.616,TARGET_1,0.141432,0.085341,0.125583,0.083533,True,0.13644980719478644,0.08340842527901181
23.68,TARGET_1,0.143441,0.086927,,,False,0.1381885720971026,0.08487069368766181
23.744,TARGET_1,0.14545,0.088513,,,False,0.13992733699941878,0.08633296209631182
23.808,TARGET_1,0.14746,0.0901,,,False,0.14166610190173495,0.08779523050496182
23.872,TARGET_1,0.149469,0.091686,,,False,0.14340486680405112,0.08925749891361183
23.936,TARGET_1,0.151478,0.093272,0.142689,0.073914,True,0.14350513604756057,0.07950171912015744
24.0,TARGET_1,0.153487,0.094859,,,False,0.14515952267029678,0.08038628712267525
24.064,TARGET_1,0.155497,0.096445,0.150824,0.104538,True,0.149054585899868,0.09427159526761539
24.128,TARGET_1,0.157506,0.098031,0.164857,0.096345,True,0.15719494202736284,0.09606274203419274
24.192,TARGET_1,0.159515,0.099617,,,False,0.15930037220759077,0.09763157177735989
24.256,TARGET_1,0.161525,0.101204,0.167555,0.08262,True,0.16449409072971752,0.09087328895247265
24.32,TARGET_1,0.163534,0.10279,0.144413,0.113951,True,0.15703524293739726,0.10155306473724367
24.384,TARGET_1,0.165543,0.104376,,,False,0.15877939747718356,0.10319338313695664
24.448,TARGET_1,0.167553,0.105963,0.147747,0.110672,True,0.15417049174892158,0.10773675878960665
24.512,TARGET_1,0.169562,0.107549,0.153769,0.115738,True,0.1547885025048283,0.11222564905508767
24.576,TARGET_1,0.171571,0.109135,0.153457,0.124051,True,0.1550419479598005,0.11822496474000269
24.64,TARGET_1,0.17358,0.110721,0.18881,0.094567,True,0.1693682959793941,0.11002977118999183
24.704,TARGET_1,0.17559,0.112308,0.167687,0.103951,True,0.16991609557679743,0.10857065601955487
24.768,TARGET_1,0.177599,0.113894,0.159628,0.124155,True,0.1670068219942957,0.11560733522896001
24.832,TARGET_1,0.179608,0.11548,0.176108,0.106634,True,0.17161693256891886,0.11310312643527434
24.896,TARGET_1,0.181618,0.117067,0.191493,0.104479,True,0.1805908231693411,0.11059476445384489
24.96,TARGET_1,0.183627,0.118653,0.180963,0.103653,True,0.18208771032840074,0.10861640955187497
25.024,TARGET_1,0.185636,0.120239,0.171625,0.134649,True,0.1792714951450486,0.11957750040832289
25.088,TARGET_1,0.187646,0.121825,0.203092,0.135769,True,0.18985272292784572,0.1269799328050234
25.152,TARGET_1,0.189655,0.123412,0.193743,0.139303,True,0.19284160983446097,0.133047382492071
25.216,TARGET_1,0.191664,0.124998,0.208966,0.131849,True,0.20069230085466516,0.1339031147529811
25.28,TARGET_1,0.193673,0.126584,0.207578,0.120017,True,0.20507118660676069,0.12969189878001397
25.344,TARGET_1,0.195683,0.128171,0.202716,0.11278,True,0.20584890782543613,0.12406766581747072
25.408,TARGET_1,0.197692,0.129757,0.193418,0.111714,True,0.202569493346783,0.11999583029742798
25.472,TARGET_1,0.199701,0.131343,0.203168,0.140374,True,0.20424238547503396,0.12869253806351205
25.536,TARGET_1,0.201711,0.132929,0.221633,0.124066,True,0.21253641556926986,0.1277544010645401
25.6,TARGET_1,0.20372,0.134516,0.185866,0.131266,True,0.20359717381819725,0.12995455483310436
25.664,TARGET_1,0.205729,0.136102,,,False,0.205615839069843,0.13134423241293156
25.728,TARGET_1,0.207739,0.137688,0.190115,0.135831,True,0.19912727949655779,0.134237813328787
25.792,TARGET_1,0.209748,0.139275,0.209264,0.146625,True,0.2043676494425266,0.14040308255217177
25.856,TARGET_1,0.211757,0.140861,0.231006,0.122084,True,0.21629864190293854,0.13393396320006185
25.92,TARGET_1,0.213766,0.142447,0.205615,0.152587,True,0.21340431265411722,0.1421761445043572
25.984,TARGET_1,0.215776,0.144033,0.21644,0.14459,True,0.21583201000504437,0.14413915481038253
26.048,TARGET_1,0.217785,0.14562,0.232275,0.148532,True,0.22358643926988267,0.146895720067081
26.112,TARGET_1,0.219794,0.147206,,,False,0.22595510320336828,0.14863800689391754
26.176,TARGET_1,0.221804,0.148792,0.237994,0.133981,True,0.23302060012723252,0.1424151552533969
26.24,TARGET_1,0.223813,0.150379,,,False,0.23564883406376227,0.14371724950356443
26.304,TARGET_1,0.225822,0.151965,0.243797,0.136644,True,0.24110846831744348,0.14072328522224575
26.368,TARGET_1,0.227832,0.153551,0.228994,0.160495,True,0.23734605838764575,0.1500087223328533
26.432,TARGET_1,0.229841,0.155138,0.237509,0.168826,True,0.2388382098789979,0.15866073234666295
26.496,TARGET_1,0.23185,0.156724,0.224112,0.156313,True,0.2343368312377824,0.15885846793418562
26.56,TARGET_1,0.233859,0.15831,0.233288,0.168835,True,0.2351188602502273,0.16392167501628083
26.624,TARGET_1,0.235869,0.159896,0.221661,0.141134,True,0.23094462876375335,0.156090684011652
26.688,TARGET_1,0.237878,0.161483,0.256159,0.167379,True,0.24188470893182437,0.1614333970840298
26.752,TARGET_1,0.239887,0.163069,0.224105,0.155842,True,0.23612247748621237,0.16022617165285083
26.816,TARGET_1,0.241897,0.164655,0.251537,0.158989,True,0.24322905158647914,0.1606448073832118
26.88,TARGET_1,0.243906,0.166242,0.24595,0.170207,True,0.24549761654944038,0.16529985566190403
26.944,TARGET_1,0.245915,0.167828,0.239769,0.15841,True,0.24443278855595793,0.16355414524964892
27.008,TARGET_1,0.247925,0.169414,0.230764,0.171802,True,0.2401221459520367,0.16768387321681552
27.072,TARGET_1,0.249934,0.171,,,False,0.24159448506734138,0.1692687539432285
27.136,TARGET_1,0.251943,0.172587,0.253216,0.159901,True,0.2479950151302406,0.16553530380193263
27.2,TARGET_1,0.253952,0.174173,,,False,0.2497401560308189,0.16682578640724705
27.264,TARGET_1,0.255962,0.175759,0.246105,0.16439,True,0.24872547603266973,0.16620488099322459
27.328,TARGET_1,0.257971,0.177346,0.274099,0.178829,True,0.2607675538898538,0.17241647914986227
27.392,TARGET_1,0.25998,0.178932,0.25239,0.169671,True,0.25858445332763996,0.1721423917486354
27.456,TARGET_1,0.26199,0.180518,0.264326,0.175569,True,0.26204449096677696,0.17433645694259223
27.52,TARGET_1,0.263999,0.182104,,,False,0.26405545049532186,0.17574768448881517
27.584,TARGET_1,0.266008,0.183691,,,False,0.2660664100238668,0.1771589120350381
27.648,TARGET_1,0.268018,0.185277,0.254983,0.171234,True,0.2607485861027177,0.17446417799734587
27.712,TARGET_1,0.270027,0.186863,0.251062,0.176815,True,0.25722161525168213,0.17618239501002636
27.776,TARGET_1,0.272036,0.18845,,,False,0.2585597787022169,0.17740095285402344
27.84,TARGET_1,0.274045,0.190036,,,False,0.2598979421527517,0.1786195106980205
27.904,TARGET_1,0.276055,0.191622,0.260082,0.17358,True,0.26057546318050756,0.1762557745545853
27.968,TARGET_1,0.278064,0.193208,,,False,0.26187854801327337,0.17728412069375019
28.032,TARGET_1,0.280073,0.194795,0.265573,0.180367,True,0.2644631781999364,0.17941350120580277
28.096,TARGET_1,0.282083,0.196381,0.274672,0.176427,True,0.26978260928888953,0.17868041107110566
28.16,TARGET_1,0.284092,0.197967,,,False,0.2713651187730426,0.17966958471397396
28.224,TARGET_1,0.286101,0.199554,,,False,0.27294762825719565,0.18065875835684225
28.288,TARGET_1,0.288111,0.20114,0.272386,0.191744,True,0.27330764087644005,0.1874042839542705
28.352,TARGET_1,0.285684,0.201956,0.271941,0.19213,True,0.27350374635344593,0.19027097309818394
28.416,TARGET_1,0.283258,0.202773,0.273172,0.191346,True,0.27420497303699576,0.1915223614644251
28.48,TARGET_1,0.280832,0.203589,0.280954,0.18846,True,0.27777279521022413,0.19110028173191465
28.544,TARGET_1,0.278405,0.204406,0.291401,0.224136,True,0.28412641938882555,0.20504452505262716
28.608,TARGET_1,0.275979,0.205222,0.257358,0.189142,True,0.27458604605091974,0.19992664463600573
28.672,TARGET_1,0.273553,0.206039,0.273359,0.214526,True,0.2748006210380949,0.2066634834895066
28.736,TARGET_1,0.271126,0.206855,0.256257,0.214654,True,0.2681294430085653,0.21095603910805286
28.8,TARGET_1,0.2687,0.207672,,,False,0.2687989376023071,0.2129621638494948
28.864,TARGET_1,0.266274,0.208488,0.285646,0.191785,True,0.27732488890121,0.20370958114460083
28.928,TARGET_1,0.263847,0.209305,0.248186,0.227085,True,0.2654256987052269,0.2145483382148528
28.992,TARGET_1,0.261421,0.210121,0.260947,0.210052,True,0.2638210546625045,0.21383518817098415
29.056,TARGET_1,0.258995,0.210938,0.249283,0.216129,True,0.25815714422701264,0.21580931941173745
29.12,TARGET_1,0.256569,0.211754,,,False,0.2580999990502092,0.2175814735412002
29.184,TARGET_1,0.254142,0.212571,0.269633,0.219337,True,0.2636882354205866,0.21934552858855405
29.248,TARGET_1,0.251716,0.213387,,,False,0.2639426015179565,0.22111723581192794
29.312,TARGET_1,0.24929,0.214204,0.24836,0.207609,True,0.2560675381660498,0.21504544534612055
29.376,TARGET_1,0.246863,0.21502,,,False,0.2558798091321001,0.21639060699670373
29.44,TARGET_1,0.244437,0.215837,,,False,0.2556920800981504,0.21773576864728691
29.504,TARGET_1,0.242011,0.216653,,,False,0.2555043510642007,0.2190809302978701
29.568,TARGET_1,0.239584,0.21747,0.247796,0.216938,True,0.2504954279558865,0.21819000453905046
29.632,TARGET_1,0.237158,0.218286,0.246765,0.198872,True,0.2484782274771803,0.20956044310155364
29.696,TARGET_1,0.234732,0.219102,0.253188,0.205504,True,0.25019073169486117,0.20823840170284527
29.76,TARGET_1,0.232306,0.219919,0.228263,0.223181,True,0.24102349668694134,0.21468258705375037
29.824,TARGET_1,0.229879,0.220735,0.235389,0.206969,True,0.2382439266280949,0.2121526437453815
29.888,TARGET_1,0.227453,0.221552,0.242212,0.219485,True,0.23922709276034168,0.21550591754224022
29.952,TARGET_1,0.225027,0.222368,0.227145,0.216376,True,0.23391403829045596,0.2163811943859691
30.016,TARGET_1,0.2226,0.223185,0.226572,0.209677,True,0.23033029035693628,0.2142584560346465
30.08,TARGET_1,0.220174,0.224001,0.219017,0.240321,True,0.22509187078776932,0.22500114768495857
30.144,TARGET_1,0.217748,0.224818,,,False,0.22360792976275418,0.22627564505989603
30.208,TARGET_1,0.215321,0.225634,0.201417,0.210852,True,0.21206818484345874,0.21944112920021386
30.272,TARGET_1,0.212895,0.226451,,,False,0.21002690943440294,0.22026619140877293
30.336,TARGET_1,0.210469,0.227267,0.211636,0.244378,True,0.20985836723080237,0.2330379634816722
30.4,TARGET_1,0.208042,0.228084,0.222047,0.236611,True,0.21412712088017793,0.2354356174683822
30.464,TARGET_1,0.205616,0.2289,0.185874,0.245575,True,0.2015328456155659,0.24051503892845064
30.528,TARGET_1,0.20319,0.229717,,,False,0.19932716015002408,0.24223751689075976
30.592,TARGET_1,0.200764,0.230533,0.216279,0.216288,True,0.2065181177197557,0.2303870592350436
30.656,TARGET_1,0.198337,0.23135,0.191524,0.250352,True,0.1990866969151686,0.23955869226222096
30.72,TARGET_1,0.195911,0.232166,0.212965,0.229449,True,0.20358602506472986,0.23626188292118436
30.784,TARGET_1,0.193485,0.232983,0.192391,0.213156,True,0.19811067781154998,0.22769540280205017
30.848,TARGET_1,0.191058,0.233799,0.211057,0.22797,True,0.20213928738768672,0.22818130779344253
30.912,TARGET_1,0.188632,0.234616,0.182981,0.222391,True,0.19362121507331645,0.22625876503015202
30.976,TARGET_1,0.186206,0.235432,0.202713,0.248653,True,0.19606003032626282,0.23541259239827023
31.04,TARGET_1,0.183779,0.236249,0.173791,0.242331,True,0.18623311234106166,0.23873248596402172
31.104,TARGET_1,0.181353,0.237065,0.174159,0.231101,True,0.1801646658477863,0.23637434022584866
31.168,TARGET_1,0.178927,0.237882,,,False,0.1778079650575804,0.23727533317773974
31.232,TARGET_1,0.1765,0.238698,0.187722,0.251621,True,0.18140990092728956,0.2447050240292671
31.296,TARGET_1,0.174074,0.239515,0.179905,0.250978,True,0.1796075225020735,0.24812174547676905
31.36,TARGET_1,0.171648,0.240331,0.188856,0.222129,True,0.18220010345891682,0.23830625901512842
31.424,TARGET_1,0.169222,0.241148,0.176625,0.231993,True,0.17891166431155983,0.23623082440695406
31.488,TARGET_1,0.166795,0.241964,0.178176,0.25406,True,0.17750848712935183,0.24368303680218084
31.552,TARGET_1,0.164369,0.24278,0.160464,0.256147,True,0.16965398199153586,0.24921838264448049
31.616,TARGET_1,0.161943,0.243597,0.148489,0.247267,True,0.1599706913391225,0.2491950007090191
31.68,TARGET_1,0.159516,0.244413,0.174528,0.254909,True,0.16417286581321186,0.2521629683009047
31.744,TARGET_1,0.15709,0.24523,0.146832,0.263938,True,0.15598197843892145,0.25759022767692424
31.808,TARGET_1,0.154664,0.246046,0.154032,0.248407,True,0.1536778288236419,0.25486543507545906
31.872,TARGET_1,0.152237,0.246863,,,False,0.15115481208028955,0.256131760981563
31.936,TARGET_1,0.149811,0.247679,0.155841,0.256832,True,0.1521323476958508,0.25712321373832697
32.0,TARGET_1,0.147385,0.248496,0.134029,0.246492,True,0.14302152287750194,0.2532659031349559
32.064,TARGET_1,0.144959,0.249312,0.152996,0.236842,True,0.14550313220592617,0.24712073800124518
32.128,TARGET_1,0.142532,0.250129,0.15635,0.263548,True,0.14840322474181009,0.25404932101152644
32.192,TARGET_1,0.140106,0.250945,0.154244,0.242976,True,0.14944864424421728,0.250205316839071
32.256,TARGET_1,0.13768,0.251762,0.152687,0.249223,True,0.14955946758866046,0.2502150513138554
32.32,TARGET_1,0.135253,0.252578,0.128573,0.25405,True,0.14014638466678073,0.25211073192109196
32.384,TARGET_1,0.132827,0.253395,0.146659,0.240943,True,0.1413619756960912,0.24811164113865383
32.448,TARGET_1,0.130401,0.254211,0.134741,0.264573,True,0.13749794540918614,0.2548865975639131
32.512,TARGET_1,0.127974,0.255028,0.133295,0.246897,True,0.1345294192547559,0.25220189124122033
32.576,TARGET_1,0.125548,0.255844,0.135809,0.241146,True,0.13370279723863226,0.2481858281802624
32.64,TARGET_1,0.123122,0.256661,0.136071,0.274953,True,0.1333538211460924,0.2589792964370342
32.704,TARGET_1,0.120695,0.257477,0.138668,0.263872,True,0.13423103789181326,0.2614728124661229
32.768,TARGET_1,0.118269,0.258294,0.108929,0.266549,True,0.1230923940245477,0.2640923411429771
32.832,TARGET_1,0.115843,0.25911,0.098575,0.25276,True,0.11194895434295607,0.26027381260673155
32.896,TARGET_1,0.113417,0.259927,0.123323,0.255616,True,0.1147098007635818,0.2589290993124575
32.96,TARGET_1,0.11099,0.260743,,,False,0.11214809767665515,0.259631724600511
33.024,TARGET_1,0.108564,0.26156,,,False,0.1095863945897285,0.26033434988856446
33.088,TARGET_1,0.106138,0.262376,0.114576,0.262037,True,0.11124135381433778,0.2615953905803748
33.152,TARGET_1,0.103711,0.263193,0.10723,0.272739,True,0.108144960818433,0.26706186898754253
33.216,TARGET_1,0.101285,0.264009,0.113786,0.249639,True,0.10912190389298007,0.2603522957075291
33.28,TARGET_1,0.098859,0.264825,0.080451,0.251236,True,0.09622687635727167,0.25700584653792347
33.344,TARGET_1,0.096432,0.265642,0.080339,0.285641,True,0.08821755002748068,0.26863814052832546
33.408,TARGET_1,0.094006,0.266458,0.111687,0.260895,True,0.09567589511885828,0.2661566081210189
33.472,TARGET_1,0.09158,0.267275,0.094286,0.260681,True,0.09362476305082935,0.2644628558361207
33.536,TARGET_1,0.089154,0.268091,0.080376,0.256666,True,0.08689468316734604,0.2617680596378114
33.6,TARGET_1,0.086727,0.268908,0.076223,0.268745,True,0.08104025863600829,0.26480640036118996
33.664,TARGET_1,0.084301,0.269724,0.09066,0.28442,True,0.08310774890574744,0.2729323700361473
33.728,TARGET_1,0.081875,0.270541,0.086834,0.268569,True,0.08301138586774098,0.2718266852948299
33.792,TARGET_1,0.079448,0.271357,0.093398,0.254857,True,0.08563563310065787,0.2656601906275989
33.856,TARGET_1,0.077022,0.272174,,,False,0.0834631340482454,0.2661695160014215
33.92,TARGET_1,0.074596,0.27299,0.073202,0.262417,True,0.07736303418361298,0.2646094178377023
33.984,TARGET_1,0.072169,0.273807,0.089404,0.265628,True,0.08117725730758873,0.2652723816586062
34.048,TARGET_1,0.069743,0.274623,0.080478,0.289174,True,0.07968156729541911,0.27529066229613675
34.112,TARGET_1,0.067317,0.27544,0.068923,0.286747,True,0.07416098409002136,0.2804477993303177
34.176,TARGET_1,0.06489,0.276256,0.06844,0.293754,True,0.07055392254369991,0.2864482132993216
34.24,TARGET_1,0.062464,0.277073,0.046298,0.285201,True,0.05955714911450821,0.2868275957871623
34.304,TARGET_1,0.060038,0.277889,0.055158,0.285237,True,0.056137408596873425,0.28703610932698626
34.368,TARGET_1,0.057612,0.278706,0.050595,0.259576,True,0.05224370842557943,0.2769671533592659
34.432,TARGET_1,0.055185,0.279522,0.050579,0.262065,True,0.049847892027622395,0.27148207866569607
34.496,TARGET_1,0.052759,0.280339,0.03315,0.286644,True,0.041519854907294866,0.2776837080526378
34.56,TARGET_1,0.050333,0.281155,,,False,0.038363979013374336,0.2783483149821124
34.624,TARGET_1,0.047906,0.281972,0.0421,0.277772,True,0.038554493375276624,0.27841038692518966
34.688,TARGET_1,0.04548,0.282788,0.0639,0.28075,True,0.04775718522098964,0.2797760855173834
34.752,TARGET_1,0.043054,0.283605,0.041917,0.280327,True,0.044010496861299084,0.28039847697300385
34.816,TARGET_1,0.040627,0.284421,0.034377,0.266445,True,0.038724096869689514,0.2752063335097314
34.88,TARGET_1,0.038201,0.285238,0.057935,0.284088,True,0.04483257701696185,0.27894417264868
34.944,TARGET_1,0.035775,0.286054,0.047768,0.297975,True,0.04475469404351981,0.2868089326921495
35.008,TARGET_1,0.033348,0.28687,,,False,0.04280898233599205,0.2877522909046877
35.072,TARGET_1,0.030922,0.287687,0.033888,0.27917,True,0.03747540759515614,0.2840690767257803
35.136,TARGET_1,0.028496,0.288503,0.046428,0.299798,True,0.04010854520153827,0.2912235360004481
35.2,TARGET_1,0.02607,0.28932,0.021621,0.30167,True,0.03144201734289211,0.2961137088008274
35.264,TARGET_1,0.023643,0.290136,0.024674,0.290989,True,0.027383035919005618,0.29481341295833036
35.328,TARGET_1,0.021217,0.290953,0.020947,0.278806,True,0.023409738338759284,0.28912056363881056
35.392,TARGET_1,0.018791,0.291769,0.034732,0.309686,True,0.0264256381586054,0.29771580519699764
35.456,TARGET_1,0.016364,0.292586,0.029977,0.28453,True,0.026543261483600086,0.2932054284475015
35.52,TARGET_1,0.013938,0.293402,0.029224,0.30879,True,0.02639175862594368,0.2998904359274957
35.584,TARGET_1,0.011512,0.294219,0.006983,0.277305,True,0.01756215688905855,0.2916686999969463
35.648,TARGET_1,0.009085,0.295035,,,False,0.015270401408772543,0.2923236319559781
35.712,TARGET_1,0.006659,0.295852,,,False,0.012978645928486535,0.2929785639150099
35.776,TARGET_1,0.004233,0.296668,0.006807,0.290477,True,0.008520347851616109,0.29187089900220836
35.84,TARGET_1,0.001807,0.297485,0.006009,0.278889,True,0.00606479792973882,0.2862732705378406
35.904,TARGET_1,-0.00062,0.298301,-0.016469,0.298719,True,-0.0047608374372113335,0.29160882314898945
35.968,TARGET_1,-0.003046,0.299118,0.00366,0.292366,True,-0.0030678815341002776,0.29221597789029186
36.032,TARGET_1,-0.005472,0.299934,,,False,-0.0056876678202355075,0.29272696466570797
36.096,TARGET_1,-0.007899,0.300751,,,False,-0.008307454106370737,0.2932379514411241
36.16,TARGET_1,-0.010325,0.301567,-0.022522,0.310018,True,-0.017421920477314803,0.3028618784706243
36.224,TARGET_1,-0.012751,0.302384,-0.031588,0.291562,True,-0.025487401253673783,0.2982642322900993
36.288,TARGET_1,-0.015178,0.3032,-0.018198,0.308331,True,-0.02432589871515089,0.3028813654155231
36.352,TARGET_1,-0.017604,0.304017,-0.018043,0.29952,True,-0.02357562246562297,0.30206640992608663
36.416,TARGET_1,-0.02003,0.304833,-0.031863,0.309796,True,-0.028562175257435582,0.30564071569560564
36.48,TARGET_1,-0.022457,0.30565,-0.023479,0.308369,True,-0.02830570800583055,0.3073088726172375
36.544,TARGET_1,-0.024883,0.306466,-0.019603,0.313447,True,-0.026514568518155215,0.31034968047325356
36.608,TARGET_1,-0.027309,0.307283,-0.01521,0.293332,True,-0.02354295400495928,0.3042932539437644
36.672,TARGET_1,-0.029735,0.308099,-0.0482,0.295419,True,-0.03461761439612686,0.3012168252962742
36.736,TARGET_1,-0.032162,0.308915,-0.027106,0.314308,True,-0.03326499180896199,0.3067033174745417
36.8,TARGET_1,-0.034588,0.309732,-0.035606,0.310344,True,-0.03567395997146057,0.3086195510782971
36.864,TARGET_1,-0.037014,0.310548,-0.017566,0.329768,True,-0.029989415353422796,0.3175023290344971
36.928,TARGET_1,-0.039441,0.311365,,,False,-0.03198237140967899,0.3188050901894097
36.992,TARGET_1,-0.041867,0.312181,-0.042483,0.315672,True,-0.038106634831430675,0.3179538115340611
37.056,TARGET_1,-0.044293,0.312998,-0.062294,0.313538,True,-0.049772268880541135,0.3167299318732622
37.12,TARGET_1,-0.04672,0.313814,-0.063212,0.329371,True,-0.05689121928775251,0.3225212772914157
37.184,TARGET_1,-0.049146,0.314631,-0.067532,0.306235,True,-0.06294625079134607,0.3167798244902009
37.248,TARGET_1,-0.051572,0.315447,-0.069545,0.318514,True,-0.06747244132203366,0.31802368121045166
37.312,TARGET_1,-0.053999,0.316264,-0.049427,0.318557,True,-0.06227171057328906,0.3188014403496839
37.376,TARGET_1,-0.056425,0.31708,-0.037669,0.314957,True,-0.05419899793958431,0.31784067645351927
37.44,TARGET_1,-0.058851,0.317897,-0.073797,0.313736,True,-0.06325613544757273,0.3167135784831969
37.504,TARGET_1,-0.061277,0.318713,-0.043146,0.333659,True,-0.05683398921287968,0.3238502096030842
37.568,TARGET_1,-0.063704,0.31953,,,False,-0.058871106786344184,0.32492494629012386
37.632,TARGET_1,-0.06613,0.320346,,,False,-0.06090822435980869,0.32599968297716353
37.696,TARGET_1,-0.068556,0.321163,,,False,-0.0629453419332732,0.3270744196642032
37.76,TARGET_1,-0.070983,0.321979,-0.088072,0.341694,True,-0.07925409985767433,0.3365212214956808
37.824,TARGET_1,-0.073409,0.322796,,,False,-0.08204505073184624,0.3380381737477417
37.888,TARGET_1,-0.075835,0.323612,-0.082208,0.316658,True,-0.08339726172225372,0.3270197423363923
37.952,TARGET_1,-0.078262,0.324429,-0.066487,0.305056,True,-0.07727087044750967,0.3175960752887118
38.016,TARGET_1,-0.080688,0.325245,-0.094018,0.337967,True,-0.08555250429219032,0.32625727291709883
38.08,TARGET_1,-0.083114,0.326062,-0.091174,0.320078,True,-0.08935422244504725,0.3242201779867178
38.144,TARGET_1,-0.08554,0.326878,-0.095443,0.334729,True,-0.09336774772132782,0.3287733432819559
38.208,TARGET_1,-0.087967,0.327695,-0.078212,0.337279,True,-0.08899583533377878,0.3326461128167061
38.272,TARGET_1,-0.090393,0.328511,-0.090609,0.337601,True,-0.091035739728907,0.3352108230636641
38.336,TARGET_1,-0.092819,0.329328,-0.096122,0.322991,True,-0.09444079258273792,0.33103090161097753
38.4,TARGET_1,-0.095246,0.330144,,,False,-0.09680661249736403,0.33182081939187036
38.464,TARGET_1,-0.097672,0.33096,-0.115679,0.315333,True,-0.10718778462030298,0.3242209160870669
38.528,TARGET_1,-0.100098,0.331777,-0.102389,0.34048,True,-0.1067262711294346,0.33139681675177685
38.592,TARGET_1,-0.102525,0.332593,-0.120391,0.315607,True,-0.11386921865812644,0.3253542788614591
38.656,TARGET_1,-0.104951,0.33341,,,False,-0.11674869010870936,0.3256838175670963
38.72,TARGET_1,-0.107377,0.334226,,,False,-0.11962816155929229,0.3260133562727335
38.784,TARGET_1,-0.109804,0.335043,-0.123824,0.336251,True,-0.12324689671336683,0.33190722655749905
38.848,TARGET_1,-0.11223,0.335859,-0.110772,0.324547,True,-0.11915167207807163,0.3288960307762435
38.912,TARGET_1,-0.114656,0.336676,-0.133776,0.317137,True,-0.12674870559190524,0.3242268183070888
38.976,TARGET_1,-0.117082,0.337492,-0.131322,0.324419,True,-0.13027552120491018,0.32439618731243736
39.04,TARGET_1,-0.119509,0.338309,-0.134305,0.349331,True,-0.13359940479613885,0.3344351833044848
39.104,TARGET_1,-0.121935,0.339125,,,False,-0.13648112559547654,0.33513968288620494
39.168,TARGET_1,-0.124361,0.339942,-0.137939,0.323697,True,-0.13867037774358837,0.32993656273422767
39.232,TARGET_1,-0.126788,0.340758,-0.144175,0.351976,True,-0.14265852887093222,0.33963223712296586
39.296,TARGET_1,-0.129214,0.341575,,,False,-0.14556522090317486,0.34052505705884833
39.36,TARGET_1,-0.13164,0.342391,-0.125392,0.342966,True,-0.13702211775550724,0.342185890781145
39.424,TARGET_1,-0.134067,0.343208,-0.142269,0.340311,True,-0.1405883737320056,0.3419027195659874
39.488,TARGET_1,-0.136493,0.344024,,,False,-0.14293913763271224,0.3427707397585717
39.552,TARGET_1,-0.138919,0.344841,-0.134561,0.328907,True,-0.13995762059122396,0.3363170520775348
39.616,TARGET_1,-0.141346,0.345657,-0.156572,0.345768,True,-0.14833079984242403,0.34068189011559313
39.68,TARGET_1,-0.143772,0.346474,-0.134086,0.335185,True,-0.14390376459647136,0.33882826720136655
39.744,TARGET_1,-0.146198,0.34729,-0.15292,0.343296,True,-0.14873633722741628,0.34094558724102436
39.808,TARGET_1,-0.148624,0.348107,-0.142724,0.363062,True,-0.14766025382137693,0.3501219329642538
39.872,TARGET_1,-0.151051,0.348923,-0.157746,0.361539,True,-0.15286697478553488,0.35531612526051437
39.936,TARGET_1,-0.153477,0.34974,-0.138129,0.348788,True,-0.14834954202239853,0.3535384425568911
40.0,TARGET_1,-0.155903,0.350556,-0.155518,0.339681,True,-0.1522775642001263,0.3487556328440287
40.064,TARGET_1,-0.15833,0.351373,-0.166703,0.359844,True,-0.1591492307010542,0.35364328500594566
40.128,TARGET_1,-0.160756,0.352189,-0.159063,0.346979,True,-0.1604464701733734,0.35164388810530794
40.192,TARGET_1,-0.163182,0.353005,-0.15156,0.338854,True,-0.15823047968840925,0.347116568118141
40.256,TARGET_1,-0.165609,0.353822,,,False,-0.16013678686844732,0.34769544241554995
40.32,TARGET_1,-0.168035,0.354638,-0.175498,0.352493,True,-0.16857675664029684,0.35032289685752227
40.384,TARGET_1,-0.170461,0.355455,-0.164346,0.339806,True,-0.16805074906648387,0.3461959317720563
40.448,TARGET_1,-0.172887,0.356271,-0.158962,0.345387,True,-0.16558219345858943,0.346116671901614
40.512,TARGET_1,-0.175314,0.357088,-0.157724,0.346815,True,-0.16354610437325498,0.346634904186166
40.576,TARGET_1,-0.17774,0.357904,-0.173025,0.359022,True,-0.16830436751802907,0.35180415004925536
40.64,TARGET_1,-0.180166,0.358721,,,False,-0.17012069796388063,0.3524751790172335
40.704,TARGET_1,-0.182593,0.359537,-0.187342,0.375653,True,-0.17942480272138392,0.36408590872393215
40.768,TARGET_1,-0.185019,0.360354,-0.166069,0.356277,True,-0.1749519249722847,0.36145438049600775
40.832,TARGET_1,-0.187445,0.36117,-0.173129,0.347204,True,-0.1753053003460008,0.3562513752994542
40.896,TARGET_1,-0.189872,0.361987,-0.200458,0.373561,True,-0.1864518205519382,0.3636164943244646
40.96,TARGET_1,-0.192298,0.362803,-0.201127,0.369183,True,-0.19367151672409733,0.36648216093943164
41.024,TARGET_1,-0.194724,0.36362,,,False,-0.19624511479277418,0.36766472227835634
41.088,TARGET_1,-0.197151,0.364436,-0.214574,0.359579,True,-0.20647655311314972,0.36434244440207453
41.152,TARGET_1,-0.199577,0.365253,-0.202291,0.379999,True,-0.20638436396321452,0.3716077726185243
41.216,TARGET_1,-0.202003,0.366069,-0.197166,0.362777,True,-0.20428362917418233,0.36875399713833074
41.28,TARGET_1,-0.204429,0.366886,,,False,-0.2068363187214908,0.3698079138490474
41.344,TARGET_1,-0.206856,0.367702,-0.21604,0.358454,True,-0.21264487241068183,0.36478781750565414
41.408,TARGET_1,-0.209282,0.368519,-0.220096,0.374841,True,-0.2174116136141747,0.36953254981605205
41.472,TARGET_1,-0.211708,0.369335,-0.21973,0.375498,True,-0.22004015012202754,0.3725311323215757
41.536,TARGET_1,-0.214135,0.370152,-0.227108,0.384356,True,-0.22457039085648,0.37790477211521956
41.6,TARGET_1,-0.216561,0.370968,-0.23114,0.390902,True,-0.2289454258513602,0.38385373225143504
41.664,TARGET_1,-0.218987,0.371785,,,False,-0.23195261489303856,0.38540961023869075
41.728,TARGET_1,-0.221414,0.372601,-0.215513,0.373675,True,-0.22550770331324854,0.3805056590199852
41.792,TARGET_1,-0.22384,0.373418,-0.211023,0.362483,True,-0.2206951214544134,0.3734385603523492
41.856,TARGET_1,-0.226266,0.374234,-0.223401,0.393755,True,-0.22303261261857996,0.382187945195173
41.92,TARGET_1,-0.228693,0.37505,-0.236021,0.391942,True,-0.22949515500574216,0.38680899266306973
41.984,TARGET_1,-0.231119,0.375867,,,False,-0.23183511168952006,0.3881873546731881
42.048,TARGET_1,-0.233545,0.376683,-0.240438,0.393219,True,-0.2372251822513669,0.3913449042601366
42.112,TARGET_1,-0.235971,0.3775,-0.241272,0.358619,True,-0.24039547992927457,0.37810179144491574
42.176,TARGET_1,-0.238398,0.378316,-0.234519,0.387833,True,-0.2394945852069454,0.38247608800215993
42.24,TARGET_1,-0.240824,0.379133,-0.235616,0.398045,True,-0.23934987169679828,0.38923872929899955
42.304,TARGET_1,-0.24325,0.379949,-0.229835,0.366272,True,-0.2369003301501046,0.38082834295515644
42.368,TARGET_1,-0.245677,0.380766,-0.233128,0.376864,True,-0.23658425810247777,0.3796560561313285
42.432,TARGET_1,-0.248103,0.381582,-0.239748,0.3694,True,-0.2389401231726036,0.37593277456194407
42.496,TARGET_1,-0.250529,0.382399,-0.240431,0.378222,True,-0.2406516832321511,0.37703089428733016
42.56,TARGET_1,-0.252956,0.383215,,,False,-0.24249966055073302,0.37739272165847254
42.624,TARGET_1,-0.255382,0.384032,-0.262265,0.364621,True,-0.25304781558111594,0.3713772592415934
42.688,TARGET_1,-0.257808,0.384848,-0.253574,0.368502,True,-0.25460200253598425,0.3701462144126934
42.752,TARGET_1,-0.260234,0.385665,-0.249456,0.381831,True,-0.2538485223458257,0.3748902600637792
42.816,TARGET_1,-0.262661,0.386481,-0.267391,0.380739,True,-0.26054587291306486,0.3773587155969195
42.88,TARGET_1,-0.265087,0.387298,-0.281896,0.387793,True,-0.2704648960178199,0.38170835857052837
42.944,TARGET_1,-0.267513,0.388114,-0.281542,0.38801,True,-0.27654299287702316,0.38454292645121707
43.008,TARGET_1,-0.26994,0.388931,-0.266494,0.386528,True,-0.2743640995380511,0.38574290423466384
43.072,TARGET_1,-0.272366,0.389747,,,False,-0.27705377212403043,0.3864572095723609
43.136,TARGET_1,-0.274792,0.390564,-0.270161,0.387041,True,-0.27509025728550485,0.3871081375197812
43.2,TARGET_1,-0.277219,0.39138,-0.267859,0.406812,True,-0.2733680459071551,0.39598435494423956
43.264,TARGET_1,-0.279645,0.392197,-0.28777,0.387234,True,-0.28056037754093466,0.393092120067406
43.328,TARGET_1,-0.282071,0.393013,,,False,-0.28303997079533866,0.3940291824151367
43.392,TARGET_1,-0.284498,0.39383,-0.285122,0.3828,True,-0.28532494418685006,0.3890104927546066
43.456,TARGET_1,-0.286924,0.394646,-0.270413,0.38481,True,-0.2802988826052728,0.3875459824617241
43.52,TARGET_1,-0.28935,0.395463,-0.276925,0.40114,True,-0.28013195622252857,0.3934046559653467
43.584,TARGET_1,-0.291776,0.396279,-0.305642,0.392174,True,-0.29151882129830275,0.3933859024162368
43.648,TARGET_1,-0.294203,0.397095,-0.279758,0.400264,True,-0.28832359104001726,0.39657113714953385
43.712,TARGET_1,-0.296629,0.397912,-0.315761,0.387926,True,-0.30049321327207923,0.3936776650617748
43.776,TARGET_1,-0.299055,0.398728,-0.300034,0.392699,True,-0.30194572655685814,0.3936960583233817
43.84,TARGET_1,-0.301482,0.399545,-0.29478,0.409878,True,-0.3007021179625737,0.4004839202242816
43.904,TARGET_1,-0.303908,0.400361,-0.316977,0.394395,True,-0.3086028226499061,0.3986672999666761
43.968,TARGET_1,-0.306334,0.401178,-0.294129,0.393092,True,-0.3045226208212075,0.39695891039003134
44.032,TARGET_1,-0.308761,0.401994,-0.300582,0.398632,True,-0.3043789893947559,0.39803259961255666
44.096,TARGET_1,-0.311187,0.402811,-0.318119,0.416293,True,-0.31114702023165464,0.4056832239775148
44.16,TARGET_1,-0.313613,0.403627,-0.3046,0.414922,True,-0.3100427059394065,0.4100002401387216
44.224,TARGET_1,-0.316039,0.404444,-0.334418,0.413262,True,-0.3210531990513218,0.41206173111273264
44.288,TARGET_1,-0.318466,0.40526,-0.314484,0.412923,True,-0.3201164940936595,0.41320006925336483
44.352,TARGET_1,-0.320892,0.406077,-0.319518,0.389253,True,-0.32141700310492005,0.404515609073223
44.416,TARGET_1,-0.323318,0.406893,-0.330379,0.411339,True,-0.32645829930373416,0.40766718972242344
44.48,TARGET_1,-0.325745,0.40771,,,False,-0.32907675414346654,0.4085497336630358
44.544,TARGET_1,-0.328171,0.408526,-0.325072,0.391826,True,-0.32847924684305474,0.40088338199340373
44.608,TARGET_1,-0.330597,0.409343,-0.344011,0.41011,True,-0.3365477970253206,0.4050834329037361
44.672,TARGET_1,-0.333024,0.410159,-0.31698,0.397904,True,-0.3301705664386086,0.4025128038324878
44.736,TARGET_1,-0.33545,0.410976,-0.31972,0.400485,True,-0.32732680513711426,0.4019648319616648
44.8,TARGET_1,-0.337876,0.411792,-0.318102,0.418856,True,-0.32484039883944515,0.4089141036508852
44.864,TARGET_1,-0.340303,0.412609,-0.352802,0.428724,True,-0.3369575379792926,0.4172212574603872
44.928,TARGET_1,-0.342729,0.413425,,,False,-0.3392534473851856,0.4183984073035553
44.992,TARGET_1,-0.345155,0.414242,-0.330893,0.41852,True,-0.3363736748780847,0.4190628839940188
45.056,TARGET_1,-0.347581,0.415058,,,False,-0.33838359546042607,0.4202117054363553
45.12,TARGET_1,-0.350008,0.415875,,,False,-0.3403935160427674,0.42136052687869174
45.184,TARGET_1,-0.352434,0.416691,-0.367947,0.432342,True,-0.35723290125101004,0.4282177515736242
45.248,TARGET_1,-0.35486,0.417508,-0.366307,0.403512,True,-0.36292901108825576,0.41759552332029515
45.312,TARGET_1,-0.357287,0.418324,-0.376623,0.417692,True,-0.3704000676578166,0.41810330510118726
45.376,TARGET_1,-0.359713,0.41914,-0.358959,0.431265,True,-0.3676699309801841,0.4239043464087703
45.44,TARGET_1,-0.362139,0.419957,-0.347258,0.437561,True,-0.361250824202647,0.42999484756384343
45.504,TARGET_1,-0.364566,0.420773,-0.37322,0.423495,True,-0.36742333307684966,0.42822620548099927
45.568,TARGET_1,-0.366992,0.42159,-0.360731,0.437862,True,-0.3663259848535412,0.4327492858959743
45.632,TARGET_1,-0.369418,0.422406,-0.354593,0.4225,True,-0.36311194626913373,0.42951365180528395
45.696,TARGET_1,-0.371845,0.423223,-0.387292,0.437621,True,-0.37392042209412335,0.4333867048167178
45.76,TARGET_1,-0.374271,0.424039,-0.387565,0.41251,True,-0.38085741156821773,0.42588506331268433
45.824,TARGET_1,-0.376697,0.424856,-0.394525,0.41288,True,-0.38795293945454823,0.42120028787483066
45.888,TARGET_1,-0.379123,0.425672,-0.361064,0.436107,True,-0.37914621610681953,0.4273751152233755
45.952,TARGET_1,-0.38155,0.426489,-0.370324,0.445609,True,-0.377085849475656,0.43506115391053496
46.016,TARGET_1,-0.383976,0.427305,,,False,-0.37920423261544034,0.4362287379072977
46.08,TARGET_1,-0.386402,0.428122,-0.380866,0.417596,True,-0.3811008850600354,0.42778136865173877
46.144,TARGET_1,-0.388829,0.428938,-0.385437,0.43953,True,-0.38416575501298805,0.43319463707978134
46.208,TARGET_1,-0.391255,0.429755,-0.38356,0.449376,True,-0.38519395755337504,0.44034485892769887
46.272,TARGET_1,-0.393681,0.430571,,,False,-0.38729030124889635,0.44159129616553117
46.336,TARGET_1,-0.396108,0.431388,-0.395041,0.444118,True,-0.39215473962774505,0.44346448908540936
46.4,TARGET_1,-0.398534,0.432204,-0.400947,0.418727,True,-0.3972251080228818,0.43352544999181797
46.464,TARGET_1,-0.40096,0.433021,-0.41412,0.416541,True,-0.40556227071157924,0.426962974719192
46.528,TARGET_1,-0.403386,0.433837,,,False,-0.4082944494244548,0.4272264925726317
46.592,TARGET_1,-0.405813,0.434654,-0.419763,0.446823,True,-0.4153040479836054,0.436955646114578
46.656,TARGET_1,-0.408239,0.43547,-0.402001,0.423172,True,-0.4112548855274232,0.43145715014848157
46.72,TARGET_1,-0.410665,0.436287,-0.40405,0.419491,True,-0.40982924531874254,0.4268162360213977
46.784,TARGET_1,-0.413092,0.437103,-0.421402,0.450328,True,-0.41588289898503594,0.43633747442279874
46.848,TARGET_1,-0.415518,0.43792,-0.400156,0.427351,True,-0.41117407901081743,0.43317228975629907
46.912,TARGET_1,-0.417944,0.438736,-0.419179,0.450855,True,-0.4156500229284347,0.4404610072945125
46.976,TARGET_1,-0.420371,0.439553,-0.425314,0.440373,True,-0.42085855636072006,0.440937027110406
47.04,TARGET_1,-0.422797,0.440369,-0.40539,0.435715,True,-0.41621856199717117,0.43936881953667756
47.104,TARGET_1,-0.425223,0.441185,-0.418778,0.439613,True,-0.41847238455599906,0.4398826486535466
47.168,TARGET_1,-0.42765,0.442002,-0.414234,0.45328,True,-0.418043096671077,0.44559520827930393
47.232,TARGET_1,-0.430076,0.442818,-0.414801,0.456104,True,-0.41792323224030276,0.4503358610819708
47.296,TARGET_1,-0.432502,0.443635,-0.434508,0.46073,True,-0.4255794097626369,0.4551596052796462
47.36,TARGET_1,-0.434928,0.444451,-0.430602,0.434778,True,-0.42885921035405605,0.4479292731355756
47.424,TARGET_1,-0.437355,0.445268,-0.455089,0.460468,True,-0.440569617161245,0.4534328396956841
47.488,TARGET_1,-0.439781,0.446084,-0.429325,0.443363,True,-0.4377745285377809,0.45014674576868063
47.552,TARGET_1,-0.442207,0.446901,-0.42539,0.461523,True,-0.4343402649075126,0.4551958908732726
47.616,TARGET_1,-0.444634,0.447717,-0.438023,0.466289,True,-0.4370645761368293,0.46027384230054347
47.68,TARGET_1,-0.44706,0.448534,-0.45084,0.465956,True,-0.4438038754546499,0.4633445855398978
47.744,TARGET_1,-0.449486,0.44935,-0.460615,0.463597,True,-0.4519009982716385,0.4643249280327357
47.808,TARGET_1,-0.451913,0.450167,-0.463343,0.440265,True,-0.4580675403292134,0.45566883042375816
47.872,TARGET_1,-0.454339,0.450983,-0.46586,0.454846,True,-0.4629073993163829,0.45586463334424815
47.936,TARGET_1,-0.456765,0.4518,-0.446753,0.471796,True,-0.45833743386799364,0.4626672364250973
48.0,TARGET_1,-0.459192,0.452616,-0.450323,0.468018,True,-0.4567305534323198,0.4654863720580753
48.064,TARGET_1,-0.461618,0.453433,,,False,-0.4590832020621209,0.4667410955445298
48.128,TARGET_1,-0.464044,0.454249,-0.456352,0.473423,True,-0.45896739388568847,0.47063097938746656
48.192,TARGET_1,-0.46647,0.455066,-0.479269,0.453554,True,-0.4689584698699006,0.4640879907466872
48.256,TARGET_1,-0.468897,0.455882,-0.46503,0.462604,True,-0.4689153414781896,0.4640493157987181
48.32,TARGET_1,-0.471323,0.456699,,,False,-0.47141189825837,0.46495538332018443
48.384,TARGET_1,-0.473749,0.457515,-0.484162,0.472252,True,-0.4789277116636753,0.4689897158779701
48.448,TARGET_1,-0.476176,0.458332,-0.470997,0.445314,True,-0.47708481097998123,0.45939373770956593
48.512,TARGET_1,-0.478602,0.459148,-0.471231,0.473099,True,-0.4761754097301681,0.465294937469572
48.576,TARGET_1,-0.481028,0.459965,-0.477761,0.44111,True,-0.4782062205693687,0.45607125397195347
48.64,TARGET_1,-0.483455,0.460781,-0.491374,0.443835,True,-0.48483507047499697,0.45134596757237083
48.704,TARGET_1,-0.485881,0.461598,-0.485722,0.464678,True,-0.48672792657925795,0.45660385474795734
48.768,TARGET_1,-0.488307,0.462414,-0.470345,0.470012,True,-0.48176199599091973,0.4620650685094796
48.832,TARGET_1,-0.490733,0.46323,-0.495495,0.448651,True,-0.48846351468505694,0.45708608918440696
48.896,TARGET_1,-0.49316,0.464047,-0.502492,0.467943,True,-0.4954377805301747,0.4615241296993693
48.96,TARGET_1,-0.495586,0.464863,,,False,-0.4980526698801888,0.46199542769471164
49.024,TARGET_1,-0.498012,0.46568,-0.513715,0.453617,True,-0.5070027714045979,0.45816972285855095
49.088,TARGET_1,-0.500439,0.466496,-0.481908,0.450221,True,-0.49790489701678514,0.4548856261461354
49.152,TARGET_1,-0.502865,0.467313,-0.519446,0.476603,True,-0.5080739223731293,0.46379136961668077
49.216,TARGET_1,-0.505291,0.468129,-0.515149,0.484181,True,-0.512548841701092,0.4722825548850341
49.28,TARGET_1,-0.507718,0.468946,-0.517605,0.458955,True,-0.5162654524739992,0.4675703704952601
49.344,TARGET_1,-0.510144,0.469762,,,False,-0.5191472829333392,0.4682271196774093
49.408,TARGET_1,-0.51257,0.470579,-0.496582,0.459115,True,-0.5096606078536968,0.46413573469068253
49.472,TARGET_1,-0.514997,0.471395,,,False,-0.5118596130272595,0.4645303547044731
49.536,TARGET_1,-0.517423,0.472212,-0.518197,0.480831,True,-0.5161816692611968,0.47308500090227745
49.6,TARGET_1,-0.519849,0.473028,-0.5238,0.469517,True,-0.52082639220152,0.47198737406651753
49.664,TARGET_1,-0.522275,0.473845,,,False,-0.5232679444154705,0.4727200679036197
49.728,TARGET_1,-0.524702,0.474661,-0.511253,0.473168,True,-0.518500709167771,0.4733107642071081
49.792,TARGET_1,-0.522222,0.474024,-0.521697,0.477364,True,-0.5210483004282821,0.4754811804483483
49.856,TARGET_1,-0.519743,0.473388,-0.510157,0.478908,True,-0.5178015511814205,0.4773618323304569
49.92,TARGET_1,-0.517263,0.472751,-0.506195,0.454859,True,-0.5142113519958247,0.46884781212018406
49.984,TARGET_1,-0.514784,0.472114,-0.529096,0.461754,True,-0.5210262811735028,0.46623256418383213
50.048,TARGET_1,-0.512304,0.471477,-0.519318,0.454983,True,-0.5214251059280934,0.461880328418949
50.112,TARGET_1,-0.509825,0.47084,-0.526764,0.478567,True,-0.5245689239604154,0.46844089603719136
50.176,TARGET_1,-0.507345,0.470203,-0.499576,0.456561,True,-0.515756917114648,0.4639184507284108
50.24,TARGET_1,-0.504866,0.469566,-0.517241,0.477364,True,-0.5170633919996193,0.4692544559727789
50.304,TARGET_1,-0.502386,0.46893,-0.491731,0.482154,True,-0.5077623779144373,0.47455483979339264
50.368,TARGET_1,-0.499907,0.468293,-0.500458,0.448725,True,-0.5052381386409773,0.46469891780190853
50.432,TARGET_1,-0.497427,0.467656,-0.494757,0.461963,True,-0.5013503253085323,0.46362568028407153
50.496,TARGET_1,-0.494948,0.467019,-0.507674,0.482204,True,-0.5039655338563039,0.470949740390294
50.56,TARGET_1,-0.492468,0.466382,-0.504809,0.482742,True,-0.5044947482695914,0.4758391277774232
50.624,TARGET_1,-0.489988,0.465745,-0.481936,0.447725,True,-0.49577043427255807,0.46509081808484565
50.688,TARGET_1,-0.487509,0.465108,-0.473195,0.461693,True,-0.4867314763702066,0.4637363052525371
50.752,TARGET_1,-0.485029,0.464472,-0.473555,0.461999,True,-0.481110371572263,0.46299337602183516
50.816,TARGET_1,-0.48255,0.463835,-0.499345,0.445381,True,-0.48775055346038765,0.45594648950292627
50.88,TARGET_1,-0.48007,0.463198,,,False,-0.4872256830126316,0.4554287878816345
50.944,TARGET_1,-0.477591,0.462561,-0.458773,0.453642,True,-0.47313999508421484,0.4542948601558548
51.008,TARGET_1,-0.475111,0.461924,-0.464213,0.470989,True,-0.4685750912027713,0.461157334023669
51.072,TARGET_1,-0.472632,0.461287,-0.466056,0.468476,True,-0.4666835773905935,0.46406683865111004
51.136,TARGET_1,-0.470152,0.460651,-0.469394,0.44069,True,-0.4668824791332817,0.4547129563217854
51.2,TARGET_1,-0.467673,0.460014,-0.452794,0.447967,True,-0.46044470824709316,0.45173215050557086
51.264,TARGET_1,-0.465193,0.459377,-0.46015,0.476929,True,-0.4593198130110092,0.4613366356567993
51.328,TARGET_1,-0.462714,0.45874,-0.460582,0.445186,True,-0.45882912874986603,0.4549058372882102
51.392,TARGET_1,-0.460234,0.458103,-0.460126,0.441416,True,-0.45839066314765015,0.4493145986014935
51.456,TARGET_1,-0.457755,0.457466,-0.448979,0.472093,True,-0.45375331588953105,0.4578995787919526
51.52,TARGET_1,-0.455275,0.456829,-0.46804,0.446088,True,-0.4583869159177789,0.45311332073740723
51.584,TARGET_1,-0.452796,0.456193,-0.458481,0.468445,True,-0.457619529063127,0.4589108995724274
51.648,TARGET_1,-0.450316,0.455556,-0.458149,0.454503,True,-0.4570435956075098,0.4571100107470492
51.712,TARGET_1,-0.447837,0.454919,-0.448479,0.455704,True,-0.45289384562044044,0.4564389019878981
51.776,TARGET_1,-0.445357,0.454282,-0.455727,0.468255,True,-0.4531557991438943,0.46098329361011803
51.84,TARGET_1,-0.442878,0.453645,,,False,-0.4518288851073794,0.46103415126315583
51.904,TARGET_1,-0.440398,0.453008,-0.44752,0.458372,True,-0.4490540634815855,0.4597676969416011
51.968,TARGET_1,-0.437919,0.452372,-0.434859,0.43576,True,-0.442149380008784,0.44943408178285865
52.032,TARGET_1,-0.435439,0.451735,,,False,-0.4404385154183862,0.4488421678904112
52.096,TARGET_1,-0.432959,0.451098,-0.416253,0.455157,True,-0.42757915492342896,0.4516763285611175
52.16,TARGET_1,-0.43048,0.450461,-0.435967,0.462455,True,-0.42990025274624866,0.45611945748782895
52.224,TARGET_1,-0.428,0.449824,-0.429109,0.441479,True,-0.42835704758666326,0.45003136774220165
52.288,TARGET_1,-0.425521,0.449187,-0.417734,0.438331,True,-0.4228746645955249,0.4450569369671075
52.352,TARGET_1,-0.423041,0.44855,-0.421857,0.448302,True,-0.4211275604533612,0.44591547226874406
52.416,TARGET_1,-0.420562,0.447914,,,False,-0.41892561974383435,0.44528590607354923
52.48,TARGET_1,-0.418082,0.447277,-0.424642,0.459346,True,-0.42057231340586637,0.45179612760552923
52.544,TARGET_1,-0.415603,0.44664,-0.428607,0.428392,True,-0.42289349165722206,0.44159725902889935
52.608,TARGET_1,-0.413123,0.446003,,,False,-0.42114175011725863,0.4408118642098222
52.672,TARGET_1,-0.410644,0.445366,-0.409359,0.454087,True,-0.4144140572344868,0.4470012930713949
52.736,TARGET_1,-0.408164,0.444729,-0.402291,0.438111,True,-0.4080124270739287,0.44291875859971475
52.8,TARGET_1,-0.405685,0.444093,-0.402377,0.445761,True,-0.4043652960246389,0.44372765664603275
52.864,TARGET_1,-0.403205,0.443456,-0.407734,0.429135,True,-0.40431574740038445,0.43755642366173875
52.928,TARGET_1,-0.400726,0.442819,-0.383121,0.460581,True,-0.3945527168909369,0.4462078821057816
52.992,TARGET_1,-0.398246,0.442182,-0.385311,0.453794,True,-0.38929891736563826,0.44902738962392014
53.056,TARGET_1,-0.395767,0.441545,-0.37775,0.432803,True,-0.3830462364033601,0.44252184073622786
53.12,TARGET_1,-0.393287,0.440908,-0.39827,0.460107,True,-0.3872727430592457,0.44918325914867957
53.184,TARGET_1,-0.390808,0.440271,-0.403592,0.435188,True,-0.39217651450266694,0.44359015723776896
53.248,TARGET_1,-0.388328,0.439635,-0.374381,0.434674,True,-0.3838349667785209,0.4398199752057263
53.312,TARGET_1,-0.385849,0.438998,,,False,-0.3813356447431249,0.4392298285223237
53.376,TARGET_1,-0.383369,0.438361,-0.398915,0.441581,True,-0.3885860082251487,0.44006790973759013
53.44,TARGET_1,-0.38089,0.437724,-0.381856,0.457418,True,-0.384575491925087,0.447235780696173
53.504,TARGET_1,-0.37841,0.437087,-0.3626,0.446303,True,-0.37436190655965884,0.4468031349402114
53.568,TARGET_1,-0.375931,0.43645,-0.358986,0.417942,True,-0.3666857215122783,0.435170870500443
53.632,TARGET_1,-0.373451,0.435813,-0.364602,0.444613,True,-0.36416327513666286,0.43847463021340793
53.696,TARGET_1,-0.370971,0.435177,-0.382677,0.4278,True,-0.3698143170066863,0.43392844777274403
53.76,TARGET_1,-0.368492,0.43454,-0.350488,0.416491,True,-0.3607597667755677,0.4265731379626346
53.824,TARGET_1,-0.366012,0.433903,,,False,-0.3580594843943472,0.4254547887956142
53.888,TARGET_1,-0.363533,0.433266,-0.345193,0.425024,True,-0.35042256511000147,0.4246703141569799
53.952,TARGET_1,-0.361053,0.432629,-0.359482,0.43288,True,-0.35262230050837345,0.42757274645634724
54.016,TARGET_1,-0.358574,0.431992,-0.36099,0.420319,True,-0.35445649765397697,0.4240865863309677
54.08,TARGET_1,-0.356094,0.431356,,,False,-0.3520199350627407,0.4230631873947931
54.144,TARGET_1,-0.353615,0.430719,-0.340463,0.428404,True,-0.34511868534073364,0.425155254790184
54.208,TARGET_1,-0.351135,0.430082,,,False,-0.34243677633680275,0.4243030590012697
54.272,TARGET_1,-0.348656,0.429445,-0.33447,0.445133,True,-0.33703895683625745,0.4345933837680405
54.336,TARGET_1,-0.346176,0.428808,-0.335367,0.441961,True,-0.3347184896570957,0.43769348763908933
54.4,TARGET_1,-0.343697,0.428171,-0.355116,0.435101,True,-0.34148681658902547,0.4365856096114619
54.464,TARGET_1,-0.341217,0.427534,,,False,-0.33921128912554693,0.43646286713856436
54.528,TARGET_1,-0.338738,0.426898,-0.343715,0.435542,True,-0.3402604243347592,0.43594870970843635
54.592,TARGET_1,-0.336258,0.426261,-0.328787,0.42357,True,-0.3341197379950574,0.4305256991466701
54.656,TARGET_1,-0.333779,0.425624,-0.333771,0.445237,True,-0.3326095079822005,0.4362937895137556
54.72,TARGET_1,-0.331299,0.424987,-0.325208,0.416975,True,-0.3282811902555257,0.4284928641920901
54.784,TARGET_1,-0.32882,0.42435,-0.328934,0.418422,True,-0.32710381154008616,0.4241749093378482
54.848,TARGET_1,-0.32634,0.423713,,,False,-0.32478571032442205,0.42344263610447286
54.912,TARGET_1,-0.323861,0.423077,-0.335976,0.403694,True,-0.3290334072273124,0.41346739673500876
54.976,TARGET_1,-0.321381,0.42244,-0.318709,0.441597,True,-0.3234787837014247,0.4248564466942024
55.04,TARGET_1,-0.318902,0.421803,,,False,-0.3213245023863227,0.4243112846218087
55.104,TARGET_1,-0.316422,0.421166,-0.299753,0.411264,True,-0.3095375209795383,0.41756393756185933
55.168,TARGET_1,-0.313942,0.420529,-0.311195,0.405123,True,-0.30873699446919683,0.4116696931295216
55.232,TARGET_1,-0.311463,0.419892,-0.310433,0.41887,True,-0.3079123755319889,0.4139400877429563
55.296,TARGET_1,-0.308983,0.419255,-0.295235,0.430432,True,-0.30133962502486555,0.4199771096229138
55.36,TARGET_1,-0.306504,0.418619,-0.304633,0.431845,True,-0.30101824542428485,0.4243482576192731
55.424,TARGET_1,-0.304024,0.417982,-0.313819,0.418939,True,-0.30453830263230686,0.42202057919750496
55.488,TARGET_1,-0.301545,0.417345,-0.30084,0.416432,True,-0.3017246152451713,0.4195558921735802
55.552,TARGET_1,-0.299065,0.416708,-0.308847,0.409641,True,-0.30317396747537984,0.415310388438015
55.616,TARGET_1,-0.296586,0.416071,-0.307617,0.434101,True,-0.3036888221059544,0.42229846251807845
55.68,TARGET_1,-0.294106,0.415434,-0.278156,0.414324,True,-0.292429388886873,0.4189579441569947
55.744,TARGET_1,-0.291627,0.414797,-0.284066,0.402939,True,-0.2876461862016275,0.4123309619451661
55.808,TARGET_1,-0.289147,0.414161,-0.273483,0.411483,True,-0.28048819517469475,0.4114980954450389
55.872,TARGET_1,-0.286668,0.413524,-0.295301,0.404071,True,-0.28464030510532246,0.40806145437608593
55.936,TARGET_1,-0.284188,0.412887,-0.273439,0.405221,True,-0.27873577049149467,0.40635092701957515
56.0,TARGET_1,-0.281709,0.41225,,,False,-0.27610455012418195,0.40533867537968016
56.064,TARGET_1,-0.279229,0.411613,-0.291468,0.429162,True,-0.2822111676603162,0.41638606343689455
56.128,TARGET_1,-0.27675,0.410976,-0.270452,0.416308,True,-0.27593135777318595,0.4161559976707054
56.192,TARGET_1,-0.27427,0.41034,-0.278823,0.415346,True,-0.27570992867333366,0.41562472797709404
56.256,TARGET_1,-0.271791,0.409703,,,False,-0.27345350875912794,0.4152756606211649
56.32,TARGET_1,-0.269311,0.409066,-0.262535,0.408148,True,-0.26695668842033826,0.4116082308846839
56.384,TARGET_1,-0.266832,0.408429,-0.267012,0.398877,True,-0.2655645953991902,0.4058160088874506
56.448,TARGET_1,-0.264352,0.407792,-0.278383,0.403176,True,-0.26937846497610685,0.4042503148847817
56.512,TARGET_1,-0.261873,0.407155,,,False,-0.2672948599526661,0.4033882379738309
56.576,TARGET_1,-0.259393,0.406518,,,False,-0.26521125492922537,0.4025261610628801
56.64,TARGET_1,-0.256913,0.405882,-0.245088,0.418364,True,-0.2529973813031829,0.4110420174303104
56.704,TARGET_1,-0.254434,0.405245,-0.236116,0.386951,True,-0.24387511420215965,0.39987111368367306
56.768,TARGET_1,-0.251954,0.404608,-0.246358,0.387019,True,-0.24318154710040377,0.39394603331829287
56.832,TARGET_1,-0.249475,0.403971,-0.26,0.423252,True,-0.24828098714436103,0.4050716550437594
56.896,TARGET_1,-0.246995,0.403334,,,False,-0.245865482116431,0.40453893187131335
56.96,TARGET_1,-0.244516,0.402697,-0.230943,0.409686,True,-0.2373481347507419,0.40677723728440385
57.024,TARGET_1,-0.242036,0.402061,-0.25421,0.413595,True,-0.2430428690146206,0.40949626252154614
57.088,TARGET_1,-0.239557,0.401424,-0.247983,0.396635,True,-0.24371390467425114,0.40410923563373324
57.152,TARGET_1,-0.237077,0.400787,-0.227097,0.396997,True,-0.23578108445703128,0.4009604992657328
57.216,TARGET_1,-0.234598,0.40015,-0.231706,0.38415,True,-0.23268746596115839,0.39388794581171965
57.28,TARGET_1,-0.232118,0.399513,-0.246796,0.402363,True,-0.23678179737880847,0.3966414289706049
57.344,TARGET_1,-0.229639,0.398876,-0.222231,0.415862,True,-0.22974418266627208,0.40377234865161715
57.408,TARGET_1,-0.227159,0.398239,-0.237113,0.386888,True,-0.23121658281454255,0.39687970513276455
57.472,TARGET_1,-0.22468,0.397603,-0.232168,0.377886,True,-0.23028022982645754,0.3889307164859749
57.536,TARGET_1,-0.2222,0.396966,,,False,-0.22817717591108652,0.3878077075831163
57.6,TARGET_1,-0.219721,0.396329,,,False,-0.2260741219957155,0.3866846986802577
57.664,TARGET_1,-0.217241,0.395692,-0.230808,0.405186,True,-0.2277891377651744,0.39652084292198464
57.728,TARGET_1,-0.214762,0.395055,,,False,-0.22589286362504923,0.39599136200870844
57.792,TARGET_1,-0.212282,0.394418,-0.219196,0.390546,True,-0.22143910776441197,0.3928429785458055
57.856,TARGET_1,-0.209803,0.393782,-0.22434,0.381305,True,-0.22160591737503152,0.38732744591010704
57.92,TARGET_1,-0.207323,0.393145,-0.224155,0.406052,True,-0.22154257669576397,0.39454819467905666
57.984,TARGET_1,-0.204844,0.392508,-0.22185,0.377162,True,-0.22058352116172245,0.3872541095488654
58.048,TARGET_1,-0.202364,0.391871,-0.2147,0.409533,True,-0.21717741958187353,0.3956089318105272
58.112,TARGET_1,-0.199885,0.391234,-0.193163,0.402914,True,-0.2065332072103572,0.3982953401145953
58.176,TARGET_1,-0.197405,0.390597,-0.209296,0.39216,True,-0.20620836869699974,0.3957577769102643
58.24,TARGET_1,-0.194925,0.38996,-0.178206,0.376612,True,-0.19377552458601,0.38799245637606855
58.304,TARGET_1,-0.192446,0.389324,-0.176321,0.399859,True,-0.18517156492634845,0.39224683330663734
58.368,TARGET_1,-0.189966,0.388687,-0.18018,0.391151,True,-0.1813023171862488,0.3915413170408374
58.432,TARGET_1,-0.187487,0.38805,-0.169543,0.379707,True,-0.17472997400267404,0.386577746070592
58.496,TARGET_1,-0.185007,0.387413,-0.178533,0.393151,True,-0.17420034462606843,0.38874527334449216
58.56,TARGET_1,-0.182528,0.386776,-0.178583,0.371348,True,-0.17399663793962702,0.38152530995378975
58.624,TARGET_1,-0.180048,0.386139,-0.176928,0.366878,True,-0.17332080444010786,0.37516682196583534
58.688,TARGET_1,-0.177569,0.385502,-0.174386,0.403398,True,-0.17198684081381835,0.3855916017611353
58.752,TARGET_1,-0.175089,0.384866,-0.166204,0.383146,True,-0.1679964197580319,0.3842736045254779
58.816,TARGET_1,-0.17261,0.384229,-0.189686,0.374843,True,-0.17483731565466779,0.38016643223568064
58.88,TARGET_1,-0.17013,0.383592,,,False,-0.17250185538939614,0.3793490941872411
58.944,TARGET_1,-0.167651,0.382955,-0.15448,0.401458,True,-0.1625493882325758,0.38966429207878356
59.008,TARGET_1,-0.165171,0.382318,-0.159515,0.367733,True,-0.1596730805255842,0.38012085556573905
59.072,TARGET_1,-0.162692,0.381681,-0.166495,0.387201,True,-0.16083009459493783,0.38259268656450474
59.136,TARGET_1,-0.160212,0.381045,-0.157867,0.380574,True,-0.15811685168626308,0.3814596151523402
59.2,TARGET_1,-0.157733,0.380408,-0.156657,0.380627,True,-0.15599706770806399,0.3807830167665717
59.264,TARGET_1,-0.155253,0.379771,,,False,-0.15346602431053719,0.38020364557457703
59.328,TARGET_1,-0.152774,0.379134,-0.149554,0.396292,True,-0.15026376187551813,0.3877255411276238
59.392,TARGET_1,-0.150294,0.378497,-0.162243,0.371592,True,-0.15395164894299487,0.38071209722044813
59.456,TARGET_1,-0.147815,0.37786,-0.158915,0.381159,True,-0.15466824215780037,0.38059235879105696
59.52,TARGET_1,-0.145335,0.377223,-0.140838,0.359046,True,-0.14789041838001918,0.3716621289721595
59.584,TARGET_1,-0.142856,0.376587,,,False,-0.1455677269403901,0.3707017218633567
59.648,TARGET_1,-0.140376,0.37595,-0.126714,0.386198,True,-0.13519453623242644,0.3777556059658684
59.712,TARGET_1,-0.137896,0.375313,-0.125432,0.361824,True,-0.12941739501063032,0.37060384966694065
59.776,TARGET_1,-0.135417,0.374676,-0.155052,0.376869,True,-0.1381729503725399,0.3726445705824386
59.84,TARGET_1,-0.132937,0.374039,-0.124939,0.361243,True,-0.13149911361333605,0.36764127655085127
59.904,TARGET_1,-0.130458,0.373402,-0.129929,0.386582,True,-0.12935133287418396,0.37459383326691303
59.968,TARGET_1,-0.127978,0.372766,,,False,-0.1268435552091738,0.37407547294837834
60.032,TARGET_1,-0.125499,0.372129,-0.1373,0.381475,True,-0.1306369526703477,0.377405549751215
60.096,TARGET_1,-0.123019,0.371492,,,False,-0.12847705165311596,0.3770996547868657
60.16,TARGET_1,-0.12054,0.370855,-0.112954,0.362197,True,-0.11946161191387145,0.3693053572065595
60.224,TARGET_1,-0.11806,0.370218,-0.108789,0.361223,True,-0.1133525742119219,0.36535450821684534
60.288,TARGET_1,-0.115581,0.369581,-0.105488,0.352826,True,-0.10850616178233255,0.3596644847068001
60.352,TARGET_1,-0.113101,0.368944,-0.123605,0.38299,True,-0.11287609236531707,0.368352883033523
60.416,TARGET_1,-0.110622,0.368308,-0.094278,0.374765,True,-0.10400194076528761,0.37053910518100225
60.48,TARGET_1,-0.108142,0.367671,-0.119838,0.375074,True,-0.10858949384647056,0.3720642898390488
60.544,TARGET_1,-0.105663,0.367034,,,False,-0.1062003043183736,0.37172274012055756
60.608,TARGET_1,-0.103183,0.366397,,,False,-0.10381111479027665,0.3713811904020663
60.672,TARGET_1,-0.100704,0.36576,-0.104816,0.363269,True,-0.10331754947985097,0.3666996612180473
0.064,TARGET_2,0.59819,0.49819,0.601182,0.489618,True,0.601182,0.489618
0.128,TARGET_2,0.59638,0.49638,0.580103,0.479673,True,0.5895001195287395,0.4841065288065522
0.192,TARGET_2,0.594569,0.494569,0.598905,0.475187,True,0.5935594350584341,0.47965421422273896
0.256,TARGET_2,0.592759,0.492759,0.604826,0.507355,True,0.5987191444471793,0.49208731457497995
0.32,TARGET_2,0.590949,0.490949,0.609916,0.485741,True,0.6042912397090532,0.48974119930982124
0.384,TARGET_2,0.589139,0.489139,0.572275,0.499588,True,0.5901747744847715,0.4946420046664298
0.448,TARGET_2,0.587329,0.487329,0.596115,0.482611,True,0.5924283851290639,0.4897889403657593
0.512,TARGET_2,0.585518,0.485518,0.596895,0.482583,True,0.5942019563858422,0.48675501146394357
0.576,TARGET_2,0.583708,0.483708,0.597804,0.476922,True,0.5957098303490703,0.4823679704796176
0.64,TARGET_2,0.581898,0.481898,,,False,0.5957330279456164,0.4818418887356982
0.704,TARGET_2,0.580088,0.480088,0.579468,0.472245,True,0.5869438331364398,0.47640824290868017
0.768,TARGET_2,0.578278,0.478278,0.59703,0.465826,True,0.5912001783119527,0.47093227310594127
0.832,TARGET_2,0.576467,0.476467,,,False,0.5908261713144003,0.4695119749922414
0.896,TARGET_2,0.574657,0.474657,0.572895,0.469083,True,0.5811063350745426,0.46861936668367765
0.96,TARGET_2,0.572847,0.472847,0.591287,0.473381,True,0.5851407373783806,0.47004795029935253
1.024,TARGET_2,0.571037,0.471037,0.558193,0.454437,True,0.5731778280305668,0.4626993095463537
1.088,TARGET_2,0.569227,0.469227,0.573368,0.482472,True,0.5723337003986841,0.4699787474144791
1.152,TARGET_2,0.567417,0.467417,0.573523,0.474626,True,0.5719210267016391,0.4713111742113789
1.216,TARGET_2,0.565606,0.465606,0.565844,0.479446,True,0.5685878800877553,0.47414310808796123
1.28,TARGET_2,0.563796,0.463796,0.561555,0.46116,True,0.5647990574071357,0.46854955889974015
1.344,TARGET_2,0.561986,0.461986,0.575843,0.444947,True,0.5682286679967687,0.4584827591505865
1.408,TARGET_2,0.560176,0.460176,0.560322,0.464487,True,0.5642161890243783,0.460002067749378
1.472,TARGET_2,0.558366,0.458366,0.554365,0.45301,True,0.559326631060927,0.4564100916651316
1.536,TARGET_2,0.556555,0.456555,0.561488,0.439134,True,0.5591332949461416,0.4486115455347976
1.6,TARGET_2,0.554745,0.454745,0.557065,0.468699,True,0.5573034575106857,0.455542045295937
1.664,TARGET_2,0.552935,0.452935,0.533638,0.453874,True,0.5468348591484373,0.4540900742142362
1.728,TARGET_2,0.551125,0.451125,,,False,0.5446159944631892,0.45277317729691535
1.792,TARGET_2,0.549315,0.449315,0.530561,0.446882,True,0.5365945764573058,0.44921378166556386
1.856,TARGET_2,0.547504,0.447504,0.540569,0.439379,True,0.536863517206326,0.4441323575147866
1.92,TARGET_2,0.545694,0.445694,,,False,0.5344672813976206,0.44246979609372583
1.984,TARGET_2,0.543884,0.443884,0.552978,0.428616,True,0.5425110066032858,0.4347194988792496
2.048,TARGET_2,0.542074,0.442074,0.524558,0.453326,True,0.5336745354264217,0.4416909976917319
2.112,TARGET_2,0.540264,0.440264,0.529336,0.424285,True,0.5305935410956354,0.43363884531297503
2.176,TARGET_2,0.538453,0.438453,0.539736,0.436508,True,0.5329310631923025,0.4336753064070087
2.24,TARGET_2,0.536643,0.436643,,,False,0.5309436829173811,0.4319114387713981
2.304,TARGET_2,0.534833,0.434833,,,False,0.5289563026424597,0.4301475711357875
2.368,TARGET_2,0.533023,0.433023,0.530807,0.437353,True,0.5291238172514033,0.43341952950220075
2.432,TARGET_2,0.531213,0.431213,0.546728,0.419619,True,0.5361368134703007,0.42631657804575435
2.496,TARGET_2,0.529402,0.429402,0.526,0.433568,True,0.5310877416983412,0.4283119007179499
2.56,TARGET_2,0.527592,0.427592,0.536441,0.439911,True,0.5323132216586123,0.43206506314254645
2.624,TARGET_2,0.525782,0.425782,0.541871,0.444162,True,0.5352743049295056,0.4361240512153377
2.688,TARGET_2,0.523972,0.423972,0.53866,0.431989,True,0.5359088391175575,0.43388733327785084
2.752,TARGET_2,0.522162,0.422162,0.516109,0.433093,True,0.5274092493499754,0.43293498405452546
2.816,TARGET_2,0.520351,0.420351,0.506897,0.434844,True,0.5183794487667229,0.4330570590304219
2.88,TARGET_2,0.518541,0.418541,0.533871,0.406927,True,0.5233531781950167,0.42211425680594217
2.944,TARGET_2,0.516731,0.416731,0.519398,0.398274,True,0.5208612778585171,0.41173876225743383
3.008,TARGET_2,0.514921,0.414921,0.523559,0.407487,True,0.5209709108514423,0.40881823940246004
3.072,TARGET_2,0.513111,0.413111,,,False,0.5194800348583101,0.40672097282033076
3.136,TARGET_2,0.511301,0.411301,0.517606,0.40951,True,0.5178029881611924,0.4069978774559061
3.2,TARGET_2,0.50949,0.40949,,,False,0.5163017580724094,0.4050326531089571
3.264,TARGET_2,0.50768,0.40768,0.518251,0.403304,True,0.5165713908340158,0.40318884264823657
3.328,TARGET_2,0.50587,0.40587,0.514793,0.415381,True,0.5150025725580766,0.407449928195407
3.392,TARGET_2,0.50406,0.40406,0.488325,0.422409,True,0.5031655829030495,0.41267136176579094
3.456,TARGET_2,0.50225,0.40225,0.506258,0.400689,True,0.5032203906536115,0.40711068061102185
3.52,TARGET_2,0.500439,0.400439,0.507034,0.396241,True,0.5036101534243269,0.40189190346717074
3.584,TARGET_2,0.498629,0.398629,0.479021,0.41312,True,0.4928032454269069,0.4053253534126736
3.648,TARGET_2,0.496819,0.396819,0.490733,0.387762,True,0.49062046734714,0.3975230077970212
3.712,TARGET_2,0.495009,0.395009,0.478622,0.41059,True,0.48451036686027804,0.4016306611609841
3.776,TARGET_2,0.493199,0.393199,0.478714,0.37613,True,0.4807242442419042,0.3906734746487743
3.84,TARGET_2,0.491388,0.391388,0.488302,0.38291,True,0.4821860984600246,0.3864119638256567
3.904,TARGET_2,0.489578,0.389578,0.483984,0.384353,True,0.481496913297583,0.3843299236200074
3.968,TARGET_2,0.487768,0.387768,0.502278,0.37195,True,0.4883755625322806,0.378163983268498
4.032,TARGET_2,0.485958,0.385958,0.469049,0.391949,True,0.4796919211791153,0.38221401788686304
4.096,TARGET_2,0.484148,0.384148,0.484036,0.396794,True,0.480138433035209,0.38679555556375
4.16,TARGET_2,0.482337,0.382337,0.486691,0.392601,True,0.48154573630692393,0.388127476765837
4.224,TARGET_2,0.480527,0.380527,,,False,0.47977317241046025,0.3866946787024095
4.288,TARGET_2,0.478717,0.378717,0.465751,0.396813,True,0.47205218840047003,0.3908711138371136
4.352,TARGET_2,0.476907,0.376907,0.475831,0.362202,True,0.4724786113016855,0.37790543258035747
4.416,TARGET_2,0.475097,0.375097,0.481914,0.379568,True,0.4751784272485554,0.37753523177302806
4.48,TARGET_2,0.473286,0.373286,0.473679,0.383398,True,0.47355683600825593,0.3788673516699655
4.544,TARGET_2,0.471476,0.371476,0.473484,0.37298,True,0.472504598284048,0.37560467461843366
4.608,TARGET_2,0.469666,0.369666,,,False,0.47084199752923844,0.37397769447079504
4.672,TARGET_2,0.467856,0.367856,0.48217,0.383956,True,0.4754935499204653,0.3779915263620347
4.736,TARGET_2,0.466046,0.366046,0.473294,0.350381,True,0.4737987273160365,0.36536781598137263
4.8,TARGET_2,0.464235,0.364235,0.458864,0.376848,True,0.4669008466568688,0.36891740647437454
4.864,TARGET_2,0.462425,0.362425,0.45704,0.344286,True,0.46196352351220327,0.35806434143089666
4.928,TARGET_2,0.460615,0.360615,0.474426,0.361108,True,0.4658183258877408,0.3579800956345095
4.992,TARGET_2,0.458805,0.358805,0.477933,0.352618,True,0.46970931598431925,0.3546272241112336
5.056,TARGET_2,0.456995,0.356995,0.455462,0.343952,True,0.46333971878484215,0.34912765182158184
5.12,TARGET_2,0.455185,0.355185,0.471681,0.357778,True,0.4657366163110326,0.3511625754623962
5.184,TARGET_2,0.453374,0.353374,0.445107,0.348009,True,0.456801316730041,0.34867323404112915
5.248,TARGET_2,0.451564,0.351564,0.432789,0.370787,True,0.44626749742022104,0.3561672520688799
5.312,TARGET_2,0.449754,0.349754,,,False,0.4440628148307141,0.3546268892203078
5.376,TARGET_2,0.447944,0.347944,0.462836,0.366435,True,0.4520441649279068,0.35956802345515865
5.44,TARGET_2,0.446134,0.346134,0.445087,0.348283,True,0.44811770055733624,0.3540427916967578
5.504,TARGET_2,0.444323,0.344323,,,False,0.44635040924205566,0.3526210293509382
5.568,TARGET_2,0.442513,0.342513,,,False,0.4445831179267751,0.3511992670051186
5.632,TARGET_2,0.440703,0.340703,0.436127,0.329641,True,0.4390246180310835,0.3383641890393919
5.696,TARGET_2,0.438893,0.338893,0.454695,0.337193,True,0.44512077556615026,0.33672488689324087
5.76,TARGET_2,0.437083,0.337083,0.422436,0.352065,True,0.4347232115675192,0.341983193207878
5.824,TARGET_2,0.435272,0.335272,,,False,0.43270417356098684,0.34036681686641057
5.888,TARGET_2,0.433462,0.333462,0.415378,0.352176,True,0.423150082247511,0.34535927376877334
5.952,TARGET_2,0.431652,0.331652,0.448711,0.346647,True,0.4328137964035777,0.345202164968075
6.016,TARGET_2,0.429842,0.329842,0.431125,0.345981,True,0.4310784239224845,0.34481517916237114
6.08,TARGET_2,0.428032,0.328032,0.408814,0.325453,True,0.421092230039283,0.33636091112549404
6.144,TARGET_2,0.426221,0.326221,0.427616,0.329202,True,0.42234758081810336,0.3325760766579632
6.208,TARGET_2,0.424411,0.324411,0.42137,0.310189,True,0.4207356523126298,0.3226870803997063
6.272,TARGET_2,0.422601,0.322601,0.427831,0.307432,True,0.42233358145836086,0.3153534811813021
6.336,TARGET_2,0.420791,0.320791,0.418423,0.301749,True,0.4196966059579492,0.3084989658965829
6.4,TARGET_2,0.418981,0.318981,,,False,0.41784691951551506,0.305816992565623
6.464,TARGET_2,0.41717,0.31717,0.411362,0.308007,True,0.4137464049115534,0.30550080998048895
6.528,TARGET_2,0.41536,0.31536,,,False,0.41177210608721637,0.3029498136938722
6.592,TARGET_2,0.41355,0.31355,0.40669,0.316468,True,0.4082036007920627,0.30864179797303015
6.656,TARGET_2,0.41174,0.31174,0.425183,0.309361,True,0.41450827921643246,0.3077792847994304
6.72,TARGET_2,0.40993,0.30993,0.406825,0.291928,True,0.4103966693537888,0.30004596579078996
6.784,TARGET_2,0.40812,0.30812,0.405818,0.296347,True,0.4075139127914692,0.2971546645122474
6.848,TARGET_2,0.406309,0.306309,0.415859,0.319133,True,0.409748854893411,0.30447162242713366
6.912,TARGET_2,0.406907,0.30382,0.387989,0.299101,True,0.40016708397481104,0.30123321108876977
6.976,TARGET_2,0.407505,0.301331,0.41517,0.289063,True,0.4048824600728686,0.2952570624599702
7.04,TARGET_2,0.408103,0.298842,0.413849,0.295703,True,0.40743429117922453,0.29413821794117806
7.104,TARGET_2,0.408701,0.296353,0.404753,0.295687,True,0.40551905002542205,0.2934904479161696
7.168,TARGET_2,0.409299,0.293863,0.39115,0.305874,True,0.39896190023763245,0.29717887283898153
7.232,TARGET_2,0.409897,0.291374,0.398445,0.28952,True,0.3977121445918836,0.2931300522024895
7.296,TARGET_2,0.410495,0.288885,0.421352,0.299772,True,0.4060377401567948,0.29465976754435924
7.36,TARGET_2,0.411093,0.286396,0.404892,0.281654,True,0.4048965422510154,0.2885285550362983
7.424,TARGET_2,0.411691,0.283907,0.405483,0.293836,True,0.40444069166264357,0.2894909617900392
7.488,TARGET_2,0.412289,0.281417,0.418333,0.291406,True,0.40927329625663117,0.28920771935181094
7.552,TARGET_2,0.412887,0.278928,0.417436,0.270926,True,0.4120403755290113,0.2809814261222075
7.616,TARGET_2,0.413485,0.276439,0.414378,0.278978,True,0.41262256875029735,0.2789726601833009
7.68,TARGET_2,0.414083,0.27395,,,False,0.4121199509556737,0.276960594376069
7.744,TARGET_2,0.414681,0.271461,0.430789,0.26311,True,0.42092648965573237,0.26920011263610394
7.808,TARGET_2,0.415279,0.268971,0.399325,0.273744,True,0.4116468466060824,0.26982518764555585
7.872,TARGET_2,0.415877,0.266482,0.413265,0.263742,True,0.4120125792090587,0.2660565064041711
7.936,TARGET_2,0.416474,0.263993,0.410855,0.24876,True,0.41127718885089853,0.2577718846886361
8.0,TARGET_2,0.417072,0.261504,,,False,0.41080849890550086,0.25518014984378157
8.064,TARGET_2,0.41767,0.259015,,,False,0.4103398089601032,0.25258841499892704
8.128,TARGET_2,0.418268,0.256526,0.42856,0.271176,True,0.42032749753764687,0.2618464525049007
8.192,TARGET_2,0.418866,0.254036,0.423996,0.261919,True,0.4220486164923803,0.26081533577340116
8.256,TARGET_2,0.419464,0.251547,0.414479,0.237739,True,0.4189894738682663,0.2500573588290878
8.32,TARGET_2,0.420062,0.249058,0.407931,0.257153,True,0.4145229024521893,0.2515038909625659
8.384,TARGET_2,0.42066,0.246569,0.439226,0.240641,True,0.4242306089180867,0.24586390200984692
8.448,TARGET_2,0.421258,0.24408,0.422514,0.238655,True,0.42373796623224746,0.24157538188854166
8.512,TARGET_2,0.421856,0.24159,0.409886,0.240646,True,0.4184137609912602,0.2397125206981306
8.576,TARGET_2,0.422454,0.239101,,,False,0.41836778436132105,0.23727188567423643
8.64,TARGET_2,0.423052,0.236612,0.441176,0.220649,True,0.42941963012380807,0.2279444573219038
8.704,TARGET_2,0.42365,0.234123,0.440467,0.253043,True,0.4344925887119892,0.237126139736386
8.768,TARGET_2,0.424248,0.231634,0.416206,0.223338,True,0.4274957668376804,0.23021122754582346
8.832,TARGET_2,0.424846,0.229144,0.409012,0.214464,True,0.42031612560642184,0.22244784782501642
8.896,TARGET_2,0.425444,0.226655,0.432278,0.213845,True,0.42504927051152114,0.21738867257587977
8.96,TARGET_2,0.426042,0.224166,0.430117,0.224543,True,0.42719588187684054,0.21850386889824905
9.024,TARGET_2,0.42664,0.221677,0.411654,0.207407,True,0.4212452338436975,0.21252255341891244
9.088,TARGET_2,0.427238,0.219188,0.427884,0.215499,True,0.4238622259178077,0.21199860123659625
9.152,TARGET_2,0.427836,0.216699,0.437352,0.222019,True,0.42927941967972183,0.21433964527299085
9.216,TARGET_2,0.428433,0.214209,0.446931,0.203013,True,0.4365229635590394,0.20840435941828583
9.28,TARGET_2,0.429031,0.21172,0.413907,0.216089,True,0.42806425804436843,0.2098718579898213
9.344,TARGET_2,0.429629,0.209231,0.415665,0.196389,True,0.4233330873527694,0.2031017572761295
9.408,TARGET_2,0.430227,0.206742,0.413172,0.211098,True,0.4193168202031058,0.20468153096425415
9.472,TARGET_2,0.430825,0.204253,0.434574,0.213701,True,0.4252218130309555,0.2068090638096391
9.536,TARGET_2,0.431423,0.201763,0.425088,0.199255,True,0.42524477869626215,0.2025318633781678
9.6,TARGET_2,0.432021,0.199274,0.429498,0.201952,True,0.42700020233164804,0.20094140441136582
9.664,TARGET_2,0.432619,0.196785,0.433467,0.196153,True,0.4296871332712844,0.19770813090961203
9.728,TARGET_2,0.433217,0.194296,0.44992,0.182236,True,0.4379053721820121,0.19021273803038566
9.792,TARGET_2,0.433815,0.191807,,,False,0.43869906059295505,0.187646644271144
9.856,TARGET_2,0.434413,0.189317,0.452235,0.17989,True,0.44567984390052273,0.18256024004299948
9.92,TARGET_2,0.435011,0.186828,0.433913,0.206395,True,0.4412688364987411,0.19126457577267314
9.984,TARGET_2,0.435609,0.184339,0.448041,0.179651,True,0.4445289096684086,0.1852882606197045
10.048,TARGET_2,0.436207,0.18185,0.434999,0.191747,True,0.4412868267812734,0.18650417406582978
10.112,TARGET_2,0.436805,0.179361,0.417421,0.185806,True,0.4322370458397507,0.18496398969133282
10.176,TARGET_2,0.437403,0.176872,0.437146,0.170172,True,0.43429334657791463,0.1778544031391718
10.24,TARGET_2,0.438001,0.174382,0.427217,0.187359,True,0.4316657877008125,0.18019916392430343
10.304,TARGET_2,0.438599,0.171893,0.425246,0.179023,True,0.4292003693187343,0.17847428911994265
10.368,TARGET_2,0.439197,0.169404,0.434317,0.188183,True,0.43121224075959397,0.1810686485655268
10.432,TARGET_2,0.439795,0.166915,0.457751,0.159977,True,0.4417694783925477,0.17163397246984968
10.496,TARGET_2,0.440392,0.164426,0.45393,0.182172,True,0.44699311295632843,0.17445522678345154
10.56,TARGET_2,0.44099,0.161936,0.457453,0.146688,True,0.4516982423215317,0.16229141411277448
10.624,TARGET_2,0.441588,0.159447,0.452875,0.1534,True,0.45285825415543807,0.15724919069915014
10.688,TARGET_2,0.442186,0.156958,0.447266,0.157442,True,0.4513402148007838,0.15571581358826275
10.752,TARGET_2,0.442784,0.154469,0.447858,0.141283,True,0.4505664107142807,0.1484336553253108
10.816,TARGET_2,0.443382,0.15198,,,False,0.45146626049190225,0.14557022198215283
10.88,TARGET_2,0.44398,0.14949,0.448758,0.130727,True,0.4506141864699767,0.13688998281477344
10.944,TARGET_2,0.444578,0.147001,0.439187,0.138341,True,0.44615932962922683,0.13569786741420037
11.008,TARGET_2,0.445176,0.144512,,,False,0.4466716809906478,0.13262273865112442
11.072,TARGET_2,0.445774,0.142023,0.459763,0.132134,True,0.4534237696185158,0.13083057644133064
11.136,TARGET_2,0.446372,0.139534,0.448327,0.137322,True,0.4516981262250852,0.13194204469993642
11.2,TARGET_2,0.44697,0.137045,0.453956,0.117585,True,0.45304450423075965,0.12441297655940341
11.264,TARGET_2,0.447568,0.134555,0.432125,0.133159,True,0.44509807919560024,0.12610120774160496
11.328,TARGET_2,0.448166,0.132066,0.457008,0.140994,True,0.44999427441648493,0.13035117354450124
11.392,TARGET_2,0.448764,0.129577,0.433652,0.123237,True,0.4438318053863275,0.12609076713900086
11.456,TARGET_2,0.449362,0.127088,,,False,0.4439802431268437,0.12359953584795161
11.52,TARGET_2,0.44996,0.124599,0.432844,0.127273,True,0.4386478848203002,0.12410240237969364
11.584,TARGET_2,0.450558,0.122109,0.440496,0.122394,True,0.43935443519626505,0.1220420383456661
11.648,TARGET_2,0.451156,0.11962,0.4475,0.136411,True,0.4426228801232115,0.12655315769324688
11.712,TARGET_2,0.451753,0.117131,0.438591,0.11647,True,0.44105495044500737,0.12135350524134032
11.776,TARGET_2,0.452351,0.114642,0.471551,0.098386,True,0.45317397353905453,0.11094720954576213
11.84,TARGET_2,0.452949,0.112153,,,False,0.45384098783758875,0.1083686808997694
11.904,TARGET_2,0.453547,0.109663,0.458347,0.127676,True,0.45637395025939853,0.11642778685957396
11.968,TARGET_2,0.454145,0.107174,0.449113,0.12664,True,0.453690260780405,0.11968468158214324
12.032,TARGET_2,0.454743,0.104685,,,False,0.45426964482041066,0.1179832144297075
12.096,TARGET_2,0.455341,0.102196,0.469465,0.118026,True,0.4620996252357223,0.11714702487998815
12.16,TARGET_2,0.455939,0.099707,0.465365,0.115753,True,0.46406804607108404,0.11560564481120184
12.224,TARGET_2,0.456537,0.097218,0.453798,0.086214,True,0.4604623178802749,0.10257547826295955
12.288,TARGET_2,0.457135,0.094728,0.468918,0.098616,True,0.46431891119885493,0.09962366559406752
12.352,TARGET_2,0.457733,0.092239,0.457712,0.096455,True,0.46226056705777757,0.09696969502618452
12.416,TARGET_2,0.458331,0.08975,0.443436,0.072255,True,0.4552678259455994,0.08576427467443062
12.48,TARGET_2,0.458929,0.087261,0.462859,0.080812,True,0.4584802990789268,0.08209394516971256
12.544,TARGET_2,0.459527,0.084772,0.463588,0.092207,True,0.46080606535919416,0.08435766636529754
12.608,TARGET_2,0.460125,0.082282,0.447734,0.06583,True,0.4559996150370401,0.07546200822079262
12.672,TARGET_2,0.460723,0.079793,0.448142,0.086686,True,0.4530726790602143,0.07812482742261503
12.736,TARGET_2,0.461321,0.077304,0.463456,0.065189,True,0.457253913311241,0.07141820536025839
12.8,TARGET_2,0.461919,0.074815,0.458259,0.081748,True,0.45786227435795035,0.07377914845284128
12.864,TARGET_2,0.462517,0.072326,0.474546,0.077354,True,0.46468359777300494,0.07364459713958084
12.928,TARGET_2,0.463115,0.069836,0.480768,0.051439,True,0.4714873864343902,0.06339117676034307
12.992,TARGET_2,0.463712,0.067347,0.44471,0.068243,True,0.4615372059222915,0.0635783791463532
13.056,TARGET_2,0.46431,0.064858,0.456446,0.072956,True,0.4597936789773665,0.06566030261108259
13.12,TARGET_2,0.464908,0.062369,0.467618,0.05887,True,0.4630863114590371,0.061506979191375835
13.184,TARGET_2,0.465506,0.05988,0.473303,0.066799,True,0.467426474112402,0.062075914423812606
13.248,TARGET_2,0.466104,0.057391,0.46269,0.038012,True,0.4659805274955684,0.05113394307991104
13.312,TARGET_2,0.466702,0.054901,0.484861,0.041933,True,0.47380643225541946,0.045781105810256954
13.376,TARGET_2,0.4673,0.052412,0.475872,0.059861,True,0.47522484164455003,0.04955467264183116
13.44,TARGET_2,0.467898,0.049923,0.473437,0.04594,True,0.4751328959709243,0.04655603772502978
13.504,TARGET_2,0.468496,0.047434,0.46542,0.046675,True,0.47186735131243596,0.04502105149374947
13.568,TARGET_2,0.469094,0.044945,,,False,0.47258593360425455,0.04246401132142483
13.632,TARGET_2,0.469692,0.042455,0.452682,0.056449,True,0.4632912707366094,0.047938939273344514
13.696,TARGET_2,0.47029,0.039966,,,False,0.46345584927412303,0.045826284554928716
13.76,TARGET_2,0.470888,0.037477,0.477877,0.055553,True,0.4709329171615354,0.04978628650924899
13.824,TARGET_2,0.471486,0.034988,0.485253,0.019572,True,0.47753952882301226,0.03551296440150316
13.888,TARGET_2,0.472084,0.032499,0.480879,0.036402,True,0.4794410764810696,0.03443196748312978
13.952,TARGET_2,0.472682,0.030009,0.455787,0.042722,True,0.4704976301227107,0.03633725403369393
14.016,TARGET_2,0.47328,0.02752,0.466991,0.040104,True,0.46934238347390866,0.036542411261244565
14.08,TARGET_2,0.473878,0.025031,0.491677,0.037395,True,0.4783866326997723,0.035662283636796986
14.144,TARGET_2,0.474476,0.022542,,,False,0.4791880269197362,0.0337075032638142
14.208,TARGET_2,0.475074,0.020053,0.456903,0.036166,True,0.46877650196486015,0.03389622184295707
14.272,TARGET_2,0.475671,0.017564,0.486645,0.03493,True,0.47656245187020335,0.033293797472302225
14.336,TARGET_2,0.476269,0.015074,0.48722,0.021314,True,0.48127715575367336,0.02734900055375826
14.4,TARGET_2,0.476867,0.012585,0.460003,0.025661,True,0.473247219900262,0.025474109391964126
14.464,TARGET_2,0.477465,0.010096,0.473417,-0.005004,True,0.4735173017820832,0.012154835785676475
14.528,TARGET_2,0.478063,0.007607,0.462674,0.018773,True,0.4694199467570201,0.013192796978264866
14.592,TARGET_2,0.478661,0.005118,0.469615,-0.005613,True,0.4695480363916657,0.0042847004897995245
14.656,TARGET_2,0.479259,0.002628,0.488857,-0.006299,True,0.4772421157969953,-0.0015868872186079156
14.72,TARGET_2,0.479857,0.000139,,,False,0.4777563890384893,-0.0045456558406420395
14.784,TARGET_2,0.480455,-0.00235,0.497871,-0.000487,True,0.4877879443301956,-0.004096992976985835
14.848,TARGET_2,0.481053,-0.004839,0.489795,-0.019939,True,0.489244206291704,-0.01248695619059333
14.912,TARGET_2,0.481651,-0.007328,0.494939,-0.007429,True,0.4922021817962427,-0.012238927733188467
14.976,TARGET_2,0.482249,-0.009818,0.463171,-0.017774,True,0.48126569274821024,-0.016192845483735792
15.04,TARGET_2,0.482847,-0.012307,0.496974,-0.020824,True,0.48780946136404935,-0.019814382967228098
15.104,TARGET_2,0.483445,-0.014796,0.476896,-0.032824,True,0.4839860571550833,-0.026777448664526603
15.168,TARGET_2,0.484043,-0.017285,,,False,0.48455757505141234,-0.02999243144178533
15.232,TARGET_2,0.484641,-0.019774,0.500936,-0.030448,True,0.49280660346274663,-0.031867150016064605
15.296,TARGET_2,0.485239,-0.022263,0.471679,-0.041078,True,0.48429062549323043,-0.03761778842979465
15.36,TARGET_2,0.485837,-0.024753,,,False,0.4847610821538313,-0.040902847359046986
15.424,TARGET_2,0.486435,-0.027242,0.498624,-0.031688,True,0.49187491452920434,-0.037987285452294635
15.488,TARGET_2,0.487033,-0.029731,0.493144,-0.029876,True,0.49289748400706845,-0.03614007593775968
15.552,TARGET_2,0.48763,-0.03222,,,False,0.4937417744203373,-0.03882301306992779
15.616,TARGET_2,0.488228,-0.034709,0.48943,-0.041961,True,0.49202364523724273,-0.041732097187655644
15.68,TARGET_2,0.488826,-0.037199,0.489772,-0.042959,True,0.4914459521166691,-0.04379046617248285
15.744,TARGET_2,0.489424,-0.039688,0.49382,-0.041869,True,0.4927941700394497,-0.04457078414322476
15.808,TARGET_2,0.490022,-0.042177,,,False,0.4934679181353964,-0.0471274899689731
15.872,TARGET_2,0.49062,-0.044666,0.509152,-0.028582,True,0.5014939407404934,-0.03934804080844163
15.936,TARGET_2,0.491218,-0.047155,0.495246,-0.029684,True,0.49941174526530524,-0.03631178631804565
16.0,TARGET_2,0.491816,-0.049645,0.482683,-0.069345,True,0.4930955540653002,-0.05084932860923158
16.064,TARGET_2,0.492414,-0.052134,0.49567,-0.037587,True,0.49442967973395274,-0.046983099428452454
16.128,TARGET_2,0.493012,-0.054623,,,False,0.4949797960668256,-0.04905616663222555
16.192,TARGET_2,0.49361,-0.057112,0.48795,-0.074334,True,0.4918383214885646,-0.06243048632401164
16.256,TARGET_2,0.494208,-0.059601,,,False,0.49218502493700084,-0.06512627159749275
16.32,TARGET_2,0.494806,-0.06209,,,False,0.4925317283854371,-0.06782205687097387
16.384,TARGET_2,0.495404,-0.06458,0.50025,-0.058921,True,0.4971599104754796,-0.06378228319246436
16.448,TARGET_2,0.496002,-0.067069,0.500246,-0.077735,True,0.49889405744494925,-0.07148220725843328
16.512,TARGET_2,0.4966,-0.069558,0.482384,-0.077971,True,0.4923194833999249,-0.07573178960243888
16.576,TARGET_2,0.497198,-0.072047,0.505325,-0.090516,True,0.49773335049033335,-0.08333406349058549
16.64,TARGET_2,0.497796,-0.074536,0.490135,-0.085664,True,0.49501891705412165,-0.08605548534140436
16.704,TARGET_2,0.498394,-0.077026,0.488944,-0.074077,True,0.492818732816983,-0.08309116541420124
16.768,TARGET_2,0.498992,-0.079515,0.506182,-0.065503,True,0.49823636946989847,-0.07771714394382427
16.832,TARGET_2,0.499589,-0.082004,0.518634,-0.063957,True,0.5066111221659285,-0.07359231240691332
16.896,TARGET_2,0.500187,-0.084493,0.480588,-0.098154,True,0.4968822015630049,-0.08441906232099035
16.96,TARGET_2,0.500785,-0.086982,0.520314,-0.105909,True,0.5063606957233117,-0.09433583298460632
17.024,TARGET_2,0.501383,-0.089472,0.514092,-0.071287,True,0.5099371638614214,-0.08688568663564165
17.088,TARGET_2,0.501981,-0.091961,0.484099,-0.073234,True,0.5003219462282491,-0.08280649167815937
17.152,TARGET_2,0.502579,-0.09445,0.486372,-0.084427,True,0.4950496333961381,-0.08455758294272732
17.216,TARGET_2,0.503177,-0.096939,,,False,0.49514018769343077,-0.08638937581558455
17.28,TARGET_2,0.503775,-0.099428,0.489349,-0.108791,True,0.4923745081031742,-0.09821008852646039
17.344,TARGET_2,0.504373,-0.101917,0.489049,-0.104057,True,0.49090615776420987,-0.10208354282421268
17.408,TARGET_2,0.504971,-0.104407,0.505451,-0.102131,True,0.4967698203384443,-0.10356106331253281
17.472,TARGET_2,0.505569,-0.106896,0.513388,-0.098024,True,0.503544342511059,-0.10278683446340098
17.536,TARGET_2,0.506167,-0.109385,0.4909,-0.098585,True,0.49885116634326054,-0.10246208353450822
17.6,TARGET_2,0.506765,-0.111874,0.512751,-0.097996,True,0.5045192299765285,-0.10195417326382286
17.664,TARGET_2,0.507363,-0.114363,0.503994,-0.113517,True,0.5046527287097791,-0.10770759554508724
17.728,TARGET_2,0.507961,-0.116853,0.499891,-0.100201,True,0.5030951065540479,-0.10604165114993928
17.792,TARGET_2,0.508559,-0.119342,0.518388,-0.103357,True,0.5094023028481999,-0.10615437265276345
17.856,TARGET_2,0.509157,-0.121831,0.491433,-0.107484,True,0.5027475236170639,-0.10779334001956792
17.92,TARGET_2,0.509755,-0.12432,0.521372,-0.140452,True,0.5103209124315646,-0.12182218187639866
17.984,TARGET_2,0.510353,-0.126809,0.508658,-0.131651,True,0.5101126876314618,-0.1272321027096967
18.048,TARGET_2,0.510951,-0.129299,0.497158,-0.1229,True,0.5054039448200208,-0.12713696402738156
18.112,TARGET_2,0.511548,-0.131788,0.503277,-0.130811,True,0.5047961347035103,-0.130115508184732
18.176,TARGET_2,0.512146,-0.134277,0.495158,-0.139406,True,0.5011823516015727,-0.13533194944038643
18.24,TARGET_2,0.512744,-0.136766,0.528222,-0.121717,True,0.5119477097592054,-0.13157549291750203
18.304,TARGET_2,0.513342,-0.139255,,,False,0.5126562296826344,-0.1339111772522163
18.368,TARGET_2,0.51394,-0.141744,0.513415,-0.147122,True,0.5133891491001735,-0.141527374929613
18.432,TARGET_2,0.514538,-0.144234,0.526133,-0.156465,True,0.5192725310539924,-0.14944732198605448
18.496,TARGET_2,0.515136,-0.146723,0.526564,-0.138106,True,0.5228433037937741,-0.14653455748627275
18.56,TARGET_2,0.515734,-0.149212,0.50846,-0.141018,True,0.5177602768445437,-0.14587922043406112
18.624,TARGET_2,0.516332,-0.151701,0.518933,-0.15143,True,0.5187036356305469,-0.14954136391169193
18.688,TARGET_2,0.51693,-0.15419,0.503273,-0.162319,True,0.5130704805632277,-0.15610622787664338
18.752,TARGET_2,0.517528,-0.15668,0.516125,-0.141878,True,0.5145454914465645,-0.15211256453641075
18.816,TARGET_2,0.518126,-0.159169,0.525203,-0.139728,True,0.5190640337380094,-0.14862378309265126
18.88,TARGET_2,0.518724,-0.161658,0.533869,-0.1496,True,0.5253596985838568,-0.15022471828614203
18.944,TARGET_2,0.519322,-0.164147,0.528767,-0.16727,True,0.5273346341467381,-0.15817002057790824
19.008,TARGET_2,0.51992,-0.166636,0.538795,-0.182459,True,0.5325279047820779,-0.1691840249602115
19.072,TARGET_2,0.520518,-0.169126,0.511652,-0.183477,True,0.5250656715491223,-0.17653824675381136
19.136,TARGET_2,0.521116,-0.171615,,,False,0.5258922599534468,-0.17960474703640406
19.2,TARGET_2,0.521714,-0.174104,,,False,0.5267188483577713,-0.18267124731899675
19.264,TARGET_2,0.522312,-0.176593,0.530917,-0.192627,True,0.529428119969192,-0.18958471083043218
19.328,TARGET_2,0.52291,-0.179082,0.516672,-0.162605,True,0.5241343922024282,-0.1791031270789273
19.392,TARGET_2,0.523507,-0.181572,0.522923,-0.175301,True,0.5239719000335066,-0.1789849332545081
19.456,TARGET_2,0.524105,-0.184061,0.509557,-0.183719,True,0.5184727803681587,-0.18231912442574244
19.52,TARGET_2,0.524703,-0.18655,,,False,0.5186888263696714,-0.1847559717314363
19.584,TARGET_2,0.525301,-0.189039,,,False,0.5189048723711841,-0.18719281903713014
19.648,TARGET_2,0.525899,-0.191528,0.514884,-0.183864,True,0.5167477007493072,-0.1864001538123135
19.712,TARGET_2,0.526497,-0.194017,0.520239,-0.208866,True,0.5183849110942947,-0.19785846534489498
19.776,TARGET_2,0.527095,-0.196507,0.511163,-0.199656,True,0.5154643760300527,-0.20021563421283908
19.84,TARGET_2,0.527693,-0.198996,0.541394,-0.218913,True,0.5259479916832952,-0.2094047435948088
19.904,TARGET_2,0.528291,-0.201485,,,False,0.5265293701660156,-0.21249823214893573
19.968,TARGET_2,0.528889,-0.203974,0.54004,-0.210409,True,0.5334184549429064,-0.2130632618533212
20.032,TARGET_2,0.529487,-0.206463,0.54924,-0.193876,True,0.540759462642412,-0.20648354103150388
20.096,TARGET_2,0.530085,-0.208953,0.537338,-0.192317,True,0.540115857871698,-0.20212223308252103
20.16,TARGET_2,0.530683,-0.211442,0.537936,-0.223939,True,0.5399453103226383,-0.21209890035116952
20.224,TARGET_2,0.531281,-0.213931,0.512155,-0.201699,True,0.5295569104774588,-0.2094666451778206
20.288,TARGET_2,0.531879,-0.21642,,,False,0.5300135058395657,-0.21167524209565353
20.352,TARGET_2,0.532477,-0.218909,,,False,0.5304701012016727,-0.21388383901348645
20.416,TARGET_2,0.533075,-0.221399,0.523589,-0.20664,True,0.5268264557071729,-0.21081049715623193
20.48,TARGET_2,0.533673,-0.223888,0.542994,-0.205691,True,0.534307563253157,-0.20953056540870563
20.544,TARGET_2,0.534271,-0.226377,0.527082,-0.239829,True,0.5316509948366183,-0.22321888936066933
20.608,TARGET_2,0.534869,-0.228866,0.549774,-0.228522,True,0.5392439964806326,-0.22679409377111837
20.672,TARGET_2,0.535466,-0.231355,0.551624,-0.228343,True,0.5446883686215582,-0.22889520200683908
20.736,TARGET_2,0.536064,-0.233844,0.527156,-0.249955,True,0.5383941174190667,-0.2387279211913773
20.8,TARGET_2,0.536662,-0.236334,0.51852,-0.254079,True,0.5309367778018265,-0.24653509154078593
20.864,TARGET_2,0.53726,-0.238823,,,False,0.531165336084287,-0.24967263575146478
20.928,TARGET_2,0.537858,-0.241312,0.551705,-0.241791,True,0.5412574259389822,-0.2474590173312527
20.992,TARGET_2,0.538456,-0.243801,,,False,0.5420315519379555,-0.2503005801730026
21.056,TARGET_2,0.539054,-0.24629,0.538508,-0.241452,True,0.540601158723278,-0.24714561529337453
21.12,TARGET_2,0.539652,-0.24878,0.533981,-0.268717,True,0.5380592446671546,-0.2580332820607477
21.184,TARGET_2,0.54025,-0.251269,,,False,0.5385388303876423,-0.26100557003125513
21.248,TARGET_2,0.540848,-0.253758,0.544898,-0.242607,True,0.5419505182398912,-0.25332037960585463
21.312,TARGET_2,0.541446,-0.256247,0.539011,-0.261609,True,0.5410353611182187,-0.2582736304558613
21.376,TARGET_2,0.542044,-0.258736,0.541028,-0.26627,True,0.5413590092909415,-0.2630491448866577
21.44,TARGET_2,0.542642,-0.261226,0.541428,-0.279187,True,0.5417108561692776,-0.2711159416954005
21.504,TARGET_2,0.54324,-0.263715,,,False,0.5422417972626647,-0.27407243861078984
21.568,TARGET_2,0.543838,-0.266204,0.551456,-0.252564,True,0.5470023187214833,-0.2651121679351446
21.632,TARGET_2,0.544436,-0.268693,0.533057,-0.272189,True,0.5414355871034562,-0.26946822315836694
21.696,TARGET_2,0.545034,-0.271182,,,False,0.54185046625224,-0.2718818711655458
21.76,TARGET_2,0.545632,-0.273671,0.556291,-0.262381,True,0.5492242192423243,-0.2683840919935041
21.824,TARGET_2,0.54623,-0.276161,,,False,0.5500197152035184,-0.27047441346523166
21.888,TARGET_2,0.546828,-0.27865,,,False,0.5508152111647125,-0.2725647349369592
21.952,TARGET_2,0.547425,-0.281139,0.539135,-0.287959,True,0.5443406044949657,-0.28240780615897937
22.016,TARGET_2,0.548023,-0.283628,,,False,0.5447503591953722,-0.2849094774582212
22.08,TARGET_2,0.548621,-0.286117,0.565115,-0.300734,True,0.5559075104783998,-0.2945866327550651
22.144,TARGET_2,0.549219,-0.288607,0.561348,-0.271973,True,0.5588832769176154,-0.2860551037137643
22.208,TARGET_2,0.549817,-0.291096,0.567773,-0.301348,True,0.5632095100123307,-0.2937335405183071
22.272,TARGET_2,0.550415,-0.293585,0.563491,-0.305753,True,0.5640759864191609,-0.300108433059871
22.336,TARGET_2,0.551013,-0.296074,0.53144,-0.300777,True,0.55182232783288,-0.3020440680633884
22.4,TARGET_2,0.551611,-0.298563,,,False,0.5523117923061603,-0.30477187972057296
22.464,TARGET_2,0.552209,-0.301053,0.542455,-0.290987,True,0.5477712937969237,-0.2994718385859251
22.528,TARGET_2,0.552807,-0.303542,0.568957,-0.300976,True,0.5570036893461396,-0.3014210744411075
22.592,TARGET_2,0.553405,-0.306031,,,False,0.5577136988751723,-0.3036876362911272
22.656,TARGET_2,0.554003,-0.30852,0.564447,-0.294858,True,0.5614119335944794,-0.3004492448653002
22.72,TARGET_2,0.554601,-0.311009,,,False,0.5622855714850498,-0.30241436809288935
22.784,TARGET_2,0.555199,-0.313498,0.539906,-0.322945,True,0.5511666609925079,-0.31395441740916225
22.848,TARGET_2,0.555797,-0.315988,0.564258,-0.335051,True,0.5570554304197888,-0.3246323045822277
22.912,TARGET_2,0.556395,-0.318477,0.573875,-0.336315,True,0.5643103036872209,-0.3311748220633016
22.976,TARGET_2,0.556993,-0.320966,0.540263,-0.324902,True,0.5551782389688417,-0.3305222570812413
23.04,TARGET_2,0.557591,-0.323455,0.549775,-0.335711,True,0.5532352802983167,-0.33434466068421886
23.104,TARGET_2,0.558189,-0.325944,0.547577,-0.327267,True,0.5511230433662725,-0.3333298534639471
23.168,TARGET_2,0.558787,-0.328434,0.539202,-0.321382,True,0.5464553486141208,-0.33025739966506484
23.232,TARGET_2,0.559384,-0.330923,,,False,0.5462756890668208,-0.3326766309171937
23.296,TARGET_2,0.559982,-0.333412,0.550198,-0.337933,True,0.5480880999276777,-0.33647368249817455
23.36,TARGET_2,0.56058,-0.335901,0.567479,-0.350459,True,0.5563856750057535,-0.3439092368051776
23.424,TARGET_2,0.561178,-0.33839,0.56054,-0.334155,True,0.5583174476918825,-0.34155551665241746
23.488,TARGET_2,0.561776,-0.34088,0.552687,-0.360087,True,0.5563472402020219,-0.3504726237149217
23.552,TARGET_2,0.562374,-0.343369,0.556016,-0.357884,True,0.5564216374032338,-0.3551323454378351
23.616,TARGET_2,0.562972,-0.345858,0.551008,-0.349517,True,0.5544730800419274,-0.3546837637380016
23.68,TARGET_2,0.56357,-0.348347,0.573708,-0.365832,True,0.5622096459277068,-0.3607616950144596
23.744,TARGET_2,0.564168,-0.350836,,,False,0.5628326611489767,-0.36370284069774583
23.808,TARGET_2,0.564766,-0.353325,,,False,0.5634556763702465,-0.36664398638103207
23.872,TARGET_2,0.565364,-0.355815,0.569668,-0.342694,True,0.5672001327251746,-0.3545673374425736
23.936,TARGET_2,0.565962,-0.358304,0.575223,-0.34972,True,0.571280125686318,-0.3535236174683113
24.0,TARGET_2,0.56656,-0.360793,0.551103,-0.380672,True,0.5634072755001881,-0.36601431077113916
24.064,TARGET_2,0.567158,-0.363282,0.549212,-0.362095,True,0.5579586459097372,-0.365938844702712
24.128,TARGET_2,0.567756,-0.365771,0.584411,-0.376599,True,0.5686045047938703,-0.37162660817780196
24.192,TARGET_2,0.568354,-0.368261,0.567311,-0.356242,True,0.5685387628182936,-0.3670735815941339
24.256,TARGET_2,0.568952,-0.37075,0.560909,-0.387415,True,0.5659378586087498,-0.3764425832936933
24.32,TARGET_2,0.56955,-0.373239,0.587288,-0.385944,True,0.5746972214460438,-0.3817603550447628
24.384,TARGET_2,0.570148,-0.375728,0.55064,-0.361201,True,0.5657667530756305,-0.3752752304915835
24.448,TARGET_2,0.570746,-0.378217,0.582895,-0.387924,True,0.5727970551799351,-0.3816176505410885
24.512,TARGET_2,0.571343,-0.380707,0.57814,-0.384535,True,0.5753887549527409,-0.38424976080498696
24.576,TARGET_2,0.571941,-0.383196,0.582149,-0.376695,True,0.5786025833923621,-0.382744333897994
24.64,TARGET_2,0.572539,-0.385685,0.56322,-0.384829,True,0.5731332592923314,-0.3849185681890447
24.704,TARGET_2,0.573137,-0.388174,0.590605,-0.374402,True,0.5804439727079358,-0.3821043482762245
24.768,TARGET_2,0.573735,-0.390663,0.586756,-0.407671,True,0.5835649555767096,-0.3933971264578423
24.832,TARGET_2,0.574333,-0.393152,0.559651,-0.395667,True,0.5747962911506549,-0.39578899482665897
24.896,TARGET_2,0.574931,-0.395642,0.56146,-0.389171,True,0.5698760747555275,-0.39466115640730853
24.96,TARGET_2,0.575529,-0.398131,0.559775,-0.407426,True,0.5660486834223253,-0.40108096299355556
25.024,TARGET_2,0.576127,-0.40062,,,False,0.5660982642216034,-0.4035797028001174
25.088,TARGET_2,0.576725,-0.403109,,,False,0.5661478450208814,-0.40607844260667925
25.152,TARGET_2,0.577323,-0.405598,0.59413,-0.404276,True,0.5817954594529549,-0.4061753275927519
25.216,TARGET_2,0.577921,-0.408088,0.565438,-0.415848,True,0.5748452530573659,-0.4118651246273961
25.28,TARGET_2,0.578519,-0.410577,0.583755,-0.40381,True,0.5788436147586143,-0.4099798565512581
25.344,TARGET_2,0.579117,-0.413066,0.577023,-0.396582,True,0.5785019956545896,-0.4059380369025836
25.408,TARGET_2,0.579715,-0.415555,0.564443,-0.42355,True,0.5732593274923569,-0.41413798821150033
25.472,TARGET_2,0.580313,-0.418044,0.573336,-0.400637,True,0.5734593626494959,-0.4101702066667001
25.536,TARGET_2,0.580911,-0.420534,0.564827,-0.402378,True,0.5702078099281814,-0.408263548127547
25.6,TARGET_2,0.581509,-0.423023,0.594619,-0.439209,True,0.5799167073133874,-0.4215599029794538
25.664,TARGET_2,0.580676,-0.420602,0.573644,-0.43385,True,0.577809056171525,-0.4278645021581326
25.728,TARGET_2,0.579843,-0.418181,,,False,0.5782753783239497,-0.43047010882302295
25.792,TARGET_2,0.57901,-0.41576,0.568369,-0.413357,True,0.5737052356590123,-0.42350129299064265
25.856,TARGET_2,0.578178,-0.41334,0.594588,-0.401777,True,0.5827899028746232,-0.41534516803362065
25.92,TARGET_2,0.577345,-0.410919,0.585998,-0.41048,True,0.5845036182421082,-0.41424769040185483
25.984,TARGET_2,0.576512,-0.408498,0.573711,-0.404264,True,0.5806189578293394,-0.41106385537403667
26.048,TARGET_2,0.57568,-0.406077,0.555968,-0.406499,True,0.571105573661979,-0.4099184000173719
26.112,TARGET_2,0.574847,-0.403656,0.564524,-0.393292,True,0.5684485464243466,-0.4039227006074731
26.176,TARGET_2,0.574014,-0.401236,0.582373,-0.381656,True,0.5738260949195114,-0.39546560557097055
26.24,TARGET_2,0.573182,-0.398815,0.579047,-0.3904,True,0.5759468761000393,-0.3935126619685834
26.304,TARGET_2,0.572349,-0.396394,0.589738,-0.412501,True,0.5815276600863644,-0.4010090799085472
26.368,TARGET_2,0.571516,-0.393973,0.584503,-0.397726,True,0.5830112240673796,-0.39994829524655545
26.432,TARGET_2,0.570683,-0.391553,0.573802,-0.384224,True,0.5797066278342186,-0.39391513070911366
26.496,TARGET_2,0.569851,-0.389132,0.576598,-0.377856,True,0.5786845520926247,-0.3875337105704349
26.56,TARGET_2,0.569018,-0.386711,0.577306,-0.398013,True,0.5783006061630886,-0.39143799400253415
26.624,TARGET_2,0.568185,-0.38429,0.577802,-0.368662,True,0.5782427093843026,-0.3823296373532059
26.688,TARGET_2,0.567353,-0.381869,0.550768,-0.393386,True,0.5675006540128087,-0.3863043660996693
26.752,TARGET_2,0.56652,-0.379449,,,False,0.5670986986791974,-0.3859029329470683
26.816,TARGET_2,0.565687,-0.377028,0.578264,-0.385544,True,0.5723133401153324,-0.38552213619290127
26.88,TARGET_2,0.564854,-0.374607,0.5759,-0.384293,True,0.5738033178643863,-0.3847655162630903
26.944,TARGET_2,0.564022,-0.372186,0.54821,-0.357706,True,0.563333218135403,-0.37344974375832607
27.008,TARGET_2,0.563189,-0.369765,0.566077,-0.384896,True,0.5640828081155558,-0.37742390422593586
27.072,TARGET_2,0.562356,-0.367345,0.549148,-0.368461,True,0.5578371353469308,-0.3734107153736476
27.136,TARGET_2,0.561524,-0.364924,0.543483,-0.362418,True,0.5516459768262733,-0.36849290085682745
27.2,TARGET_2,0.560691,-0.362503,0.550519,-0.354106,True,0.5505163835304514,-0.3621009122944308
27.264,TARGET_2,0.559858,-0.360082,0.573621,-0.378831,True,0.5589764046987077,-0.3678477870474522
27.328,TARGET_2,0.559025,-0.357662,0.568453,-0.345993,True,0.5623683130448923,-0.3585701350435603
27.392,TARGET_2,0.558193,-0.355241,0.563439,-0.335451,True,0.5625693850068278,-0.3485126550993586
27.456,TARGET_2,0.55736,-0.35282,0.55654,-0.342869,True,0.5599804252462565,-0.3450792865064103
27.52,TARGET_2,0.556527,-0.350399,0.574618,-0.352795,True,0.5654925165609856,-0.3468828374200438
27.584,TARGET_2,0.555695,-0.347978,0.541621,-0.358226,True,0.5559701429541228,-0.3502533380829555
27.648,TARGET_2,0.554862,-0.345558,0.541854,-0.365412,True,0.5499884597014066,-0.35531106264699625
27.712,TARGET_2,0.554029,-0.343137,0.564567,-0.362636,True,0.5551799108495793,-0.357493893014032
27.776,TARGET_2,0.553196,-0.340716,0.556135,-0.331736,True,0.5551896355507538,-0.34670064508951576
27.84,TARGET_2,0.552364,-0.338295,0.546054,-0.321104,True,0.5512276146584606,-0.33563814852619284
27.904,TARGET_2,0.551531,-0.335874,0.553025,-0.338928,True,0.5514765172622114,-0.33568222688782823
27.968,TARGET_2,0.550698,-0.333454,0.557353,-0.325407,True,0.5533739251747157,-0.33043101552431847
28.032,TARGET_2,0.549866,-0.331033,0.565942,-0.322715,True,0.5580076502442638,-0.3260806448756114
28.096,TARGET_2,0.549033,-0.328612,0.536102,-0.341437,True,0.5491772075754032,-0.3307847664818793
28.16,TARGET_2,0.5482,-0.326191,,,False,0.5484264649578314,-0.32890644178996337
28.224,TARGET_2,0.547368,-0.323771,0.5671,-0.331544,True,0.5571070707495835,-0.3292207785586226
28.288,TARGET_2,0.546535,-0.32135,0.537512,-0.3099,True,0.5485526385899251,-0.3199131215282373
28.352,TARGET_2,0.545702,-0.318929,0.528072,-0.311884,True,0.5397688718253575,-0.31534423695157066
28.416,TARGET_2,0.544869,-0.316508,,,False,0.5386308089558085,-0.31303714916410685
28.48,TARGET_2,0.544037,-0.314087,0.540464,-0.304763,True,0.538947209631216,-0.3078091150372172
28.544,TARGET_2,0.543204,-0.311667,0.555021,-0.329571,True,0.5452764033724525,-0.31578938523641503
28.608,TARGET_2,0.542371,-0.309246,0.54522,-0.305974,True,0.5448683429754366,-0.31065279751810393
28.672,TARGET_2,0.541539,-0.306825,0.534041,-0.291253,True,0.54014468995998,-0.3016329809110821
28.736,TARGET_2,0.540706,-0.304404,0.523556,-0.307145,True,0.5330269160393636,-0.3023436671489084
28.8,TARGET_2,0.539873,-0.301984,0.558347,-0.30511,True,0.5423296950879937,-0.3020628130456092
28.864,TARGET_2,0.53904,-0.299563,0.522756,-0.293087,True,0.5342024429663772,-0.29719856489015
28.928,TARGET_2,0.538208,-0.297142,0.538225,-0.30248,True,0.5351618569530584,-0.2978862271071875
28.992,TARGET_2,0.537375,-0.294721,0.52694,-0.29413,True,0.5313440835632616,-0.29509952204896217
29.056,TARGET_2,0.536542,-0.2923,0.528073,-0.28202,True,0.5293873477493104,-0.2886021484772421
29.12,TARGET_2,0.53571,-0.28988,,,False,0.5282428063308062,-0.28617217952200996
29.184,TARGET_2,0.534877,-0.287459,0.544676,-0.284552,True,0.535633245823522,-0.28413540896919864
29.248,TARGET_2,0.534044,-0.285038,0.550629,-0.269512,True,0.5416968747642343,-0.2764757468533175
29.312,TARGET_2,0.533211,-0.282617,0.550487,-0.262903,True,0.5451149292064528,-0.26932954698616474
29.376,TARGET_2,0.532379,-0.280196,0.529611,-0.293221,True,0.5388443138518083,-0.2771414363376633
29.44,TARGET_2,0.531546,-0.277776,0.521905,-0.286755,True,0.5318450629175153,-0.27955102557559713
29.504,TARGET_2,0.530713,-0.275355,0.529093,-0.280451,True,0.5302684021773416,-0.27865236419853795
29.568,TARGET_2,0.529881,-0.272934,0.522571,-0.282478,True,0.5267085694508603,-0.27895062991453823
29.632,TARGET_2,0.529048,-0.270513,0.534116,-0.279303,True,0.5290356343147391,-0.2779518129954845
29.696,TARGET_2,0.528215,-0.268093,,,False,0.5282222988339783,-0.2761177671977373
29.76,TARGET_2,0.527382,-0.265672,0.516252,-0.252462,True,0.5219916524163922,-0.2636880919031495
29.824,TARGET_2,0.52655,-0.263251,,,False,0.5208786273252031,-0.26126788811794666
29.888,TARGET_2,0.525717,-0.26083,0.539386,-0.27454,True,0.5298293964513764,-0.266896666700621
29.952,TARGET_2,0.524884,-0.258409,0.523768,-0.251746,True,0.5268494224706036,-0.2591290779030641
30.016,TARGET_2,0.524052,-0.255989,,,False,0.5261522836008516,-0.2568311543738384
30.08,TARGET_2,0.523219,-0.253568,,,False,0.5254551447310997,-0.2545332308446127
30.144,TARGET_2,0.522386,-0.251147,0.5354,-0.252608,True,0.5308111719842155,-0.25244729490937995
30.208,TARGET_2,0.521554,-0.248726,0.54144,-0.241152,True,0.5354745401602093,-0.24603618932388463
30.272,TARGET_2,0.520721,-0.246305,0.519622,-0.263562,True,0.5287694460455284,-0.25192559550974986
30.336,TARGET_2,0.519888,-0.243885,0.512307,-0.25714,True,0.5218342823024138,-0.25281348615034493
30.4,TARGET_2,0.519055,-0.241464,,,False,0.5210151828504308,-0.25092395968278347
30.464,TARGET_2,0.518223,-0.239043,,,False,0.5201960833984478,-0.249034433215222
30.528,TARGET_2,0.51739,-0.236622,0.505938,-0.22048,True,0.5118491657275974,-0.23220861605641077
30.592,TARGET_2,0.516557,-0.234202,0.502037,-0.245818,True,0.5067163090473327,-0.2369358222803909
30.656,TARGET_2,0.515725,-0.231781,,,False,0.5052813657215492,-0.2346437179023192
30.72,TARGET_2,0.514892,-0.22936,0.531886,-0.237403,True,0.5179569623510424,-0.2348936557654575
30.784,TARGET_2,0.514059,-0.226939,0.531172,-0.244132,True,0.523337285422183,-0.23770434599828283
30.848,TARGET_2,0.513226,-0.224518,0.521932,-0.233405,True,0.5225579165775371,-0.234827303529105
30.912,TARGET_2,0.512394,-0.222098,0.526959,-0.218506,True,0.5241056248265836,-0.2271136735665037
30.976,TARGET_2,0.511561,-0.219677,0.521918,-0.223523,True,0.5230785466103794,-0.22432469067061106
31.04,TARGET_2,0.510728,-0.217256,0.50151,-0.216826,True,0.5143448590297584,-0.2199704003963252
31.104,TARGET_2,0.509896,-0.214835,0.498195,-0.222273,True,0.5074818868528961,-0.21942957175431324
31.168,TARGET_2,0.509063,-0.212415,,,False,0.5063643460819406,-0.21712962596120597
31.232,TARGET_2,0.50823,-0.209994,,,False,0.5052468053109851,-0.2148296801680987
31.296,TARGET_2,0.507397,-0.207573,0.512594,-0.189237,True,0.5088566996635654,-0.19952107141933798
31.36,TARGET_2,0.506565,-0.205152,0.502742,-0.211902,True,0.5056063869575901,-0.20351286082822528
31.424,TARGET_2,0.505732,-0.202731,0.522509,-0.214416,True,0.512098211088598,-0.2065451320613101
31.488,TARGET_2,0.504899,-0.200311,0.516274,-0.204508,True,0.5134400337420354,-0.20434233182406789
31.552,TARGET_2,0.504067,-0.19789,0.514518,-0.2154,True,0.5135844772354841,-0.20736496670188867
31.616,TARGET_2,0.503234,-0.195469,,,False,0.5131439648839455,-0.2053527595050937
31.68,TARGET_2,0.502401,-0.193048,0.511865,-0.194896,True,0.5122956656391111,-0.19923348885750292
31.744,TARGET_2,0.501569,-0.190627,0.492072,-0.201305,True,0.5033328254034362,-0.19884881149688394
31.808,TARGET_2,0.500736,-0.188207,0.496828,-0.187701,True,0.5001211559964601,-0.19302609110139077
31.872,TARGET_2,0.499903,-0.185786,0.482835,-0.186919,True,0.4925577302605492,-0.18917553987434318
31.936,TARGET_2,0.49907,-0.183365,0.51649,-0.178035,True,0.5012182750939713,-0.18328489910359635
32.0,TARGET_2,0.498238,-0.180944,0.484942,-0.194607,True,0.49424911364214164,-0.18619226612973025
32.064,TARGET_2,0.497405,-0.178524,0.513524,-0.191894,True,0.5011561330556826,-0.18705513277518548
32.128,TARGET_2,0.496572,-0.176103,0.51572,-0.191816,True,0.5064705353599162,-0.187652007047682
32.192,TARGET_2,0.49574,-0.173682,0.481981,-0.164388,True,0.49653547405268106,-0.1772509552038559
32.256,TARGET_2,0.494907,-0.171261,0.493629,-0.164404,True,0.49481740948909614,-0.17068595606133116
32.32,TARGET_2,0.494074,-0.16884,0.508062,-0.182088,True,0.4994640914473831,-0.17357674849437707
32.384,TARGET_2,0.493241,-0.16642,0.501556,-0.14649,True,0.49988900024144367,-0.16142654030377343
32.448,TARGET_2,0.492409,-0.163999,,,False,0.4992837233518489,-0.1585069333207042
32.512,TARGET_2,0.491576,-0.161578,0.495084,-0.145294,True,0.4969330294335158,-0.15058901929349508
32.576,TARGET_2,0.490743,-0.159157,0.498345,-0.175754,True,0.4971399418137878,-0.1595860804619582
32.64,TARGET_2,0.489911,-0.156736,0.495774,-0.160976,True,0.4961961243879862,-0.1586640915690669
32.704,TARGET_2,0.489078,-0.154316,0.492749,-0.153253,True,0.4944141934044935,-0.15503715524114434
32.768,TARGET_2,0.488245,-0.151895,0.469456,-0.141485,True,0.4840502683625806,-0.14814255056098188
32.832,TARGET_2,0.487412,-0.149474,0.481737,-0.168718,True,0.482367417006111,-0.15464109846692034
32.896,TARGET_2,0.48658,-0.147053,0.489502,-0.152407,True,0.4844116343209218,-0.15241106143086733
32.96,TARGET_2,0.485747,-0.144633,,,False,0.4833068919995164,-0.15018353684336377
33.024,TARGET_2,0.484914,-0.142212,0.465105,-0.161796,True,0.47389994492597,-0.15467657177497565
33.088,TARGET_2,0.484082,-0.139791,0.500046,-0.13017,True,0.4842488907419499,-0.14308290712251534
33.152,TARGET_2,0.483249,-0.13737,,,False,0.48334326142696576,-0.14068898154861148
33.216,TARGET_2,0.482416,-0.134949,0.478044,-0.153124,True,0.48025816632614116,-0.14565096910524317
33.28,TARGET_2,0.481583,-0.132529,0.463587,-0.13465,True,0.4724509487053697,-0.13975410584756964
33.344,TARGET_2,0.480751,-0.130108,0.46454,-0.117658,True,0.46838161003715884,-0.12938819257562387
33.408,TARGET_2,0.479918,-0.127687,0.468516,-0.140201,True,0.46751081505628334,-0.13213649856609833
33.472,TARGET_2,0.479085,-0.125266,0.475271,-0.133955,True,0.46968982896210615,-0.13144099028065362
33.536,TARGET_2,0.478253,-0.122846,0.484666,-0.103084,True,0.4748411416806112,-0.11883402807207229
33.6,TARGET_2,0.47742,-0.120425,0.460939,-0.112089,True,0.4687693849669222,-0.11444639977582054
33.664,TARGET_2,0.476587,-0.118004,0.459577,-0.121388,True,0.46438961556027974,-0.11542351285325637
33.728,TARGET_2,0.475755,-0.115583,0.482994,-0.129381,True,0.47090244552171956,-0.11930901840555364
33.792,TARGET_2,0.474922,-0.113162,0.491305,-0.099743,True,0.47839570335843185,-0.11015345437955963
33.856,TARGET_2,0.474089,-0.110742,0.454414,-0.092728,True,0.4686136765833459,-0.10161312580148397
33.92,TARGET_2,0.473256,-0.108321,0.471696,-0.119164,True,0.4692246576960021,-0.10671505787054762
33.984,TARGET_2,0.472424,-0.1059,0.485487,-0.095969,True,0.4751060345777529,-0.10089706771640622
34.048,TARGET_2,0.471591,-0.103479,0.454672,-0.101886,True,0.46669771776768804,-0.09961290860859373
34.112,TARGET_2,0.470758,-0.101058,0.474591,-0.112203,True,0.46923082286861806,-0.10296995782443034
34.176,TARGET_2,0.469926,-0.098638,,,False,0.4684515088831534,-0.10062128046104865
34.24,TARGET_2,0.469093,-0.096217,0.463975,-0.101153,True,0.4658769594026358,-0.09967122851558623
34.304,TARGET_2,0.46826,-0.093796,,,False,0.46499829129449755,-0.09739995559397796
34.368,TARGET_2,0.467427,-0.091375,0.480546,-0.091497,True,0.4725453247638808,-0.0932658571224144
34.432,TARGET_2,0.466595,-0.088955,0.463386,-0.092332,True,0.4682857093437072,-0.09152532669744289
34.496,TARGET_2,0.465762,-0.086534,0.46164,-0.07822,True,0.46517482449959885,-0.08466392139826276
34.56,TARGET_2,0.464929,-0.084113,0.447284,-0.084674,True,0.4575235309309215,-0.08312108462531179
34.624,TARGET_2,0.464097,-0.081692,0.465814,-0.094955,True,0.46013240345977297,-0.08630888813481005
34.688,TARGET_2,0.463264,-0.079271,0.454357,-0.069418,True,0.45727613118720123,-0.07827773339134383
34.752,TARGET_2,0.462431,-0.076851,0.448615,-0.061322,True,0.45321516952537133,-0.07003235029263916
34.816,TARGET_2,0.461598,-0.07443,0.44488,-0.057876,True,0.4491824339236617,-0.06349550295346247
34.88,TARGET_2,0.460766,-0.072009,0.443376,-0.085282,True,0.44605502326977,-0.07026523568418083
34.944,TARGET_2,0.459933,-0.069588,,,False,0.444583195663717,-0.06775490701521032
35.008,TARGET_2,0.4591,-0.067167,0.466986,-0.060466,True,0.4547037815040041,-0.06292432243573468
35.072,TARGET_2,0.458268,-0.064747,0.46591,-0.051673,True,0.45904812501444053,-0.05658293713709114
35.136,TARGET_2,0.457435,-0.062326,0.470673,-0.078539,True,0.4634812466688308,-0.06388287976874613
35.2,TARGET_2,0.456602,-0.059905,0.45532,-0.049665,True,0.460049312191183,-0.05681739980893454
35.264,TARGET_2,0.455769,-0.057484,0.455791,-0.056521,True,0.45808841081706775,-0.055165195095012526
35.328,TARGET_2,0.454937,-0.055064,0.457557,-0.051364,True,0.45755834585447713,-0.052151151023810585
35.392,TARGET_2,0.454104,-0.052643,0.434594,-0.05915,True,0.4481465538046304,-0.05339618449346846
35.456,TARGET_2,0.453271,-0.050222,0.445932,-0.042175,True,0.4466489623547359,-0.047556885092850214
35.52,TARGET_2,0.452439,-0.047801,,,False,0.4455945641647158,-0.04504442033398762
35.584,TARGET_2,0.451606,-0.04538,0.445207,-0.036859,True,0.4448639548555688,-0.039777387170979756
35.648,TARGET_2,0.450773,-0.04296,0.436484,-0.054897,True,0.4406704469742219,-0.04475822761235338
35.712,TARGET_2,0.449941,-0.040539,0.444879,-0.059364,True,0.4416761125969779,-0.04940696289593926
35.776,TARGET_2,0.449108,-0.038118,0.455628,-0.027128,True,0.4466166788988796,-0.039362353161578226
35.84,TARGET_2,0.448275,-0.035697,0.437451,-0.01768,True,0.44251921201779587,-0.0293457339912509
35.904,TARGET_2,0.447442,-0.033276,0.457139,-0.051921,True,0.4477474178453743,-0.0366361919271275
35.968,TARGET_2,0.44661,-0.030856,0.461729,-0.033679,True,0.4529245692015586,-0.03414603097323455
36.032,TARGET_2,0.445777,-0.028435,0.454506,-0.012714,True,0.45338769262046646,-0.024334120272132442
36.096,TARGET_2,0.444944,-0.026014,0.451084,-0.027957,True,0.4523382417344703,-0.024179028426640232
36.16,TARGET_2,0.444112,-0.023593,0.46181,-0.029723,True,0.45592034101063106,-0.02486807864147941
36.224,TARGET_2,0.443279,-0.021173,,,False,0.45586291146329916,-0.022557018620391438
36.288,TARGET_2,0.442446,-0.018752,0.449506,-0.007276,True,0.45274673309932434,-0.0139483223735416
36.352,TARGET_2,0.441613,-0.016331,,,False,0.4525200366096146,-0.011288759846349613
36.416,TARGET_2,0.440781,-0.01391,0.4252,0.003838,True,0.4383962642947705,-0.0022343569006461955
36.48,TARGET_2,0.439948,-0.011489,0.435919,-0.009034,True,0.4367567475225228,-0.003535486466283459
36.544,TARGET_2,0.439115,-0.009069,0.439435,-0.010979,True,0.43726270366224546,-0.004976474510009928
36.608,TARGET_2,0.438283,-0.006648,0.440698,-0.006439,True,0.43808484649462226,-0.004045371611515943
36.672,TARGET_2,0.43745,-0.004227,,,False,0.437247297649137,-0.0015940039799759564
36.736,TARGET_2,0.436617,-0.001806,0.455909,-0.005522,True,0.44591118785518014,-0.0022511216083326495
36.8,TARGET_2,0.435784,0.000614,0.430049,-0.004845,True,0.4389043502604193,-0.0020686957385198652
36.864,TARGET_2,0.434952,0.003035,,,False,0.4382208413483613,9.620217951842452e-05
36.928,TARGET_2,0.434119,0.005456,0.444218,0.001804,True,0.44085179481330405,0.002034320204465199
36.992,TARGET_2,0.433286,0.007877,0.429099,0.019971,True,0.43547251941539517,0.011029055018202796
37.056,TARGET_2,0.432454,0.010298,0.419061,0.014241,True,0.4282856565383024,0.013837377294795674
37.12,TARGET_2,0.431621,0.012718,0.422459,0.012469,True,0.42527470370152376,0.014810945194448559
37.184,TARGET_2,0.430788,0.015139,0.441517,0.013696,True,0.43099503292939506,0.01584647667953503
37.248,TARGET_2,0.429956,0.01756,0.438572,0.034447,True,0.4334912219106869,0.02465443188476803
37.312,TARGET_2,0.429123,0.019981,0.421136,0.038535,True,0.4282045443697543,0.03180339903141809
37.376,TARGET_2,0.42829,0.022402,0.432035,0.031646,True,0.42916830183571203,0.03354451355619238
37.44,TARGET_2,0.427457,0.024822,0.410879,0.021915,True,0.42144251042680553,0.030703858288587692
37.504,TARGET_2,0.426625,0.027243,0.433114,0.007799,True,0.4253373760036225,0.023205977364666452
37.568,TARGET_2,0.425792,0.029664,0.412889,0.014436,True,0.4198610254833859,0.02095826153637848
37.632,TARGET_2,0.424959,0.032085,,,False,0.418693193819076,0.02274112288824238
37.696,TARGET_2,0.424127,0.034505,0.429276,0.031805,True,0.4232312746853368,0.02805952329822735
37.76,TARGET_2,0.423294,0.036926,0.412211,0.037812,True,0.41800767163793945,0.03338034248941598
37.824,TARGET_2,0.422461,0.039347,0.437893,0.047483,True,0.4254949634526175,0.04042721806358895
37.888,TARGET_2,0.421628,0.041768,0.42864,0.030512,True,0.42638577130580374,0.03791133497142498
37.952,TARGET_2,0.420796,0.044189,0.413126,0.050349,True,0.42079200415942325,0.04415719687464223
38.016,TARGET_2,0.419963,0.046609,,,False,0.419975666876679,0.04654434639711039
38.08,TARGET_2,0.41913,0.04903,0.43167,0.047352,True,0.425240207719679,0.048163773497412334
38.144,TARGET_2,0.418298,0.051451,0.412301,0.052805,True,0.41940177667186285,0.05149613141226271
38.208,TARGET_2,0.417465,0.053872,0.423308,0.051171,True,0.42054080509051667,0.05278100626828855
38.272,TARGET_2,0.416632,0.056293,0.40555,0.048414,True,0.41413037945488324,0.052431062528844455
38.336,TARGET_2,0.415799,0.058713,0.406697,0.052865,True,0.41057836448022317,0.05392145198185486
38.4,TARGET_2,0.414967,0.061134,0.422629,0.056053,True,0.41467094826353684,0.05606337898841046
38.464,TARGET_2,0.414134,0.063555,,,False,0.4138306675468247,0.05821173949718139
38.528,TARGET_2,0.413301,0.065976,0.417282,0.069024,True,0.41507483856904626,0.06456818696384894
38.592,TARGET_2,0.412469,0.068396,0.397404,0.076984,True,0.4070640477465798,0.07126356145515933
38.656,TARGET_2,0.411636,0.070817,0.413449,0.075034,True,0.4090092339689486,0.07435368122644703
38.72,TARGET_2,0.410803,0.073238,0.398428,0.077354,True,0.4041944615382165,0.07714134531934054
38.784,TARGET_2,0.40997,0.075659,0.418555,0.076341,True,0.4091985522531505,0.0784214061770195
38.848,TARGET_2,0.409138,0.07808,0.405176,0.071806,True,0.40710511412834754,0.07735439071806609
38.912,TARGET_2,0.408305,0.0805,0.421788,0.094917,True,0.41237612106005883,0.08574081012731885
38.976,TARGET_2,0.407472,0.082921,0.392382,0.088164,True,0.4041302004419044,0.0883372738361158
39.04,TARGET_2,0.40664,0.085342,0.397375,0.0826,True,0.40086265611274213,0.08770074791342085
39.104,TARGET_2,0.405807,0.087763,0.423347,0.093574,True,0.4090874984683604,0.09154503860060349
39.168,TARGET_2,0.404974,0.090183,0.392875,0.096255,True,0.4023176122497011,0.09497418195671735
39.232,TARGET_2,0.404142,0.092604,0.400701,0.102157,True,0.401113024048886,0.09941034110459639
39.296,TARGET_2,0.403309,0.095025,0.422451,0.097929,True,0.4089823265274655,0.10047927123964867
39.36,TARGET_2,0.402476,0.097446,0.422206,0.10767,True,0.41394067770865556,0.10492293882733561
39.424,TARGET_2,0.401643,0.099867,0.405148,0.100002,True,0.4103712293624893,0.10463521318968436
39.488,TARGET_2,0.400811,0.102287,0.381521,0.121159,True,0.3987488310330294,0.11272993513202334
39.552,TARGET_2,0.399978,0.104708,0.388187,0.095348,True,0.3939795824731693,0.10759598094281936
39.616,TARGET_2,0.399145,0.107129,0.413996,0.113617,True,0.40118099134373586,0.11144979644040598
39.68,TARGET_2,0.398313,0.10955,,,False,0.40046332021548503,0.11396438082059823
39.744,TARGET_2,0.39748,0.111971,0.38744,0.103638,True,0.3937705961632785,0.11024398757990322
39.808,TARGET_2,0.396647,0.114391,0.399703,0.095766,True,0.3957233502675594,0.10525670060589322
39.872,TARGET_2,0.395814,0.116812,0.397912,0.110078,True,0.396097006273479,0.10827710408059008
39.936,TARGET_2,0.394982,0.119233,0.402993,0.11046,True,0.3983741514433644,0.11025647806555011
40.0,TARGET_2,0.394149,0.121654,0.390502,0.129704,True,0.3948581910305527,0.11910402815566642
40.064,TARGET_2,0.393316,0.124074,0.397813,0.132984,True,0.39554568768261783,0.12595901792803252
40.128,TARGET_2,0.392484,0.126495,0.385105,0.139858,True,0.3909784680711503,0.1329722999668528
40.192,TARGET_2,0.391651,0.128916,,,False,0.3900445048773424,0.1357261711205789
40.256,TARGET_2,0.390818,0.131337,,,False,0.3891105416835345,0.13848004227430497
40.32,TARGET_2,0.389985,0.133758,0.384037,0.138692,True,0.3858650272583396,0.1398145024592026
40.384,TARGET_2,0.389153,0.136178,0.383675,0.1349,True,0.3842917713492241,0.13903985921871265
40.448,TARGET_2,0.38832,0.138599,0.376855,0.131693,True,0.3805497789654296,0.13741675940223055
40.512,TARGET_2,0.387487,0.14102,0.383516,0.151231,True,0.38101472705437794,0.1443502482804232
40.576,TARGET_2,0.386655,0.143441,0.405599,0.147471,True,0.3901353973434652,0.14711158085719922
40.64,TARGET_2,0.385822,0.145862,0.383678,0.16129,True,0.38723068659292975,0.15426714083536985
40.704,TARGET_2,0.384989,0.148282,0.383662,0.14537,True,0.3853955474953083,0.15243129704522623
40.768,TARGET_2,0.384156,0.150703,0.379825,0.160113,True,0.3827303621818224,0.15700307197310345
40.832,TARGET_2,0.383324,0.153124,,,False,0.38186134256593823,0.15965221361316853
40.896,TARGET_2,0.382491,0.155545,0.382119,0.144252,True,0.3815393828751371,0.15353746063666612
40.96,TARGET_2,0.381658,0.157965,0.37952,0.175349,True,0.3801930689116219,0.16414822746481103
41.024,TARGET_2,0.380826,0.160386,0.396,0.169422,True,0.3861460209605275,0.16786026493881048
41.088,TARGET_2,0.379993,0.162807,0.362138,0.177021,True,0.37623000309242394,0.17314472324251773
41.152,TARGET_2,0.37916,0.165228,0.367963,0.153156,True,0.3723320156557042,0.16690467884383592
41.216,TARGET_2,0.378328,0.167649,0.395287,0.185312,True,0.3807218145123543,0.17560641389229378
41.28,TARGET_2,0.377495,0.170069,,,False,0.3800829404895275,0.17829184642648552
41.344,TARGET_2,0.376662,0.17249,,,False,0.3794440664667007,0.18097727896067725
41.408,TARGET_2,0.375829,0.174911,0.387123,0.166507,True,0.3834508246210301,0.1740809647659641
41.472,TARGET_2,0.377283,0.177018,0.357303,0.179017,True,0.3713496289294003,0.17750717321209825
41.536,TARGET_2,0.378736,0.179126,0.379218,0.193581,True,0.37404503252504473,0.18552914793660183
41.6,TARGET_2,0.380189,0.181233,,,False,0.3732261625624036,0.18808106878223937
41.664,TARGET_2,0.381642,0.183341,,,False,0.37240729259976246,0.19063298962787692
41.728,TARGET_2,0.383096,0.185448,0.392411,0.205304,True,0.383321646162467,0.20001384350422705
41.792,TARGET_2,0.384549,0.187556,0.392818,0.194351,True,0.3875499374146086,0.19901732156249693
41.856,TARGET_2,0.386002,0.189664,0.381479,0.197931,True,0.38503618862942396,0.2001364557292695
41.92,TARGET_2,0.387456,0.191771,0.402101,0.173777,True,0.3918811894020709,0.19103916050116918
41.984,TARGET_2,0.388909,0.193879,0.39921,0.204967,True,0.3949787092041765,0.19778140287441254
42.048,TARGET_2,0.390362,0.195986,,,False,0.39542479371420314,0.20002096586852908
42.112,TARGET_2,0.391815,0.198094,0.405261,0.181966,True,0.40043742510063135,0.1923910170928523
42.176,TARGET_2,0.393269,0.200201,,,False,0.4011351557678475,0.1940867063947837
42.24,TARGET_2,0.394722,0.202309,0.411371,0.213252,True,0.4067265471853526,0.20474541719148331
42.304,TARGET_2,0.396175,0.204416,0.413645,0.186317,True,0.410306655774463,0.19787226634564267
42.368,TARGET_2,0.397628,0.206524,0.414629,0.192079,True,0.4127395644318148,0.19647506480588497
42.432,TARGET_2,0.399082,0.208631,0.38514,0.209436,True,0.4023475607052613,0.20259461399905832
42.496,TARGET_2,0.400535,0.210739,0.415766,0.205792,True,0.4080124515543442,0.20493532504777853
42.56,TARGET_2,0.401988,0.212846,0.414575,0.228903,True,0.4111117435959812,0.21552898530950979
42.624,TARGET_2,0.403442,0.214954,0.402428,0.225976,True,0.4082477273440603,0.2210538248805043
42.688,TARGET_2,0.404895,0.217061,0.412097,0.211297,True,0.41021645472037094,0.21869025140858947
42.752,TARGET_2,0.406348,0.219169,0.417467,0.223618,True,0.41357284902777613,0.22197391810859216
42.816,TARGET_2,0.407801,0.221276,0.419074,0.214552,True,0.41632362266904327,0.22040716865411378
42.88,TARGET_2,0.409255,0.223384,0.392211,0.229255,True,0.40741689522171975,0.22514825177645276
42.944,TARGET_2,0.410708,0.225491,0.423871,0.220603,True,0.41422451239554275,0.22468089807585867
43.008,TARGET_2,0.412161,0.227599,0.424755,0.218142,True,0.4189029458730892,0.2233337547089368
43.072,TARGET_2,0.413614,0.229706,0.422628,0.233059,True,0.42101868456650515,0.2283070337445287
43.136,TARGET_2,0.415068,0.231814,,,False,0.4221398633465457,0.23034358884829248
43.2,TARGET_2,0.416521,0.233921,0.405047,0.239844,True,0.4144164278188826,0.23600454141053825
43.264,TARGET_2,0.417974,0.236029,0.434108,0.216178,True,0.4232424865993285,0.2287558094079143
43.328,TARGET_2,0.419427,0.238136,0.425172,0.24086,True,0.4246726866584184,0.23471890962200873
43.392,TARGET_2,0.420881,0.240244,0.415449,0.255797,True,0.4216367175280114,0.24433556800027387
43.456,TARGET_2,0.422334,0.242351,0.437167,0.26065,True,0.42833796022379533,0.2522540256561792
43.52,TARGET_2,0.423787,0.244459,0.415211,0.24492,True,0.42385832823838937,0.250968276399471
43.584,TARGET_2,0.425241,0.246566,,,False,0.4247389701172292,0.2534317103602901
43.648,TARGET_2,0.426694,0.248674,0.434521,0.234706,True,0.42994306542712396,0.24560345962252506
43.712,TARGET_2,0.428147,0.250781,0.443722,0.268795,True,0.4365054502676443,0.2566545304359725
43.776,TARGET_2,0.4296,0.252889,0.415951,0.256958,True,0.4289377662673739,0.2581972461002666
43.84,TARGET_2,0.431054,0.254996,0.439253,0.253301,True,0.43362466703421765,0.25764439078120754
43.904,TARGET_2,0.432507,0.257104,0.436812,0.26429,True,0.43557359576107374,0.26160656347265315
43.968,TARGET_2,0.43396,0.259211,0.415157,0.249191,True,0.42819142097869983,0.25806751816403944
44.032,TARGET_2,0.435413,0.261319,0.427418,0.255273,True,0.42830645845051885,0.2581470239761644
44.096,TARGET_2,0.436867,0.263426,0.417928,0.269017,True,0.42460074086580624,0.2635711842963668
44.16,TARGET_2,0.43832,0.265534,0.454388,0.264599,True,0.4366408896728427,0.2652214409564863
44.224,TARGET_2,0.439773,0.267641,0.433872,0.270895,True,0.43619337978364914,0.2686961434893273
44.288,TARGET_2,0.441227,0.269749,0.448907,0.258234,True,0.4418205075136146,0.2658350183976
44.352,TARGET_2,0.44268,0.271856,0.459879,0.266179,True,0.44972033931340794,0.2670805858204564
44.416,TARGET_2,0.444133,0.273964,0.46002,0.293575,True,0.4547762100905879,0.27865368617778874
44.48,TARGET_2,0.445586,0.276071,0.459218,0.292102,True,0.4576308864885131,0.28539668691646425
44.544,TARGET_2,0.44704,0.278179,0.43291,0.264603,True,0.4489813582444024,0.27873955336281747
44.608,TARGET_2,0.448493,0.280287,,,False,0.4502632443328848,0.2808182071985068
44.672,TARGET_2,0.449946,0.282394,0.432179,0.272046,True,0.44214173655216465,0.2776281306319703
44.736,TARGET_2,0.451399,0.284502,,,False,0.4429032751251125,0.27941523326678963
44.8,TARGET_2,0.452853,0.286609,0.47013,0.298531,True,0.4572395996163374,0.2900907262080906
44.864,TARGET_2,0.454306,0.288717,0.436866,0.280052,True,0.44912985186718646,0.28695348721876546
44.928,TARGET_2,0.455759,0.290824,0.460045,0.308738,True,0.4542049748125366,0.2970989533246429
44.992,TARGET_2,0.457213,0.292932,,,False,0.45540633817364745,0.2995240985136073
45.056,TARGET_2,0.458666,0.295039,0.454468,0.29456,True,0.45555837505292013,0.29832550040384076
45.12,TARGET_2,0.460119,0.297147,0.45467,0.280964,True,0.45582543069255416,0.2921006090250741
45.184,TARGET_2,0.461572,0.299254,0.448493,0.305261,True,0.45346988708957003,0.29853074041945643
45.248,TARGET_2,0.463026,0.301362,,,False,0.4543749412801892,0.30055155547940016
45.312,TARGET_2,0.464479,0.303469,0.468032,0.302624,True,0.46152327542416643,0.30259764791247995
45.376,TARGET_2,0.465932,0.305577,0.471281,0.321728,True,0.4664406358790938,0.3119972026220018
45.44,TARGET_2,0.467385,0.307684,0.463106,0.321118,True,0.4659313160544768,0.3171653570938717
45.504,TARGET_2,0.468839,0.309792,0.467308,0.295743,True,0.4672866600621517,0.3101210278505762
45.568,TARGET_2,0.470292,0.311899,0.486128,0.293044,True,0.4755872862294359,0.30456133818402575
45.632,TARGET_2,0.471745,0.314007,0.491712,0.303544,True,0.48302371691591944,0.30513519946332945
45.696,TARGET_2,0.473198,0.316114,0.475172,0.298703,True,0.481153812492799,0.30353102919388847
45.76,TARGET_2,0.474652,0.318222,0.479447,0.317295,True,0.4815843802429556,0.3098136753037989
45.824,TARGET_2,0.476105,0.320329,0.482268,0.321538,True,0.4829134895524394,0.3154550821976901
45.888,TARGET_2,0.477558,0.322437,0.495435,0.32426,True,0.48891256949025946,0.3200765715375975
45.952,TARGET_2,0.479012,0.324544,0.466675,0.308302,True,0.481302483078322,0.3166477713245182
46.016,TARGET_2,0.480465,0.326652,0.470343,0.319466,True,0.47782943931382155,0.31880758478089066
46.08,TARGET_2,0.481918,0.328759,0.493169,0.334208,True,0.48459643455267953,0.3259609498127812
46.144,TARGET_2,0.483371,0.330867,,,False,0.4860657628075336,0.32801780951488047
46.208,TARGET_2,0.484825,0.332974,0.495313,0.313088,True,0.49131188187613756,0.32182629593702833
46.272,TARGET_2,0.486278,0.335082,0.47802,0.344439,True,0.48655418985456445,0.3324603216878843
46.336,TARGET_2,0.487731,0.337189,0.483749,0.33255,True,0.4861884190280432,0.3337378898481736
46.4,TARGET_2,0.489184,0.339297,0.472892,0.326956,True,0.4815949181724218,0.33225013237091205
46.464,TARGET_2,0.490638,0.341404,0.479475,0.334128,True,0.4812967117260769,0.3341152241791951
46.528,TARGET_2,0.492091,0.343512,0.497456,0.323531,True,0.48820725855627073,0.331040799989378
46.592,TARGET_2,0.493544,0.345619,0.492128,0.338449,True,0.4904708819986368,0.3349286871232268
46.656,TARGET_2,0.494998,0.347727,,,False,0.4917094030012772,0.3366388890737576
46.72,TARGET_2,0.496451,0.349834,0.503262,0.335378,True,0.49795629313437534,0.33690637132981666
46.784,TARGET_2,0.497904,0.351942,0.505579,0.362205,True,0.5020973298009519,0.3487119672092192
46.848,TARGET_2,0.499357,0.354049,0.49463,0.359183,True,0.500024542017242,0.3542905009116154
46.912,TARGET_2,0.500811,0.356157,0.51847,0.355375,True,0.5082889122744941,0.3561515156195552
46.976,TARGET_2,0.502264,0.358264,0.521473,0.348686,True,0.5146353592418965,0.3545995774786284
47.04,TARGET_2,0.503717,0.360372,0.486273,0.345058,True,0.5046518822909107,0.3521051427542911
47.104,TARGET_2,0.50517,0.362479,0.510786,0.352419,True,0.5079315400371972,0.3533613382592064
47.168,TARGET_2,0.506624,0.364587,,,False,0.509445424648097,0.35520046559859725
47.232,TARGET_2,0.508077,0.366695,0.504613,0.358787,True,0.5078776249697501,0.3578881108198242
47.296,TARGET_2,0.50953,0.368802,0.495375,0.380835,True,0.5032685087796688,0.36882843515253594
47.36,TARGET_2,0.510984,0.37091,0.508323,0.351215,True,0.5059354153366847,0.36303475800424273
47.424,TARGET_2,0.512437,0.373017,0.49823,0.381321,True,0.5035096428265636,0.3715223733362113
47.488,TARGET_2,0.51389,0.375125,0.50389,0.388312,True,0.5042086673091812,0.379582479948909
47.552,TARGET_2,0.515343,0.377232,0.525675,0.367417,True,0.5132593427022782,0.376341849035281
47.616,TARGET_2,0.516797,0.37934,0.508176,0.389019,True,0.5120651006968984,0.3827452333464612
47.68,TARGET_2,0.51825,0.381447,0.514182,0.381733,True,0.5136349581125713,0.3838687941674757
47.744,TARGET_2,0.519703,0.383555,,,False,0.5148666632359589,0.38631258970941157
47.808,TARGET_2,0.521156,0.385662,0.531913,0.396826,True,0.5237772857291904,0.3926746494429765
47.872,TARGET_2,0.52261,0.38777,,,False,0.5254338216226928,0.39533522022989415
47.936,TARGET_2,0.524063,0.389877,,,False,0.5270903575161953,0.3979957910168118
48.0,TARGET_2,0.525516,0.391985,,,False,0.5287468934096977,0.4006563618037295
48.064,TARGET_2,0.526969,0.394092,0.535785,0.400226,True,0.5338273278579093,0.4013503989843687
48.128,TARGET_2,0.528423,0.3962,0.534584,0.387398,True,0.5351462231198851,0.3960083232808423
48.192,TARGET_2,0.529876,0.398307,0.518698,0.417282,True,0.5291691390875751,0.4063092441489353
48.256,TARGET_2,0.531329,0.400415,0.52616,0.413059,True,0.5287685731219655,0.4105869467139234
48.32,TARGET_2,0.532783,0.402522,0.53094,0.392919,True,0.5304128114709008,0.40512758548342914
48.384,TARGET_2,0.534236,0.40463,0.534022,0.421823,True,0.5326372076794097,0.4130973787905811
48.448,TARGET_2,0.535689,0.406737,0.52081,0.404272,True,0.5287758863780656,0.4111378906683029
48.512,TARGET_2,0.537142,0.408845,,,False,0.5298467403686795,0.41342950213548574
48.576,TARGET_2,0.538596,0.410952,0.547981,0.399353,True,0.539203483843343,0.40777285384551115
48.64,TARGET_2,0.540049,0.41306,0.531541,0.412957,True,0.5367808944647511,0.41105748331486547
48.704,TARGET_2,0.541502,0.415167,0.544278,0.434717,True,0.5406219015468448,0.4218762125508571
48.768,TARGET_2,0.542955,0.417275,0.533797,0.421598,True,0.538755423802123,0.4232175256004352
48.832,TARGET_2,0.544409,0.419382,0.559462,0.418111,True,0.5477521855633554,0.4226110414509101
48.896,TARGET_2,0.545862,0.42149,,,False,0.5494510228995033,0.42480912458092424
48.96,TARGET_2,0.547315,0.423597,0.532008,0.436142,True,0.5418448586276429,0.4314476986502794
49.024,TARGET_2,0.548769,0.425705,0.534621,0.434724,True,0.5394130409524892,0.4342493754516756
49.088,TARGET_2,0.550222,0.427812,,,False,0.5403978183815104,0.43671265783528534
49.152,TARGET_2,0.551675,0.42992,0.53183,0.417344,True,0.5366433705049157,0.42834469752756205
49.216,TARGET_2,0.553128,0.432027,,,False,0.5373687117457144,0.4302150525577872
49.28,TARGET_2,0.554582,0.434135,0.549719,0.426606,True,0.5440892290919359,0.42925958709993506
49.344,TARGET_2,0.556035,0.436242,0.555728,0.427644,True,0.5498005259989597,0.42950973960949324
49.408,TARGET_2,0.554136,0.434526,0.569757,0.423751,True,0.5588024659179471,0.4280946997807154
49.472,TARGET_2,0.552237,0.432809,,,False,0.5605287867056986,0.4295645937143597
49.536,TARGET_2,0.550338,0.431092,,,False,0.5622551074934501,0.43103448764800395
49.6,TARGET_2,0.548438,0.429376,0.566981,0.435998,True,0.5656678490197046,0.43446856550704027
49.664,TARGET_2,0.546539,0.427659,,,False,0.5674846883590036,0.4360438869178498
49.728,TARGET_2,0.54464,0.425942,0.531519,0.433283,True,0.5491442203060759,0.43530580344226666
49.792,TARGET_2,0.542741,0.424226,,,False,0.5498867399549081,0.4367578278088275
49.856,TARGET_2,0.540842,0.422509,0.542423,0.41242,True,0.5463166506362743,0.4246565948898758
49.92,TARGET_2,0.538943,0.420792,0.545554,0.43756,True,0.5462639530655693,0.430783351662698
49.984,TARGET_2,0.537044,0.419076,0.556018,0.406459,True,0.5505823377056612,0.4213175611832697
50.048,TARGET_2,0.535145,0.417359,0.525627,0.429718,True,0.5409520887229814,0.4249660088547293
50.112,TARGET_2,0.533246,0.415642,0.539378,0.421205,True,0.5403985403012459,0.423844508012362
50.176,TARGET_2,0.531346,0.413926,0.526209,0.430752,True,0.5348225789269208,0.4269018208028242
50.24,TARGET_2,0.529447,0.412209,0.531107,0.412879,True,0.5332107013498968,0.42175335152341104
50.304,TARGET_2,0.527548,0.410492,0.534771,0.392771,True,0.5336407852603596,0.4104893865329145
50.368,TARGET_2,0.525649,0.408776,,,False,0.5333721720818522,0.4101789020250175
50.432,TARGET_2,0.52375,0.407059,0.52086,0.406666,True,0.5271578000508169,0.40831324859505913
50.496,TARGET_2,0.521851,0.405342,0.531414,0.424919,True,0.5286469207559519,0.41522702004635925
50.56,TARGET_2,0.519952,0.403626,0.529381,0.422255,True,0.5286620780322797,0.4181066126938067
50.624,TARGET_2,0.518053,0.401909,0.511869,0.418708,True,0.5216574270709301,0.4184480759979758
50.688,TARGET_2,0.516154,0.400192,0.498876,0.39344,True,0.51210369533373,0.4086097615613414
50.752,TARGET_2,0.514254,0.398476,0.521015,0.38659,True,0.5148460599943742,0.39964898588628117
50.816,TARGET_2,0.512355,0.396759,0.524807,0.408372,True,0.5181365970951024,0.4025804745879285
50.88,TARGET_2,0.510456,0.395042,0.521813,0.376706,True,0.5190863939254885,0.39194589153735515
50.944,TARGET_2,0.508557,0.393325,,,False,0.5183505699164515,0.3907327936826278
51.008,TARGET_2,0.506658,0.391609,0.498443,0.37855,True,0.5083049134593649,0.384192792860533
51.072,TARGET_2,0.504759,0.389892,0.487099,0.389224,True,0.4984744286721153,0.3854962402377713
51.136,TARGET_2,0.50286,0.388175,,,False,0.49674876682844804,0.3841437144890793
51.2,TARGET_2,0.500961,0.386459,0.518509,0.404061,True,0.5066741234273323,0.39334283955440774
51.264,TARGET_2,0.499062,0.384742,0.481682,0.383097,True,0.49522375702364746,0.38846230129682663
51.328,TARGET_2,0.497162,0.383025,,,False,0.49356740684774797,0.3874621936123473
51.392,TARGET_2,0.495263,0.381309,0.489762,0.370455,True,0.49084298900021983,0.3785066647328409
51.456,TARGET_2,0.493364,0.379592,0.489883,0.391134,True,0.48945570280389283,0.3831718840223491
51.52,TARGET_2,0.491465,0.377875,,,False,0.4877590088690674,0.3820717008688958
51.584,TARGET_2,0.489566,0.376159,0.480003,0.376964,True,0.4830507175632354,0.37897970346794646
51.648,TARGET_2,0.487667,0.374442,0.478893,0.385328,True,0.48019359166732684,0.3810488760482508
51.712,TARGET_2,0.485768,0.372725,0.474141,0.365514,True,0.47658058442470186,0.3740673866864204
51.776,TARGET_2,0.483869,0.371009,0.464801,0.377333,True,0.47065092882844756,0.3745648842272202
51.84,TARGET_2,0.48197,0.369292,0.501233,0.364501,True,0.48147396086413213,0.36980633765040566
51.904,TARGET_2,0.48007,0.367575,,,False,0.47997593618424567,0.36835601702711146
51.968,TARGET_2,0.478171,0.365859,0.461666,0.372293,True,0.4703061554937492,0.3695242999178598
52.032,TARGET_2,0.476272,0.364142,0.462915,0.364818,True,0.46601662430900836,0.36675611132356356
52.096,TARGET_2,0.474373,0.362425,0.480564,0.358064,True,0.4707390965126809,0.3623812132441701
52.16,TARGET_2,0.472474,0.360709,,,False,0.46903802027796526,0.36082892084518575
52.224,TARGET_2,0.470575,0.358992,0.466054,0.34695,True,0.46670887437766667,0.35324208512632227
52.288,TARGET_2,0.468676,0.357275,0.47331,0.370478,True,0.4685683802478722,0.3596032897736943
52.352,TARGET_2,0.466777,0.355559,0.472564,0.370204,True,0.469296355832066,0.36309930248492867
52.416,TARGET_2,0.464878,0.353842,0.454676,0.373634,True,0.462587857969561,0.3666302575939481
52.48,TARGET_2,0.462978,0.352125,0.469094,0.360355,True,0.46414691077050785,0.3635948675547749
52.544,TARGET_2,0.461079,0.350409,0.466236,0.359814,True,0.464054828303056,0.3614829036944382
52.608,TARGET_2,0.45918,0.348692,0.472502,0.351361,True,0.4665269317374668,0.35682449879227285
52.672,TARGET_2,0.457281,0.346975,0.464065,0.347812,True,0.464812849671824,0.3524851013271521
52.736,TARGET_2,0.455382,0.345259,0.445781,0.343769,True,0.4565251426861551,0.3481593835770012
52.8,TARGET_2,0.453483,0.343542,0.461398,0.349965,True,0.4574577437655101,0.34789954136054074
52.864,TARGET_2,0.451584,0.341825,0.44135,0.354867,True,0.4501758869319141,0.3497282740191757
52.928,TARGET_2,0.449685,0.340109,0.454397,0.354803,True,0.4507417780420886,0.35092248615289967
52.992,TARGET_2,0.447786,0.338392,0.429319,0.333843,True,0.44124153581723924,0.34343648297987917
53.056,TARGET_2,0.445886,0.336675,0.43295,0.33471,True,0.4366719415020156,0.3390422011105079
53.12,TARGET_2,0.443987,0.334959,0.450786,0.341943,True,0.440885529981188,0.33915245717215015
53.184,TARGET_2,0.442088,0.333242,0.436432,0.318581,True,0.43797225379589944,0.3300367524942981
53.248,TARGET_2,0.440189,0.331525,0.456109,0.31762,True,0.44396371755847236,0.3238928585668708
53.312,TARGET_2,0.43829,0.329808,,,False,0.4424497503032239,0.3216254086402202
53.376,TARGET_2,0.436391,0.328092,0.428188,0.346703,True,0.43474589462624047,0.33263577759499646
53.44,TARGET_2,0.434492,0.326375,0.452879,0.307265,True,0.44148318733589886,0.320854795864583
53.504,TARGET_2,0.432593,0.324658,0.430755,0.317534,True,0.4362787802419507,0.31825601007245685
53.568,TARGET_2,0.430694,0.322942,0.44412,0.336316,True,0.43846696077182734,0.32422076573264813
53.632,TARGET_2,0.428794,0.321225,0.421639,0.321148,True,0.4309427857207644,0.32198945288973113
53.696,TARGET_2,0.426895,0.319508,0.443404,0.338113,True,0.43484009031227805,0.32735010954813515
53.76,TARGET_2,0.424996,0.317792,0.431066,0.316407,True,0.43249346179911746,0.32222577544652503
53.824,TARGET_2,0.423097,0.316075,,,False,0.4310298537171183,0.32070090551747543
53.888,TARGET_2,0.421198,0.314358,0.424925,0.300173,True,0.4273125566983719,0.3099485707143005
53.952,TARGET_2,0.419299,0.312642,0.429624,0.302518,True,0.4274008143351157,0.305593936810322
54.016,TARGET_2,0.4174,0.310925,0.413056,0.302453,True,0.42064988017966237,0.30303081307407903
54.08,TARGET_2,0.415501,0.309208,0.412061,0.317685,True,0.4161364017922762,0.3075951752639799
54.144,TARGET_2,0.413602,0.307492,0.402532,0.326563,True,0.40955896576839795,0.3140472623780895
54.208,TARGET_2,0.411702,0.305775,,,False,0.40736049141344194,0.3126999753226096
54.272,TARGET_2,0.409803,0.304058,,,False,0.4051620170584859,0.31135268826712975
54.336,TARGET_2,0.407904,0.302342,0.393776,0.314537,True,0.39782998021567223,0.31253744338011324
54.4,TARGET_2,0.4085,0.299852,,,False,0.39535414332740315,0.3113269606650815
54.464,TARGET_2,0.409096,0.297362,,,False,0.3928783064391341,0.3101164779500497
54.528,TARGET_2,0.409692,0.294873,,,False,0.390402469550865,0.30890599523501794
54.592,TARGET_2,0.410288,0.292383,0.410318,0.295032,True,0.4024646903395996,0.29947346548574905
54.656,TARGET_2,0.410885,0.289893,0.39466,0.278162,True,0.39780592899607264,0.28835334393745277
54.72,TARGET_2,0.411481,0.287404,0.427895,0.283544,True,0.40959359427400754,0.2850803495988222
54.784,TARGET_2,0.412077,0.284914,0.404725,0.286222,True,0.4069255326390465,0.28424995891488214
54.848,TARGET_2,0.412673,0.282425,0.407035,0.272521,True,0.4062269487324099,0.2782918361385788
54.912,TARGET_2,0.413269,0.279935,0.414179,0.294166,True,0.4086565200908375,0.28319327853194914
54.976,TARGET_2,0.413865,0.277445,0.417111,0.270887,True,0.411398327754655,0.27715776506078627
55.04,TARGET_2,0.414461,0.274956,0.402589,0.262823,True,0.40743120685795947,0.2701834593478737
55.104,TARGET_2,0.415057,0.272466,0.413707,0.273914,True,0.4093264560941456,0.2701951387755881
55.168,TARGET_2,0.415653,0.269976,,,False,0.40851447117172257,0.26790851270648974
55.232,TARGET_2,0.416249,0.267487,0.414406,0.255888,True,0.41095783206451564,0.2608949377104187
55.296,TARGET_2,0.416845,0.264997,0.410238,0.263528,True,0.41028831506499386,0.26057429655927966
55.36,TARGET_2,0.417441,0.262507,0.39957,0.267756,True,0.40552928697364,0.2620789962617575
55.424,TARGET_2,0.418037,0.260018,,,False,0.4046663041174776,0.2598722010383526
55.488,TARGET_2,0.418633,0.257528,,,False,0.40380332126131524,0.25766540581494773
55.552,TARGET_2,0.419229,0.255039,0.417902,0.253894,True,0.4113432331771506,0.25457988077423327
55.616,TARGET_2,0.419826,0.252549,0.418311,0.249233,True,0.41429508695070943,0.25091643133625663
55.68,TARGET_2,0.420422,0.250059,0.401301,0.233469,True,0.408724507374294,0.24225985654072676
55.744,TARGET_2,0.421018,0.24757,0.403532,0.25297,True,0.4063150396195806,0.24499647230923524
55.808,TARGET_2,0.421614,0.24508,0.429016,0.239869,True,0.4149947683364423,0.24152221656886516
55.872,TARGET_2,0.42221,0.24259,0.433071,0.245172,True,0.4221031553461717,0.2414997920764034
55.936,TARGET_2,0.422806,0.240101,,,False,0.4223996361681494,0.23919663361414323
56.0,TARGET_2,0.423402,0.237611,0.427895,0.239954,True,0.42522172927127483,0.23838027512958654
56.064,TARGET_2,0.423998,0.235121,0.405214,0.232794,True,0.41686742510092833,0.23471227952393753
56.128,TARGET_2,0.424594,0.232632,0.421444,0.239041,True,0.41871008339869287,0.23512309513696142
56.192,TARGET_2,0.42519,0.230142,0.442019,0.238423,True,0.4280868276819313,0.23515746458027115
56.256,TARGET_2,0.425786,0.227653,,,False,0.42866208493270386,0.23312887018745848
56.32,TARGET_2,0.426382,0.225163,0.41134,0.214397,True,0.4205205904930675,0.2229650842100111
56.384,TARGET_2,0.426978,0.222673,0.440477,0.215949,True,0.4291634838538082,0.21853436306332583
56.448,TARGET_2,0.427574,0.220184,0.421509,0.230253,True,0.4263659916255023,0.22180197812216096
56.512,TARGET_2,0.42817,0.217694,0.422196,0.234132,True,0.4249217154272317,0.22539071697384067
56.576,TARGET_2,0.428767,0.215204,0.440435,0.221799,True,0.43125803257459244,0.22279721134245356
56.64,TARGET_2,0.429363,0.212715,0.41167,0.207646,True,0.4238656816187569,0.2156013283225871
56.704,TARGET_2,0.429959,0.210225,0.428879,0.191276,True,0.42595194062093594,0.20460221340489582
56.768,TARGET_2,0.430555,0.207735,0.421384,0.226072,True,0.42431052724555535,0.21143468330552226
56.832,TARGET_2,0.431151,0.205246,0.438744,0.19251,True,0.43012350548358014,0.2026066982424359
56.896,TARGET_2,0.431747,0.202756,,,False,0.43060879158562976,0.20001873800890896
56.96,TARGET_2,0.432343,0.200266,0.436351,0.181073,True,0.433646732365951,0.1894877732028027
57.024,TARGET_2,0.432939,0.197777,0.448021,0.211312,True,0.44018382400027056,0.19714460602988856
57.088,TARGET_2,0.433535,0.195287,0.450721,0.209435,True,0.44505724122580625,0.20073156017105415
57.152,TARGET_2,0.434131,0.192798,0.448805,0.185606,True,0.4472611477210353,0.19340877404960338
57.216,TARGET_2,0.434727,0.190308,0.446853,0.207118,True,0.44783892056118546,0.19741829369439157
57.28,TARGET_2,0.435323,0.187818,0.424113,0.180078,True,0.4391537712613338,0.18931619760275195
57.344,TARGET_2,0.435919,0.185329,0.444013,0.185861,True,0.4414632740848723,0.1865132140802772
57.408,TARGET_2,0.436515,0.182839,0.425011,0.19357,True,0.43539453960884106,0.18785612874207672
57.472,TARGET_2,0.437111,0.180349,0.439012,0.18977,True,0.4370374639617252,0.18729056715734277
57.536,TARGET_2,0.437708,0.17786,,,False,0.43746011660299094,0.18519270547774921
57.6,TARGET_2,0.438304,0.17537,0.454481,0.190476,True,0.44594218950690784,0.1866788305935166
57.664,TARGET_2,0.4389,0.17288,0.423911,0.189726,True,0.4369659303283084,0.18690594539758174
57.728,TARGET_2,0.439496,0.170391,0.43216,0.167286,True,0.4351919923528854,0.1778280152854113
57.792,TARGET_2,0.440092,0.167901,0.457464,0.154801,True,0.4442441083181673,0.16728760321990216
57.856,TARGET_2,0.440688,0.165412,0.45118,0.17235,True,0.4474242469040825,0.16770276182938887
57.92,TARGET_2,0.441284,0.162922,0.424269,0.154026,True,0.4387527052427103,0.1607840014530001
57.984,TARGET_2,0.44188,0.160432,0.431335,0.140806,True,0.43600100649167983,0.15122539464191173
58.048,TARGET_2,0.442476,0.157943,0.458503,0.161911,True,0.4449876446724043,0.15357316631621898
58.112,TARGET_2,0.443072,0.155453,0.441373,0.165947,True,0.44393934240622834,0.1567737116333344
58.176,TARGET_2,0.443668,0.152963,0.459305,0.143064,True,0.4503442960426348,0.1498571916841766
58.24,TARGET_2,0.444264,0.150474,0.452273,0.159367,True,0.4516318110887309,0.15197720240917695
58.304,TARGET_2,0.44486,0.147984,0.426561,0.164857,True,0.442250129687206,0.1555951990783565
58.368,TARGET_2,0.445456,0.145494,0.455526,0.136123,True,0.44769267312668626,0.14661793513759985
58.432,TARGET_2,0.446052,0.143005,0.441689,0.135072,True,0.4456808089213263,0.14054340934789641
58.496,TARGET_2,0.446649,0.140515,0.466418,0.124893,True,0.45416126587498795,0.13272297841228062
58.56,TARGET_2,0.447245,0.138025,0.453414,0.124566,True,0.45441330068211966,0.1276933590644089
58.624,TARGET_2,0.447841,0.135536,0.452307,0.143125,True,0.4541053357866223,0.1319279452368031
58.688,TARGET_2,0.448437,0.133046,0.428549,0.114925,True,0.4444784015525426,0.1235776897551585
58.752,TARGET_2,0.449033,0.130557,0.465911,0.1172,True,0.4530899512866259,0.1192391621380272
58.816,TARGET_2,0.449629,0.128067,,,False,0.4537787697526746,0.1161607290726534
58.88,TARGET_2,0.450225,0.125577,0.463587,0.107585,True,0.458895510631478,0.11041308873996918
58.944,TARGET_2,0.450821,0.123088,,,False,0.4598293136446969,0.10718697591132723
59.008,TARGET_2,0.451417,0.120598,0.448604,0.118993,True,0.4545264543339688,0.11167115689745812
59.072,TARGET_2,0.452013,0.118108,0.460358,0.128705,True,0.45742172947419496,0.11758109102977524
59.136,TARGET_2,0.452609,0.115619,0.459439,0.135535,True,0.4586767583925323,0.1236161373338936
59.2,TARGET_2,0.453205,0.113129,0.43646,0.120867,True,0.45019259100819714,0.12139221935715475
59.264,TARGET_2,0.453801,0.110639,0.443045,0.100872,True,0.44749070099709015,0.11208672698266212
59.328,TARGET_2,0.454397,0.10815,0.468762,0.120692,True,0.45596906915945046,0.11410832742885924
59.392,TARGET_2,0.454993,0.10566,0.453142,0.123387,True,0.45517837431443314,0.11653664912994437
59.456,TARGET_2,0.45559,0.103171,0.439027,0.114907,True,0.4490700614408629,0.11479812308657722
59.52,TARGET_2,0.456186,0.100681,0.45349,0.106323,True,0.45087924227912407,0.11035331075601607
59.584,TARGET_2,0.456782,0.098191,0.442585,0.094566,True,0.44771566672393165,0.10292557283577114
59.648,TARGET_2,0.457378,0.095702,0.446177,0.08295,True,0.4471109750617938,0.09365448072975599
59.712,TARGET_2,0.457974,0.093212,0.459101,0.082696,True,0.45183870998918785,0.08771301367288775
59.776,TARGET_2,0.45857,0.090722,0.444896,0.096723,True,0.44923652935631686,0.08956130040861707
59.84,TARGET_2,0.459166,0.088233,0.468367,0.106961,True,0.4568548408437865,0.09488886224365903
59.904,TARGET_2,0.459762,0.085743,0.453228,0.066425,True,0.4557244078316798,0.08233701607464278
59.968,TARGET_2,0.460358,0.083253,0.451074,0.07731,True,0.45413337558464945,0.07870486088149763
60.032,TARGET_2,0.460954,0.080764,0.447923,0.076342,True,0.4518569664114168,0.07609585425567118
60.096,TARGET_2,0.46155,0.078274,,,False,0.45201159540102154,0.07333473913793012
60.16,TARGET_2,0.462146,0.075785,0.447181,0.091401,True,0.44974559969925965,0.08068656109237023
60.224,TARGET_2,0.462742,0.073295,0.463788,0.068469,True,0.45579435274585517,0.07417905960807211
60.288,TARGET_2,0.463338,0.070805,0.463935,0.057337,True,0.4593330617827479,0.06584880638272353
60.352,TARGET_2,0.463934,0.068316,,,False,0.459863619925035,0.06308246922406856
60.416,TARGET_2,0.464531,0.065826,0.464127,0.065853,True,0.46222147569764527,0.0630265495026107
60.48,TARGET_2,0.465127,0.063336,0.465541,0.06753,True,0.4640117680442432,0.06347972086233378
60.544,TARGET_2,0.465723,0.060847,0.449998,0.064763,True,0.4586843488019839,0.06255912533276783
60.608,TARGET_2,0.466319,0.058357,0.462152,0.04369,True,0.4602913004633747,0.053577304967966755
60.672,TARGET_2,0.466915,0.055867,0.46836,0.073157,True,0.46375929098902324,0.05971732314152433
