time,target,true_x,true_z,meas_x,meas_z
0.064,TARGET_1,-0.597991,-0.498414,-0.580466,-0.498396
0.064,TARGET_2,0.598190,0.498190,0.601182,0.489618
0.128,TARGET_1,-0.595981,-0.496827,-0.608131,-0.504857
0.128,TARGET_2,0.596380,0.496380,0.580103,0.479673
0.192,TARGET_1,-0.593972,-0.495241,-0.595384,-0.500039
0.192,TARGET_2,0.594569,0.494569,0.598905,0.475187
0.256,TARGET_1,-0.591963,-0.493655,-0.573057,-0.485567
0.256,TARGET_2,0.592759,0.492759,0.604826,0.507355
0.320,TARGET_1,-0.589954,-0.492069,-0.593465,-0.488317
0.320,TARGET_2,0.590949,0.490949,0.609916,0.485741
0.384,TARGET_1,-0.587944,-0.490482,-0.602479,-0.479157
0.384,TARGET_2,0.589139,0.489139,0.572275,0.499588
0.448,TARGET_1,-0.585935,-0.488896,-0.578422,-0.491310
0.448,TARGET_2,0.587329,0.487329,0.596115,0.482611
0.512,TARGET_1,-0.583926,-0.487310,-0.601491,-0.507058
0.512,TARGET_2,0.585518,0.485518,0.596895,0.482583
0.576,TARGET_1,-0.581916,-0.485723,-0.577481,-0.501569
0.576,TARGET_2,0.583708,0.483708,0.597804,0.476922
0.640,TARGET_1,-0.579907,-0.484137,-0.599562,-0.492584
0.640,TARGET_2,0.581898,0.481898,0.563793,0.495547
0.704,TARGET_1,-0.577898,-0.482551,-0.591843,-0.464702
0.704,TARGET_2,0.580088,0.480088,0.579468,0.472245
0.768,TARGET_1,-0.575888,-0.480965,-0.578494,-0.497037
0.768,TARGET_2,0.578278,0.478278,0.597030,0.465826
0.832,TARGET_1,-0.573879,-0.479378,-0.582158,-0.482975
0.832,TARGET_2,0.576467,0.476467,0.560562,0.472254
0.896,TARGET_1,-0.571870,-0.477792,-0.575404,-0.490797
0.896,TARGET_2,0.574657,0.474657,0.572895,0.469083
0.960,TARGET_1,-0.569861,-0.476206,-0.568996,-0.473903
0.960,TARGET_2,0.572847,0.472847,0.591287,0.473381
1.024,TARGET_1,-0.567851,-0.474619,-0.580683,-0.459410
1.024,TARGET_2,0.571037,0.471037,0.558193,0.454437
1.088,TARGET_1,-0.565842,-0.473033,-0.568310,-0.483843
1.088,TARGET_2,0.569227,0.469227,0.573368,0.482472
1.152,TARGET_1,-0.563833,-0.471447,-0.550962,-0.484694
1.152,TARGET_2,0.567417,0.467417,0.573523,0.474626
1.216,TARGET_1,-0.561823,-0.469861,-0.561908,-0.456588
1.216,TARGET_2,0.565606,0.465606,0.565844,0.479446
1.280,TARGET_1,-0.559814,-0.468274,-0.577093,-0.480818
1.280,TARGET_2,0.563796,0.463796,0.561555,0.461160
1.344,TARGET_1,-0.557805,-0.466688,-0.542923,-0.456964
1.344,TARGET_2,0.561986,0.461986,0.575843,0.444947
1.408,TARGET_1,-0.555795,-0.465102,-0.567106,-0.465406
1.408,TARGET_2,0.560176,0.460176,0.560322,0.464487
1.472,TARGET_1,-0.553786,-0.463515,-0.556277,-0.469418
1.472,TARGET_2,0.558366,0.458366,0.554365,0.453010
1.536,TARGET_1,-0.551777,-0.461929,-0.564184,-0.445632
1.536,TARGET_2,0.556555,0.456555,0.561488,0.439134
1.600,TARGET_1,-0.549768,-0.460343,-0.534155,-0.451615
1.600,TARGET_2,0.554745,0.454745,0.557065,0.468699
1.664,TARGET_1,-0.547758,-0.458756,-0.539630,-0.439301
1.664,TARGET_2,0.552935,0.452935,0.533638,0.453874
1.728,TARGET_1,-0.545749,-0.457170,-0.526470,-0.443033
1.728,TARGET_2,0.551125,0.451125,0.550032,0.450782
1.792,TARGET_1,-0.543740,-0.455584,-0.540836,-0.470961
1.792,TARGET_2,0.549315,0.449315,0.530561,0.446882
1.856,TARGET_1,-0.541730,-0.453998,-0.526336,-0.448556
1.856,TARGET_2,0.547504,0.447504,0.540569,0.439379
1.920,TARGET_1,-0.539721,-0.452411,-0.554252,-0.462980
1.920,TARGET_2,0.545694,0.445694,0.564526,0.445886
1.984,TARGET_1,-0.537712,-0.450825,-0.530531,-0.457064
1.984,TARGET_2,0.543884,0.443884,0.552978,0.428616
2.048,TARGET_1,-0.535702,-0.449239,-0.523352,-0.461648
2.048,TARGET_2,0.542074,0.442074,0.524558,0.453326
2.112,TARGET_1,-0.533693,-0.447652,-0.514969,-0.435031
2.112,TARGET_2,0.540264,0.440264,0.529336,0.424285
2.176,TARGET_1,-0.531684,-0.446066,-0.521608,-0.438274
2.176,TARGET_2,0.538453,0.438453,0.539736,0.436508
2.240,TARGET_1,-0.529675,-0.444480,-0.525169,-0.455120
2.240,TARGET_2,0.536643,0.436643,0.555287,0.446500
2.304,TARGET_1,-0.527665,-0.442894,-0.520456,-0.425270
2.304,TARGET_2,0.534833,0.434833,0.547457,0.422768
2.368,TARGET_1,-0.525656,-0.441307,-0.521725,-0.439771
2.368,TARGET_2,0.533023,0.433023,0.530807,0.437353
2.432,TARGET_1,-0.523647,-0.439721,-0.512261,-0.427254
2.432,TARGET_2,0.531213,0.431213,0.546728,0.419619
2.496,TARGET_1,-0.521637,-0.438135,-0.540771,-0.439799
2.496,TARGET_2,0.529402,0.429402,0.526000,0.433568
2.560,TARGET_1,-0.519628,-0.436548,-0.508295,-0.427138
2.560,TARGET_2,0.527592,0.427592,0.536441,0.439911
2.624,TARGET_1,-0.517619,-0.434962,-0.529451,-0.447988
2.624,TARGET_2,0.525782,0.425782,0.541871,0.444162
2.688,TARGET_1,-0.515609,-0.433376,-0.531694,-0.447226
2.688,TARGET_2,0.523972,0.423972,0.538660,0.431989
2.752,TARGET_1,-0.513600,-0.431790,-0.496391,-0.427682
2.752,TARGET_2,0.522162,0.422162,0.516109,0.433093
2.816,TARGET_1,-0.511591,-0.430203,-0.525437,-0.425299
2.816,TARGET_2,0.520351,0.420351,0.506897,0.434844
2.880,TARGET_1,-0.509582,-0.428617,-0.497164,-0.436381
2.880,TARGET_2,0.518541,0.418541,0.533871,0.406927
2.944,TARGET_1,-0.507572,-0.427031,-0.495307,-0.425723
2.944,TARGET_2,0.516731,0.416731,0.519398,0.398274
3.008,TARGET_1,-0.505563,-0.425444,-0.494759,-0.444335
3.008,TARGET_2,0.514921,0.414921,0.523559,0.407487
3.072,TARGET_1,-0.503554,-0.423858,-0.487869,-0.425530
3.072,TARGET_2,0.513111,0.413111,0.497416,0.428043
3.136,TARGET_1,-0.501544,-0.422272,-0.495053,-0.408131
3.136,TARGET_2,0.511301,0.411301,0.517606,0.409510
3.200,TARGET_1,-0.499535,-0.420686,-0.483429,-0.435521
3.200,TARGET_2,0.509490,0.409490,0.528508,0.416028
3.264,TARGET_1,-0.497526,-0.419099,-0.517275,-0.399303
3.264,TARGET_2,0.507680,0.407680,0.518251,0.403304
3.328,TARGET_1,-0.495516,-0.417513,-0.484008,-0.436348
3.328,TARGET_2,0.505870,0.405870,0.514793,0.415381
3.392,TARGET_1,-0.493507,-0.415927,-0.479479,-0.427908
3.392,TARGET_2,0.504060,0.404060,0.488325,0.422409
3.456,TARGET_1,-0.491498,-0.414340,-0.476308,-0.409623
3.456,TARGET_2,0.502250,0.402250,0.506258,0.400689
3.520,TARGET_1,-0.489489,-0.412754,-0.479010,-0.401126
3.520,TARGET_2,0.500439,0.400439,0.507034,0.396241
3.584,TARGET_1,-0.487479,-0.411168,-0.469683,-0.424001
3.584,TARGET_2,0.498629,0.398629,0.479021,0.413120
3.648,TARGET_1,-0.485470,-0.409582,-0.467975,-0.416860
3.648,TARGET_2,0.496819,0.396819,0.490733,0.387762
3.712,TARGET_1,-0.483461,-0.407995,-0.489111,-0.416275
3.712,TARGET_2,0.495009,0.395009,0.478622,0.410590
3.776,TARGET_1,-0.481451,-0.406409,-0.483710,-0.392319
3.776,TARGET_2,0.493199,0.393199,0.478714,0.376130
3.840,TARGET_1,-0.479442,-0.404823,-0.483154,-0.387470
3.840,TARGET_2,0.491388,0.391388,0.488302,0.382910
3.904,TARGET_1,-0.477433,-0.403236,-0.474247,-0.387622
3.904,TARGET_2,0.489578,0.389578,0.483984,0.384353
3.968,TARGET_1,-0.475423,-0.401650,-0.466931,-0.413948
3.968,TARGET_2,0.487768,0.387768,0.502278,0.371950
4.032,TARGET_1,-0.473414,-0.400064,-0.478788,-0.384385
4.032,TARGET_2,0.485958,0.385958,0.469049,0.391949
4.096,TARGET_1,-0.471405,-0.398477,-0.460094,-0.393478
4.096,TARGET_2,0.484148,0.384148,0.484036,0.396794
4.160,TARGET_1,-0.469396,-0.396891,-0.483171,-0.399317
4.160,TARGET_2,0.482337,0.382337,0.486691,0.392601
4.224,TARGET_1,-0.467386,-0.395305,-0.459783,-0.406353
4.224,TARGET_2,0.480527,0.380527,0.489603,0.363885
4.288,TARGET_1,-0.465377,-0.393719,-0.470335,-0.412813
4.288,TARGET_2,0.478717,0.378717,0.465751,0.396813
4.352,TARGET_1,-0.463368,-0.392132,-0.448606,-0.411472
4.352,TARGET_2,0.476907,0.376907,0.475831,0.362202
4.416,TARGET_1,-0.461358,-0.390546,-0.465795,-0.392547
4.416,TARGET_2,0.475097,0.375097,0.481914,0.379568
4.480,TARGET_1,-0.459349,-0.388960,-0.477602,-0.397436
4.480,TARGET_2,0.473286,0.373286,0.473679,0.383398
4.544,TARGET_1,-0.457340,-0.387373,-0.458107,-0.372071
4.544,TARGET_2,0.471476,0.371476,0.473484,0.372980
4.608,TARGET_1,-0.455330,-0.385787,-0.464209,-0.388639
4.608,TARGET_2,0.469666,0.369666,0.486496,0.386963
4.672,TARGET_1,-0.453321,-0.384201,-0.434339,-0.384402
4.672,TARGET_2,0.467856,0.367856,0.482170,0.383956
4.736,TARGET_1,-0.451312,-0.382615,-0.465242,-0.386371
4.736,TARGET_2,0.466046,0.366046,0.473294,0.350381
4.800,TARGET_1,-0.449303,-0.381028,-0.450539,-0.370617
4.800,TARGET_2,0.464235,0.364235,0.458864,0.376848
4.864,TARGET_1,-0.447293,-0.379442,-0.464848,-0.364901
4.864,TARGET_2,0.462425,0.362425,0.457040,0.344286
4.928,TARGET_1,-0.445284,-0.377856,-0.457198,-0.383452
4.928,TARGET_2,0.460615,0.360615,0.474426,0.361108
4.992,TARGET_1,-0.443275,-0.376269,-0.437484,-0.362576
4.992,TARGET_2,0.458805,0.358805,0.477933,0.352618
5.056,TARGET_1,-0.441265,-0.374683,-0.439730,-0.365891
5.056,TARGET_2,0.456995,0.356995,0.455462,0.343952
5.120,TARGET_1,-0.439256,-0.373097,-0.445886,-0.387914
5.120,TARGET_2,0.455185,0.355185,0.471681,0.357778
5.184,TARGET_1,-0.437247,-0.371511,-0.433933,-0.384759
5.184,TARGET_2,0.453374,0.353374,0.445107,0.348009
5.248,TARGET_1,-0.435237,-0.369924,-0.454031,-0.380695
5.248,TARGET_2,0.451564,0.351564,0.432789,0.370787
5.312,TARGET_1,-0.433228,-0.368338,-0.416458,-0.359317
5.312,TARGET_2,0.449754,0.349754,0.468804,0.333976
5.376,TARGET_1,-0.431219,-0.366752,-0.415111,-0.348064
5.376,TARGET_2,0.447944,0.347944,0.462836,0.366435
5.440,TARGET_1,-0.429210,-0.365165,-0.430282,-0.364861
5.440,TARGET_2,0.446134,0.346134,0.445087,0.348283
5.504,TARGET_1,-0.427200,-0.363579,-0.434502,-0.355611
5.504,TARGET_2,0.444323,0.344323,0.463758,0.363451
5.568,TARGET_1,-0.425191,-0.361993,-0.425171,-0.351305
5.568,TARGET_2,0.442513,0.342513,0.461364,0.335737
5.632,TARGET_1,-0.423182,-0.360407,-0.407731,-0.373478
5.632,TARGET_2,0.440703,0.340703,0.436127,0.329641
5.696,TARGET_1,-0.421172,-0.358820,-0.413151,-0.356785
5.696,TARGET_2,0.438893,0.338893,0.454695,0.337193
5.760,TARGET_1,-0.419163,-0.357234,-0.413444,-0.337439
5.760,TARGET_2,0.437083,0.337083,0.422436,0.352065
5.824,TARGET_1,-0.417154,-0.355648,-0.418984,-0.336247
5.824,TARGET_2,0.435272,0.335272,0.417572,0.352196
5.888,TARGET_1,-0.415144,-0.354061,-0.421378,-0.345011
5.888,TARGET_2,0.433462,0.333462,0.415378,0.352176
5.952,TARGET_1,-0.413135,-0.352475,-0.425624,-0.365043
5.952,TARGET_2,0.431652,0.331652,0.448711,0.346647
6.016,TARGET_1,-0.411126,-0.350889,-0.395324,-0.346530
6.016,TARGET_2,0.429842,0.329842,0.431125,0.345981
6.080,TARGET_1,-0.409117,-0.349303,-0.394692,-0.337522
6.080,TARGET_2,0.428032,0.328032,0.408814,0.325453
6.144,TARGET_1,-0.407107,-0.347716,-0.391103,-0.331258
6.144,TARGET_2,0.426221,0.326221,0.427616,0.329202
6.208,TARGET_1,-0.405098,-0.346130,-0.401948,-0.360628
6.208,TARGET_2,0.424411,0.324411,0.421370,0.310189
6.272,TARGET_1,-0.403089,-0.344544,-0.409530,-0.328468
6.272,TARGET_2,0.422601,0.322601,0.427831,0.307432
6.336,TARGET_1,-0.401079,-0.342957,-0.407755,-0.362491
6.336,TARGET_2,0.420791,0.320791,0.418423,0.301749
6.400,TARGET_1,-0.399070,-0.341371,-0.404381,-0.343546
6.400,TARGET_2,0.418981,0.318981,0.408074,0.311281
6.464,TARGET_1,-0.397061,-0.339785,-0.382549,-0.356021
6.464,TARGET_2,0.417170,0.317170,0.411362,0.308007
6.528,TARGET_1,-0.395051,-0.338198,-0.405371,-0.349075
6.528,TARGET_2,0.415360,0.315360,0.431259,0.316547
6.592,TARGET_1,-0.393042,-0.336612,-0.387309,-0.317500
6.592,TARGET_2,0.413550,0.313550,0.406690,0.316468
6.656,TARGET_1,-0.391033,-0.335026,-0.396109,-0.330935
6.656,TARGET_2,0.411740,0.311740,0.425183,0.309361
6.720,TARGET_1,-0.389024,-0.333440,-0.409022,-0.320183
6.720,TARGET_2,0.409930,0.309930,0.406825,0.291928
6.784,TARGET_1,-0.387014,-0.331853,-0.387080,-0.349400
6.784,TARGET_2,0.408120,0.308120,0.405818,0.296347
6.848,TARGET_1,-0.385005,-0.330267,-0.391159,-0.322882
6.848,TARGET_2,0.406309,0.306309,0.415859,0.319133
6.912,TARGET_1,-0.382996,-0.328681,-0.363604,-0.335222
6.912,TARGET_2,0.406907,0.303820,0.387989,0.299101
6.976,TARGET_1,-0.380986,-0.327094,-0.379135,-0.333565
6.976,TARGET_2,0.407505,0.301331,0.415170,0.289063
7.040,TARGET_1,-0.378977,-0.325508,-0.388811,-0.340733
7.040,TARGET_2,0.408103,0.298842,0.413849,0.295703
7.104,TARGET_1,-0.376968,-0.323922,-0.380784,-0.307949
7.104,TARGET_2,0.408701,0.296353,0.404753,0.295687
7.168,TARGET_1,-0.374958,-0.322336,-0.381606,-0.325935
7.168,TARGET_2,0.409299,0.293863,0.391150,0.305874
7.232,TARGET_1,-0.372949,-0.320749,-0.381826,-0.303097
7.232,TARGET_2,0.409897,0.291374,0.398445,0.289520
7.296,TARGET_1,-0.370940,-0.319163,-0.369639,-0.319596
7.296,TARGET_2,0.410495,0.288885,0.421352,0.299772
7.360,TARGET_1,-0.368931,-0.317577,-0.356334,-0.326005
7.360,TARGET_2,0.411093,0.286396,0.404892,0.281654
7.424,TARGET_1,-0.366921,-0.315990,-0.377277,-0.315340
7.424,TARGET_2,0.411691,0.283907,0.405483,0.293836
7.488,TARGET_1,-0.364912,-0.314404,-0.352206,-0.317198
7.488,TARGET_2,0.412289,0.281417,0.418333,0.291406
7.552,TARGET_1,-0.362903,-0.312818,-0.348564,-0.302745
7.552,TARGET_2,0.412887,0.278928,0.417436,0.270926
7.616,TARGET_1,-0.360893,-0.311232,-0.371632,-0.309329
7.616,TARGET_2,0.413485,0.276439,0.414378,0.278978
7.680,TARGET_1,-0.358884,-0.309645,-0.345201,-0.313436
7.680,TARGET_2,0.414083,0.273950,0.402235,0.285497
7.744,TARGET_1,-0.356875,-0.308059,-0.366559,-0.320768
7.744,TARGET_2,0.414681,0.271461,0.430789,0.263110
7.808,TARGET_1,-0.354865,-0.306473,-0.339504,-0.322173
7.808,TARGET_2,0.415279,0.268971,0.399325,0.273744
7.872,TARGET_1,-0.352856,-0.304886,-0.349170,-0.304192
7.872,TARGET_2,0.415877,0.266482,0.413265,0.263742
7.936,TARGET_1,-0.350847,-0.303300,-0.362385,-0.322956
7.936,TARGET_2,0.416474,0.263993,0.410855,0.248760
8.000,TARGET_1,-0.348838,-0.301714,-0.337340,-0.310191
8.000,TARGET_2,0.417072,0.261504,0.426218,0.269665
8.064,TARGET_1,-0.346828,-0.300128,-0.366303,-0.300104
8.064,TARGET_2,0.417670,0.259015,0.434949,0.240698
8.128,TARGET_1,-0.344819,-0.298541,-0.335115,-0.305848
8.128,TARGET_2,0.418268,0.256526,0.428560,0.271176
8.192,TARGET_1,-0.342810,-0.296955,-0.323253,-0.294365
8.192,TARGET_2,0.418866,0.254036,0.423996,0.261919
8.256,TARGET_1,-0.340800,-0.295369,-0.348175,-0.288339
8.256,TARGET_2,0.419464,0.251547,0.414479,0.237739
8.320,TARGET_1,-0.338791,-0.293782,-0.357722,-0.283998
8.320,TARGET_2,0.420062,0.249058,0.407931,0.257153
8.384,TARGET_1,-0.336782,-0.292196,-0.354306,-0.293530
8.384,TARGET_2,0.420660,0.246569,0.439226,0.240641
8.448,TARGET_1,-0.334772,-0.290610,-0.354658,-0.280868
8.448,TARGET_2,0.421258,0.244080,0.422514,0.238655
8.512,TARGET_1,-0.332763,-0.289024,-0.348863,-0.299566
8.512,TARGET_2,0.421856,0.241590,0.409886,0.240646
8.576,TARGET_1,-0.330754,-0.287437,-0.322445,-0.281548
8.576,TARGET_2,0.422454,0.239101,0.402607,0.246360
8.640,TARGET_1,-0.328745,-0.285851,-0.345250,-0.305464
8.640,TARGET_2,0.423052,0.236612,0.441176,0.220649
8.704,TARGET_1,-0.326735,-0.284265,-0.310867,-0.273401
8.704,TARGET_2,0.423650,0.234123,0.440467,0.253043
8.768,TARGET_1,-0.324726,-0.282678,-0.330374,-0.264708
8.768,TARGET_2,0.424248,0.231634,0.416206,0.223338
8.832,TARGET_1,-0.322717,-0.281092,-0.324082,-0.295683
8.832,TARGET_2,0.424846,0.229144,0.409012,0.214464
8.896,TARGET_1,-0.320707,-0.279506,-0.335129,-0.273852
8.896,TARGET_2,0.425444,0.226655,0.432278,0.213845
8.960,TARGET_1,-0.318698,-0.277919,-0.308579,-0.275632
8.960,TARGET_2,0.426042,0.224166,0.430117,0.224543
9.024,TARGET_1,-0.316689,-0.276333,-0.299849,-0.296094
9.024,TARGET_2,0.426640,0.221677,0.411654,0.207407
9.088,TARGET_1,-0.314679,-0.274747,-0.296160,-0.279567
9.088,TARGET_2,0.427238,0.219188,0.427884,0.215499
9.152,TARGET_1,-0.312670,-0.273161,-0.294795,-0.259886
9.152,TARGET_2,0.427836,0.216699,0.437352,0.222019
9.216,TARGET_1,-0.310661,-0.271574,-0.301904,-0.258970
9.216,TARGET_2,0.428433,0.214209,0.446931,0.203013
9.280,TARGET_1,-0.308652,-0.269988,-0.295606,-0.252524
9.280,TARGET_2,0.429031,0.211720,0.413907,0.216089
9.344,TARGET_1,-0.306642,-0.268402,-0.297132,-0.251595
9.344,TARGET_2,0.429629,0.209231,0.415665,0.196389
9.408,TARGET_1,-0.304633,-0.266815,-0.313777,-0.248739
9.408,TARGET_2,0.430227,0.206742,0.413172,0.211098
9.472,TARGET_1,-0.302624,-0.265229,-0.297381,-0.277552
9.472,TARGET_2,0.430825,0.204253,0.434574,0.213701
9.536,TARGET_1,-0.300614,-0.263643,-0.282127,-0.254295
9.536,TARGET_2,0.431423,0.201763,0.425088,0.199255
9.600,TARGET_1,-0.298605,-0.262057,-0.285370,-0.250400
9.600,TARGET_2,0.432021,0.199274,0.429498,0.201952
9.664,TARGET_1,-0.296596,-0.260470,-0.295269,-0.264574
9.664,TARGET_2,0.432619,0.196785,0.433467,0.196153
9.728,TARGET_1,-0.294586,-0.258884,-0.288969,-0.263251
9.728,TARGET_2,0.433217,0.194296,0.449920,0.182236
9.792,TARGET_1,-0.292577,-0.257298,-0.285073,-0.238180
9.792,TARGET_2,0.433815,0.191807,0.416774,0.198424
9.856,TARGET_1,-0.290568,-0.255711,-0.294168,-0.249850
9.856,TARGET_2,0.434413,0.189317,0.452235,0.179890
9.920,TARGET_1,-0.288559,-0.254125,-0.291141,-0.245531
9.920,TARGET_2,0.435011,0.186828,0.433913,0.206395
9.984,TARGET_1,-0.286549,-0.252539,-0.273047,-0.260678
9.984,TARGET_2,0.435609,0.184339,0.448041,0.179651
10.048,TARGET_1,-0.284540,-0.250953,-0.286273,-0.232442
10.048,TARGET_2,0.436207,0.181850,0.434999,0.191747
10.112,TARGET_1,-0.282531,-0.249366,-0.286744,-0.234042
10.112,TARGET_2,0.436805,0.179361,0.417421,0.185806
10.176,TARGET_1,-0.280521,-0.247780,-0.276934,-0.238736
10.176,TARGET_2,0.437403,0.176872,0.437146,0.170172
10.240,TARGET_1,-0.278512,-0.246194,-0.263419,-0.262173
10.240,TARGET_2,0.438001,0.174382,0.427217,0.187359
10.304,TARGET_1,-0.276503,-0.244607,-0.278728,-0.231824
10.304,TARGET_2,0.438599,0.171893,0.425246,0.179023
10.368,TARGET_1,-0.274493,-0.243021,-0.291234,-0.232312
10.368,TARGET_2,0.439197,0.169404,0.434317,0.188183
10.432,TARGET_1,-0.272484,-0.241435,-0.286860,-0.235306
10.432,TARGET_2,0.439795,0.166915,0.457751,0.159977
10.496,TARGET_1,-0.270475,-0.239849,-0.266309,-0.242813
10.496,TARGET_2,0.440392,0.164426,0.453930,0.182172
10.560,TARGET_1,-0.268466,-0.238262,-0.281611,-0.232557
10.560,TARGET_2,0.440990,0.161936,0.457453,0.146688
10.624,TARGET_1,-0.266456,-0.236676,-0.255700,-0.234229
10.624,TARGET_2,0.441588,0.159447,0.452875,0.153400
10.688,TARGET_1,-0.264447,-0.235090,-0.268803,-0.245334
10.688,TARGET_2,0.442186,0.156958,0.447266,0.157442
10.752,TARGET_1,-0.262438,-0.233503,-0.255363,-0.235411
10.752,TARGET_2,0.442784,0.154469,0.447858,0.141283
10.816,TARGET_1,-0.260428,-0.231917,-0.275269,-0.227353
10.816,TARGET_2,0.443382,0.151980,0.431009,0.152819
10.880,TARGET_1,-0.258419,-0.230331,-0.263124,-0.224596
10.880,TARGET_2,0.443980,0.149490,0.448758,0.130727
10.944,TARGET_1,-0.256410,-0.228745,-0.259321,-0.212901
10.944,TARGET_2,0.444578,0.147001,0.439187,0.138341
11.008,TARGET_1,-0.254400,-0.227158,-0.266649,-0.245511
11.008,TARGET_2,0.445176,0.144512,0.446894,0.127286
11.072,TARGET_1,-0.252391,-0.225572,-0.256219,-0.240412
11.072,TARGET_2,0.445774,0.142023,0.459763,0.132134
11.136,TARGET_1,-0.250382,-0.223986,-0.266411,-0.218453
11.136,TARGET_2,0.446372,0.139534,0.448327,0.137322
11.200,TARGET_1,-0.248373,-0.222399,-0.238639,-0.211073
11.200,TARGET_2,0.446970,0.137045,0.453956,0.117585
11.264,TARGET_1,-0.246363,-0.220813,-0.253658,-0.206393
11.264,TARGET_2,0.447568,0.134555,0.432125,0.133159
11.328,TARGET_1,-0.244354,-0.219227,-0.252149,-0.202413
11.328,TARGET_2,0.448166,0.132066,0.457008,0.140994
11.392,TARGET_1,-0.242345,-0.217640,-0.223383,-0.216069
11.392,TARGET_2,0.448764,0.129577,0.433652,0.123237
11.456,TARGET_1,-0.240335,-0.216054,-0.225661,-0.196899
11.456,TARGET_2,0.449362,0.127088,0.443974,0.114230
11.520,TARGET_1,-0.238326,-0.214468,-0.222298,-0.214073
11.520,TARGET_2,0.449960,0.124599,0.432844,0.127273
11.584,TARGET_1,-0.236317,-0.212882,-0.216920,-0.225527
11.584,TARGET_2,0.450558,0.122109,0.440496,0.122394
11.648,TARGET_1,-0.234307,-0.211295,-0.231793,-0.197952
11.648,TARGET_2,0.451156,0.119620,0.447500,0.136411
11.712,TARGET_1,-0.232298,-0.209709,-0.212959,-0.206414
11.712,TARGET_2,0.451753,0.117131,0.438591,0.116470
11.776,TARGET_1,-0.230289,-0.208123,-0.245910,-0.202299
11.776,TARGET_2,0.452351,0.114642,0.471551,0.098386
11.840,TARGET_1,-0.228280,-0.206536,-0.245569,-0.198401
11.840,TARGET_2,0.452949,0.112153,0.437428,0.110979
11.904,TARGET_1,-0.226270,-0.204950,-0.224309,-0.199844
11.904,TARGET_2,0.453547,0.109663,0.458347,0.127676
11.968,TARGET_1,-0.224261,-0.203364,-0.221774,-0.189635
11.968,TARGET_2,0.454145,0.107174,0.449113,0.126640
12.032,TARGET_1,-0.222252,-0.201778,-0.240244,-0.217555
12.032,TARGET_2,0.454743,0.104685,0.468941,0.100654
12.096,TARGET_1,-0.220242,-0.200191,-0.229296,-0.181172
12.096,TARGET_2,0.455341,0.102196,0.469465,0.118026
12.160,TARGET_1,-0.218233,-0.198605,-0.223521,-0.187720
12.160,TARGET_2,0.455939,0.099707,0.465365,0.115753
12.224,TARGET_1,-0.216224,-0.197019,-0.197022,-0.205566
12.224,TARGET_2,0.456537,0.097218,0.453798,0.086214
12.288,TARGET_1,-0.214214,-0.195432,-0.218477,-0.214057
12.288,TARGET_2,0.457135,0.094728,0.468918,0.098616
12.352,TARGET_1,-0.212205,-0.193846,-0.230480,-0.200462
12.352,TARGET_2,0.457733,0.092239,0.457712,0.096455
12.416,TARGET_1,-0.210196,-0.192260,-0.196943,-0.172788
12.416,TARGET_2,0.458331,0.089750,0.443436,0.072255
12.480,TARGET_1,-0.208187,-0.190674,-0.222294,-0.177192
12.480,TARGET_2,0.458929,0.087261,0.462859,0.080812
12.544,TARGET_1,-0.206177,-0.189087,-0.186211,-0.208756
12.544,TARGET_2,0.459527,0.084772,0.463588,0.092207
12.608,TARGET_1,-0.204168,-0.187501,-0.217669,-0.204372
12.608,TARGET_2,0.460125,0.082282,0.447734,0.065830
12.672,TARGET_1,-0.202159,-0.185915,-0.192010,-0.166495
12.672,TARGET_2,0.460723,0.079793,0.448142,0.086686
12.736,TARGET_1,-0.200149,-0.184328,-0.214846,-0.166487
12.736,TARGET_2,0.461321,0.077304,0.463456,0.065189
12.800,TARGET_1,-0.198140,-0.182742,-0.196468,-0.196341
12.800,TARGET_2,0.461919,0.074815,0.458259,0.081748
12.864,TARGET_1,-0.196131,-0.181156,-0.200582,-0.177493
12.864,TARGET_2,0.462517,0.072326,0.474546,0.077354
12.928,TARGET_1,-0.194121,-0.179570,-0.191081,-0.175516
12.928,TARGET_2,0.463115,0.069836,0.480768,0.051439
12.992,TARGET_1,-0.192112,-0.177983,-0.180611,-0.169405
12.992,TARGET_2,0.463712,0.067347,0.444710,0.068243
13.056,TARGET_1,-0.190103,-0.176397,-0.204689,-0.184230
13.056,TARGET_2,0.464310,0.064858,0.456446,0.072956
13.120,TARGET_1,-0.188094,-0.174811,-0.205115,-0.175897
13.120,TARGET_2,0.464908,0.062369,0.467618,0.058870
13.184,TARGET_1,-0.186084,-0.173224,-0.166433,-0.156766
13.184,TARGET_2,0.465506,0.059880,0.473303,0.066799
13.248,TARGET_1,-0.184075,-0.171638,-0.189192,-0.190887
13.248,TARGET_2,0.466104,0.057391,0.462690,0.038012
13.312,TARGET_1,-0.182066,-0.170052,-0.163738,-0.187581
13.312,TARGET_2,0.466702,0.054901,0.484861,0.041933
13.376,TARGET_1,-0.180056,-0.168466,-0.168328,-0.162140
13.376,TARGET_2,0.467300,0.052412,0.475872,0.059861
13.440,TARGET_1,-0.178047,-0.166879,-0.175269,-0.172393
13.440,TARGET_2,0.467898,0.049923,0.473437,0.045940
13.504,TARGET_1,-0.176038,-0.165293,-0.188865,-0.159858
13.504,TARGET_2,0.468496,0.047434,0.465420,0.046675
13.568,TARGET_1,-0.174028,-0.163707,-0.158905,-0.144280
13.568,TARGET_2,0.469094,0.044945,0.458422,0.060178
13.632,TARGET_1,-0.172019,-0.162120,-0.153461,-0.160267
13.632,TARGET_2,0.469692,0.042455,0.452682,0.056449
13.696,TARGET_1,-0.170010,-0.160534,-0.174710,-0.144775
13.696,TARGET_2,0.470290,0.039966,0.469565,0.039929
13.760,TARGET_1,-0.168001,-0.158948,-0.181575,-0.164224
13.760,TARGET_2,0.470888,0.037477,0.477877,0.055553
13.824,TARGET_1,-0.165991,-0.157361,-0.182898,-0.149955
13.824,TARGET_2,0.471486,0.034988,0.485253,0.019572
13.888,TARGET_1,-0.163982,-0.155775,-0.164920,-0.170803
13.888,TARGET_2,0.472084,0.032499,0.480879,0.036402
13.952,TARGET_1,-0.161973,-0.154189,-0.156801,-0.171534
13.952,TARGET_2,0.472682,0.030009,0.455787,0.042722
14.016,TARGET_1,-0.159963,-0.152603,-0.157941,-0.165884
14.016,TARGET_2,0.473280,0.027520,0.466991,0.040104
14.080,TARGET_1,-0.157954,-0.151016,-0.150845,-0.132960
14.080,TARGET_2,0.473878,0.025031,0.491677,0.037395
14.144,TARGET_1,-0.155945,-0.149430,-0.163284,-0.165757
14.144,TARGET_2,0.474476,0.022542,0.477740,0.004123
14.208,TARGET_1,-0.153935,-0.147844,-0.163509,-0.160513
14.208,TARGET_2,0.475074,0.020053,0.456903,0.036166
14.272,TARGET_1,-0.151926,-0.146257,-0.152256,-0.155709
14.272,TARGET_2,0.475671,0.017564,0.486645,0.034930
14.336,TARGET_1,-0.149917,-0.144671,-0.155301,-0.129389
14.336,TARGET_2,0.476269,0.015074,0.487220,0.021314
14.400,TARGET_1,-0.147908,-0.143085,-0.160306,-0.123622
14.400,TARGET_2,0.476867,0.012585,0.460003,0.025661
14.464,TARGET_1,-0.145898,-0.141499,-0.141723,-0.144803
14.464,TARGET_2,0.477465,0.010096,0.473417,-0.005004
14.528,TARGET_1,-0.143889,-0.139912,-0.137482,-0.148566
14.528,TARGET_2,0.478063,0.007607,0.462674,0.018773
14.592,TARGET_1,-0.141880,-0.138326,-0.161240,-0.158072
14.592,TARGET_2,0.478661,0.005118,0.469615,-0.005613
14.656,TARGET_1,-0.139870,-0.136740,-0.153909,-0.144383
14.656,TARGET_2,0.479259,0.002628,0.488857,-0.006299
14.720,TARGET_1,-0.137861,-0.135153,-0.118250,-0.117718
14.720,TARGET_2,0.479857,0.000139,0.466536,0.011844
14.784,TARGET_1,-0.135852,-0.133567,-0.120252,-0.138299
14.784,TARGET_2,0.480455,-0.002350,0.497871,-0.000487
14.848,TARGET_1,-0.133842,-0.131981,-0.141058,-0.135564
14.848,TARGET_2,0.481053,-0.004839,0.489795,-0.019939
14.912,TARGET_1,-0.131833,-0.130395,-0.143190,-0.124500
14.912,TARGET_2,0.481651,-0.007328,0.494939,-0.007429
14.976,TARGET_1,-0.129824,-0.128808,-0.134828,-0.147817
14.976,TARGET_2,0.482249,-0.009818,0.463171,-0.017774
15.040,TARGET_1,-0.127815,-0.127222,-0.115875,-0.132739
15.040,TARGET_2,0.482847,-0.012307,0.496974,-0.020824
15.104,TARGET_1,-0.125805,-0.125636,-0.129572,-0.111166
15.104,TARGET_2,0.483445,-0.014796,0.476896,-0.032824
15.168,TARGET_1,-0.123796,-0.124049,-0.143414,-0.111922
15.168,TARGET_2,0.484043,-0.017285,0.503346,-0.016762
15.232,TARGET_1,-0.121787,-0.122463,-0.103106,-0.133883
15.232,TARGET_2,0.484641,-0.019774,0.500936,-0.030448
15.296,TARGET_1,-0.119777,-0.120877,-0.123327,-0.108703
15.296,TARGET_2,0.485239,-0.022263,0.471679,-0.041078
15.360,TARGET_1,-0.117768,-0.119291,-0.119024,-0.101905
15.360,TARGET_2,0.485837,-0.024753,0.503261,-0.005037
15.424,TARGET_1,-0.115759,-0.117704,-0.121021,-0.101080
15.424,TARGET_2,0.486435,-0.027242,0.498624,-0.031688
15.488,TARGET_1,-0.113749,-0.116118,-0.099663,-0.119941
15.488,TARGET_2,0.487033,-0.029731,0.493144,-0.029876
15.552,TARGET_1,-0.111740,-0.114532,-0.100258,-0.126989
15.552,TARGET_2,0.487630,-0.032220,0.485638,-0.015941
15.616,TARGET_1,-0.109731,-0.112945,-0.114075,-0.127548
15.616,TARGET_2,0.488228,-0.034709,0.489430,-0.041961
15.680,TARGET_1,-0.107722,-0.111359,-0.088622,-0.107893
15.680,TARGET_2,0.488826,-0.037199,0.489772,-0.042959
15.744,TARGET_1,-0.105712,-0.109773,-0.100995,-0.090244
15.744,TARGET_2,0.489424,-0.039688,0.493820,-0.041869
15.808,TARGET_1,-0.103703,-0.108187,-0.097992,-0.127382
15.808,TARGET_2,0.490022,-0.042177,0.479450,-0.050974
15.872,TARGET_1,-0.101694,-0.106600,-0.106808,-0.125592
15.872,TARGET_2,0.490620,-0.044666,0.509152,-0.028582
15.936,TARGET_1,-0.099684,-0.105014,-0.080002,-0.124760
15.936,TARGET_2,0.491218,-0.047155,0.495246,-0.029684
16.000,TARGET_1,-0.097675,-0.103428,-0.078521,-0.084288
16.000,TARGET_2,0.491816,-0.049645,0.482683,-0.069345
16.064,TARGET_1,-0.095666,-0.101841,-0.076520,-0.083647
16.064,TARGET_2,0.492414,-0.052134,0.495670,-0.037587
16.128,TARGET_1,-0.093656,-0.100255,-0.091729,-0.106270
16.128,TARGET_2,0.493012,-0.054623,0.494374,-0.064499
16.192,TARGET_1,-0.091647,-0.098669,-0.085113,-0.115568
16.192,TARGET_2,0.493610,-0.057112,0.487950,-0.074334
16.256,TARGET_1,-0.089638,-0.097082,-0.093585,-0.111797
16.256,TARGET_2,0.494208,-0.059601,0.510162,-0.047332
16.320,TARGET_1,-0.087629,-0.095496,-0.079511,-0.078541
16.320,TARGET_2,0.494806,-0.062090,0.503809,-0.048056
16.384,TARGET_1,-0.085619,-0.093910,-0.080766,-0.107551
16.384,TARGET_2,0.495404,-0.064580,0.500250,-0.058921
16.448,TARGET_1,-0.083610,-0.092324,-0.065082,-0.090685
16.448,TARGET_2,0.496002,-0.067069,0.500246,-0.077735
16.512,TARGET_1,-0.081601,-0.090737,-0.072448,-0.107728
16.512,TARGET_2,0.496600,-0.069558,0.482384,-0.077971
16.576,TARGET_1,-0.079591,-0.089151,-0.089302,-0.098799
16.576,TARGET_2,0.497198,-0.072047,0.505325,-0.090516
16.640,TARGET_1,-0.077582,-0.087565,-0.078269,-0.070133
16.640,TARGET_2,0.497796,-0.074536,0.490135,-0.085664
16.704,TARGET_1,-0.075573,-0.085978,-0.087211,-0.101967
16.704,TARGET_2,0.498394,-0.077026,0.488944,-0.074077
16.768,TARGET_1,-0.073563,-0.084392,-0.061298,-0.087277
16.768,TARGET_2,0.498992,-0.079515,0.506182,-0.065503
16.832,TARGET_1,-0.071554,-0.082806,-0.081899,-0.070143
16.832,TARGET_2,0.499589,-0.082004,0.518634,-0.063957
16.896,TARGET_1,-0.069545,-0.081220,-0.056007,-0.072458
16.896,TARGET_2,0.500187,-0.084493,0.480588,-0.098154
16.960,TARGET_1,-0.067536,-0.079633,-0.059965,-0.077752
16.960,TARGET_2,0.500785,-0.086982,0.520314,-0.105909
17.024,TARGET_1,-0.065526,-0.078047,-0.081240,-0.060872
17.024,TARGET_2,0.501383,-0.089472,0.514092,-0.071287
17.088,TARGET_1,-0.063517,-0.076461,-0.081989,-0.092278
17.088,TARGET_2,0.501981,-0.091961,0.484099,-0.073234
17.152,TARGET_1,-0.061508,-0.074874,-0.048175,-0.085694
17.152,TARGET_2,0.502579,-0.094450,0.486372,-0.084427
17.216,TARGET_1,-0.059498,-0.073288,-0.067992,-0.057862
17.216,TARGET_2,0.503177,-0.096939,0.515070,-0.099136
17.280,TARGET_1,-0.057489,-0.071702,-0.063304,-0.069177
17.280,TARGET_2,0.503775,-0.099428,0.489349,-0.108791
17.344,TARGET_1,-0.055480,-0.070116,-0.057919,-0.073896
17.344,TARGET_2,0.504373,-0.101917,0.489049,-0.104057
17.408,TARGET_1,-0.053470,-0.068529,-0.046388,-0.048744
17.408,TARGET_2,0.504971,-0.104407,0.505451,-0.102131
17.472,TARGET_1,-0.051461,-0.066943,-0.067102,-0.068607
17.472,TARGET_2,0.505569,-0.106896,0.513388,-0.098024
17.536,TARGET_1,-0.049452,-0.065357,-0.063440,-0.058087
17.536,TARGET_2,0.506167,-0.109385,0.490900,-0.098585
17.600,TARGET_1,-0.047443,-0.063770,-0.056720,-0.047668
17.600,TARGET_2,0.506765,-0.111874,0.512751,-0.097996
17.664,TARGET_1,-0.045433,-0.062184,-0.054682,-0.063250
17.664,TARGET_2,0.507363,-0.114363,0.503994,-0.113517
17.728,TARGET_1,-0.043424,-0.060598,-0.059282,-0.077778
17.728,TARGET_2,0.507961,-0.116853,0.499891,-0.100201
17.792,TARGET_1,-0.041415,-0.059012,-0.037521,-0.073736
17.792,TARGET_2,0.508559,-0.119342,0.518388,-0.103357
17.856,TARGET_1,-0.039405,-0.057425,-0.059085,-0.045258
17.856,TARGET_2,0.509157,-0.121831,0.491433,-0.107484
17.920,TARGET_1,-0.037396,-0.055839,-0.024515,-0.068587
17.920,TARGET_2,0.509755,-0.124320,0.521372,-0.140452
17.984,TARGET_1,-0.035387,-0.054253,-0.027691,-0.069649
17.984,TARGET_2,0.510353,-0.126809,0.508658,-0.131651
18.048,TARGET_1,-0.033377,-0.052666,-0.016343,-0.057488
18.048,TARGET_2,0.510951,-0.129299,0.497158,-0.122900
18.112,TARGET_1,-0.031368,-0.051080,-0.034385,-0.052305
18.112,TARGET_2,0.511548,-0.131788,0.503277,-0.130811
18.176,TARGET_1,-0.029359,-0.049494,-0.029771,-0.036859
18.176,TARGET_2,0.512146,-0.134277,0.495158,-0.139406
18.240,TARGET_1,-0.027350,-0.047908,-0.031658,-0.039982
18.240,TARGET_2,0.512744,-0.136766,0.528222,-0.121717
18.304,TARGET_1,-0.025340,-0.046321,-0.040622,-0.040944
18.304,TARGET_2,0.513342,-0.139255,0.503265,-0.129115
18.368,TARGET_1,-0.023331,-0.044735,-0.035661,-0.043438
18.368,TARGET_2,0.513940,-0.141744,0.513415,-0.147122
18.432,TARGET_1,-0.021322,-0.043149,-0.001748,-0.047911
18.432,TARGET_2,0.514538,-0.144234,0.526133,-0.156465
18.496,TARGET_1,-0.019312,-0.041562,-0.021685,-0.031022
18.496,TARGET_2,0.515136,-0.146723,0.526564,-0.138106
18.560,TARGET_1,-0.017303,-0.039976,-0.015995,-0.020939
18.560,TARGET_2,0.515734,-0.149212,0.508460,-0.141018
18.624,TARGET_1,-0.015294,-0.038390,-0.014624,-0.057270
18.624,TARGET_2,0.516332,-0.151701,0.518933,-0.151430
18.688,TARGET_1,-0.013284,-0.036804,-0.024174,-0.044320
18.688,TARGET_2,0.516930,-0.154190,0.503273,-0.162319
18.752,TARGET_1,-0.011275,-0.035217,-0.014446,-0.046497
18.752,TARGET_2,0.517528,-0.156680,0.516125,-0.141878
18.816,TARGET_1,-0.009266,-0.033631,-0.008025,-0.034543
18.816,TARGET_2,0.518126,-0.159169,0.525203,-0.139728
18.880,TARGET_1,-0.007257,-0.032045,0.003341,-0.031396
18.880,TARGET_2,0.518724,-0.161658,0.533869,-0.149600
18.944,TARGET_1,-0.005247,-0.030458,0.011808,-0.026398
18.944,TARGET_2,0.519322,-0.164147,0.528767,-0.167270
19.008,TARGET_1,-0.003238,-0.028872,0.012215,-0.046623
19.008,TARGET_2,0.519920,-0.166636,0.538795,-0.182459
19.072,TARGET_1,-0.001229,-0.027286,-0.017192,-0.034059
19.072,TARGET_2,0.520518,-0.169126,0.511652,-0.183477
19.136,TARGET_1,0.000781,-0.025699,-0.015824,-0.037397
19.136,TARGET_2,0.521116,-0.171615,0.534217,-0.153362
19.200,TARGET_1,0.002790,-0.024113,-0.007373,-0.007187
19.200,TARGET_2,0.521714,-0.174104,0.502998,-0.176231
19.264,TARGET_1,0.004799,-0.022527,0.024279,-0.023095
19.264,TARGET_2,0.522312,-0.176593,0.530917,-0.192627
19.328,TARGET_1,0.006809,-0.020941,0.006100,-0.002022
19.328,TARGET_2,0.522910,-0.179082,0.516672,-0.162605
19.392,TARGET_1,0.008818,-0.019354,-0.009845,-0.035840
19.392,TARGET_2,0.523507,-0.181572,0.522923,-0.175301
19.456,TARGET_1,0.010827,-0.017768,0.007294,-0.007472
19.456,TARGET_2,0.524105,-0.184061,0.509557,-0.183719
19.520,TARGET_1,0.012836,-0.016182,-0.003444,-0.034098
19.520,TARGET_2,0.524703,-0.186550,0.508290,-0.183525
19.584,TARGET_1,0.014846,-0.014595,0.026525,-0.026209
19.584,TARGET_2,0.525301,-0.189039,0.544830,-0.194565
19.648,TARGET_1,0.016855,-0.013009,0.004877,-0.031273
19.648,TARGET_2,0.525899,-0.191528,0.514884,-0.183864
19.712,TARGET_1,0.018864,-0.011423,0.012397,-0.010764
19.712,TARGET_2,0.526497,-0.194017,0.520239,-0.208866
19.776,TARGET_1,0.020874,-0.009837,0.017688,0.000703
19.776,TARGET_2,0.527095,-0.196507,0.511163,-0.199656
19.840,TARGET_1,0.022883,-0.008250,0.028833,-0.014623
19.840,TARGET_2,0.527693,-0.198996,0.541394,-0.218913
19.904,TARGET_1,0.024892,-0.006664,0.038270,0.012771
19.904,TARGET_2,0.528291,-0.201485,0.521954,-0.218355
19.968,TARGET_1,0.026902,-0.005078,0.017103,0.001687
19.968,TARGET_2,0.528889,-0.203974,0.540040,-0.210409
20.032,TARGET_1,0.028911,-0.003491,0.035140,-0.014845
20.032,TARGET_2,0.529487,-0.206463,0.549240,-0.193876
20.096,TARGET_1,0.030920,-0.001905,0.042857,-0.010506
20.096,TARGET_2,0.530085,-0.208953,0.537338,-0.192317
20.160,TARGET_1,0.032929,-0.000319,0.031588,0.018772
20.160,TARGET_2,0.530683,-0.211442,0.537936,-0.223939
20.224,TARGET_1,0.034939,0.001267,0.028156,0.015899
20.224,TARGET_2,0.531281,-0.213931,0.512155,-0.201699
20.288,TARGET_1,0.036948,0.002854,0.040207,0.011625
20.288,TARGET_2,0.531879,-0.216420,0.546676,-0.222408
20.352,TARGET_1,0.038957,0.004440,0.048504,0.012667
20.352,TARGET_2,0.532477,-0.218909,0.514337,-0.203558
20.416,TARGET_1,0.040967,0.006026,0.042419,0.000226
20.416,TARGET_2,0.533075,-0.221399,0.523589,-0.206640
20.480,TARGET_1,0.042976,0.007613,0.034878,-0.009849
20.480,TARGET_2,0.533673,-0.223888,0.542994,-0.205691
20.544,TARGET_1,0.044985,0.009199,0.053013,0.005991
20.544,TARGET_2,0.534271,-0.226377,0.527082,-0.239829
20.608,TARGET_1,0.046995,0.010785,0.040761,-0.003814
20.608,TARGET_2,0.534869,-0.228866,0.549774,-0.228522
20.672,TARGET_1,0.049004,0.012371,0.029673,0.026650
20.672,TARGET_2,0.535466,-0.231355,0.551624,-0.228343
20.736,TARGET_1,0.051013,0.013958,0.034170,0.019996
20.736,TARGET_2,0.536064,-0.233844,0.527156,-0.249955
20.800,TARGET_1,0.053022,0.015544,0.067511,0.012650
20.800,TARGET_2,0.536662,-0.236334,0.518520,-0.254079
20.864,TARGET_1,0.055032,0.017130,0.054693,0.001105
20.864,TARGET_2,0.537260,-0.238823,0.521726,-0.245207
20.928,TARGET_1,0.057041,0.018717,0.038591,0.028570
20.928,TARGET_2,0.537858,-0.241312,0.551705,-0.241791
20.992,TARGET_1,0.059050,0.020303,0.055512,0.023244
20.992,TARGET_2,0.538456,-0.243801,0.532453,-0.241664
21.056,TARGET_1,0.061060,0.021889,0.076477,0.039514
21.056,TARGET_2,0.539054,-0.246290,0.538508,-0.241452
21.120,TARGET_1,0.063069,0.023475,0.070443,0.013249
21.120,TARGET_2,0.539652,-0.248780,0.533981,-0.268717
21.184,TARGET_1,0.065078,0.025062,0.065742,0.042530
21.184,TARGET_2,0.540250,-0.251269,0.535448,-0.245584
21.248,TARGET_1,0.067088,0.026648,0.065959,0.024976
21.248,TARGET_2,0.540848,-0.253758,0.544898,-0.242607
21.312,TARGET_1,0.069097,0.028234,0.056519,0.023007
21.312,TARGET_2,0.541446,-0.256247,0.539011,-0.261609
21.376,TARGET_1,0.071106,0.029821,0.078231,0.028204
21.376,TARGET_2,0.542044,-0.258736,0.541028,-0.266270
21.440,TARGET_1,0.073115,0.031407,0.084022,0.016088
21.440,TARGET_2,0.542642,-0.261226,0.541428,-0.279187
21.504,TARGET_1,0.075125,0.032993,0.075147,0.042538
21.504,TARGET_2,0.543240,-0.263715,0.533704,-0.264178
21.568,TARGET_1,0.077134,0.034580,0.073077,0.033075
21.568,TARGET_2,0.543838,-0.266204,0.551456,-0.252564
21.632,TARGET_1,0.079143,0.036166,0.063355,0.016320
21.632,TARGET_2,0.544436,-0.268693,0.533057,-0.272189
21.696,TARGET_1,0.081153,0.037752,0.067656,0.052825
21.696,TARGET_2,0.545034,-0.271182,0.540165,-0.257917
21.760,TARGET_1,0.083162,0.039338,0.080288,0.050538
21.760,TARGET_2,0.545632,-0.273671,0.556291,-0.262381
21.824,TARGET_1,0.085171,0.040925,0.065411,0.038174
21.824,TARGET_2,0.546230,-0.276161,0.551714,-0.265693
21.888,TARGET_1,0.087181,0.042511,0.071194,0.047719
21.888,TARGET_2,0.546828,-0.278650,0.560964,-0.262908
21.952,TARGET_1,0.089190,0.044097,0.097197,0.057328
21.952,TARGET_2,0.547425,-0.281139,0.539135,-0.287959
22.016,TARGET_1,0.091199,0.045684,0.091175,0.025852
22.016,TARGET_2,0.548023,-0.283628,0.543278,-0.292832
22.080,TARGET_1,0.093208,0.047270,0.111614,0.030278
22.080,TARGET_2,0.548621,-0.286117,0.565115,-0.300734
22.144,TARGET_1,0.095218,0.048856,0.112206,0.057285
22.144,TARGET_2,0.549219,-0.288607,0.561348,-0.271973
22.208,TARGET_1,0.097227,0.050442,0.104528,0.060204
22.208,TARGET_2,0.549817,-0.291096,0.567773,-0.301348
22.272,TARGET_1,0.099236,0.052029,0.115176,0.032626
22.272,TARGET_2,0.550415,-0.293585,0.563491,-0.305753
22.336,TARGET_1,0.101246,0.053615,0.093606,0.069880
22.336,TARGET_2,0.551013,-0.296074,0.531440,-0.300777
22.400,TARGET_1,0.103255,0.055201,0.106919,0.049665
22.400,TARGET_2,0.551611,-0.298563,0.541506,-0.305036
22.464,TARGET_1,0.105264,0.056788,0.097854,0.063076
22.464,TARGET_2,0.552209,-0.301053,0.542455,-0.290987
22.528,TARGET_1,0.107274,0.058374,0.102239,0.067264
22.528,TARGET_2,0.552807,-0.303542,0.568957,-0.300976
22.592,TARGET_1,0.109283,0.059960,0.122137,0.050979
22.592,TARGET_2,0.553405,-0.306031,0.569926,-0.307278
22.656,TARGET_1,0.111292,0.061546,0.110947,0.064275
22.656,TARGET_2,0.554003,-0.308520,0.564447,-0.294858
22.720,TARGET_1,0.113301,0.063133,0.106716,0.043582
22.720,TARGET_2,0.554601,-0.311009,0.571523,-0.305633
22.784,TARGET_1,0.115311,0.064719,0.129891,0.063439
22.784,TARGET_2,0.555199,-0.313498,0.539906,-0.322945
22.848,TARGET_1,0.117320,0.066305,0.121781,0.066101
22.848,TARGET_2,0.555797,-0.315988,0.564258,-0.335051
22.912,TARGET_1,0.119329,0.067892,0.099980,0.060297
22.912,TARGET_2,0.556395,-0.318477,0.573875,-0.336315
22.976,TARGET_1,0.121339,0.069478,0.126978,0.080376
22.976,TARGET_2,0.556993,-0.320966,0.540263,-0.324902
23.040,TARGET_1,0.123348,0.071064,0.108231,0.057091
23.040,TARGET_2,0.557591,-0.323455,0.549775,-0.335711
23.104,TARGET_1,0.125357,0.072650,0.135944,0.091281
23.104,TARGET_2,0.558189,-0.325944,0.547577,-0.327267
23.168,TARGET_1,0.127367,0.074237,0.114786,0.081678
23.168,TARGET_2,0.558787,-0.328434,0.539202,-0.321382
23.232,TARGET_1,0.129376,0.075823,0.145834,0.078126
23.232,TARGET_2,0.559384,-0.330923,0.575920,-0.334276
23.296,TARGET_1,0.131385,0.077409,0.124948,0.071425
23.296,TARGET_2,0.559982,-0.333412,0.550198,-0.337933
23.360,TARGET_1,0.133394,0.078996,0.151859,0.071069
23.360,TARGET_2,0.560580,-0.335901,0.567479,-0.350459
23.424,TARGET_1,0.135404,0.080582,0.126211,0.062127
23.424,TARGET_2,0.561178,-0.338390,0.560540,-0.334155
23.488,TARGET_1,0.137413,0.082168,0.126805,0.092517
23.488,TARGET_2,0.561776,-0.340880,0.552687,-0.360087
23.552,TARGET_1,0.139422,0.083754,0.150296,0.081908
23.552,TARGET_2,0.562374,-0.343369,0.556016,-0.357884
23.616,TARGET_1,0.141432,0.085341,0.125583,0.083533
23.616,TARGET_2,0.562972,-0.345858,0.551008,-0.349517
23.680,TARGET_1,0.143441,0.086927,0.140177,0.070125
23.680,TARGET_2,0.563570,-0.348347,0.573708,-0.365832
23.744,TARGET_1,0.145450,0.088513,0.154743,0.095250
23.744,TARGET_2,0.564168,-0.350836,0.556715,-0.344534
23.808,TARGET_1,0.147460,0.090100,0.142116,0.101280
23.808,TARGET_2,0.564766,-0.353325,0.550272,-0.368441
23.872,TARGET_1,0.149469,0.091686,0.167012,0.105260
23.872,TARGET_2,0.565364,-0.355815,0.569668,-0.342694
23.936,TARGET_1,0.151478,0.093272,0.142689,0.073914
23.936,TARGET_2,0.565962,-0.358304,0.575223,-0.349720
24.000,TARGET_1,0.153487,0.094859,0.140824,0.099040
24.000,TARGET_2,0.566560,-0.360793,0.551103,-0.380672
24.064,TARGET_1,0.155497,0.096445,0.150824,0.104538
24.064,TARGET_2,0.567158,-0.363282,0.549212,-0.362095
24.128,TARGET_1,0.157506,0.098031,0.164857,0.096345
24.128,TARGET_2,0.567756,-0.365771,0.584411,-0.376599
24.192,TARGET_1,0.159515,0.099617,0.164826,0.106505
24.192,TARGET_2,0.568354,-0.368261,0.567311,-0.356242
24.256,TARGET_1,0.161525,0.101204,0.167555,0.082620
24.256,TARGET_2,0.568952,-0.370750,0.560909,-0.387415
24.320,TARGET_1,0.163534,0.102790,0.144413,0.113951
24.320,TARGET_2,0.569550,-0.373239,0.587288,-0.385944
24.384,TARGET_1,0.165543,0.104376,0.171665,0.085404
24.384,TARGET_2,0.570148,-0.375728,0.550640,-0.361201
24.448,TARGET_1,0.167553,0.105963,0.147747,0.110672
24.448,TARGET_2,0.570746,-0.378217,0.582895,-0.387924
24.512,TARGET_1,0.169562,0.107549,0.153769,0.115738
24.512,TARGET_2,0.571343,-0.380707,0.578140,-0.384535
24.576,TARGET_1,0.171571,0.109135,0.153457,0.124051
24.576,TARGET_2,0.571941,-0.383196,0.582149,-0.376695
24.640,TARGET_1,0.173580,0.110721,0.188810,0.094567
24.640,TARGET_2,0.572539,-0.385685,0.563220,-0.384829
24.704,TARGET_1,0.175590,0.112308,0.167687,0.103951
24.704,TARGET_2,0.573137,-0.388174,0.590605,-0.374402
24.768,TARGET_1,0.177599,0.113894,0.159628,0.124155
24.768,TARGET_2,0.573735,-0.390663,0.586756,-0.407671
24.832,TARGET_1,0.179608,0.115480,0.176108,0.106634
24.832,TARGET_2,0.574333,-0.393152,0.559651,-0.395667
24.896,TARGET_1,0.181618,0.117067,0.191493,0.104479
24.896,TARGET_2,0.574931,-0.395642,0.561460,-0.389171
24.960,TARGET_1,0.183627,0.118653,0.180963,0.103653
24.960,TARGET_2,0.575529,-0.398131,0.559775,-0.407426
25.024,TARGET_1,0.185636,0.120239,0.171625,0.134649
25.024,TARGET_2,0.576127,-0.400620,0.587672,-0.383311
25.088,TARGET_1,0.187646,0.121825,0.203092,0.135769
25.088,TARGET_2,0.576725,-0.403109,0.558855,-0.383783
25.152,TARGET_1,0.189655,0.123412,0.193743,0.139303
25.152,TARGET_2,0.577323,-0.405598,0.594130,-0.404276
25.216,TARGET_1,0.191664,0.124998,0.208966,0.131849
25.216,TARGET_2,0.577921,-0.408088,0.565438,-0.415848
25.280,TARGET_1,0.193673,0.126584,0.207578,0.120017
25.280,TARGET_2,0.578519,-0.410577,0.583755,-0.403810
25.344,TARGET_1,0.195683,0.128171,0.202716,0.112780
25.344,TARGET_2,0.579117,-0.413066,0.577023,-0.396582
25.408,TARGET_1,0.197692,0.129757,0.193418,0.111714
25.408,TARGET_2,0.579715,-0.415555,0.564443,-0.423550
25.472,TARGET_1,0.199701,0.131343,0.203168,0.140374
25.472,TARGET_2,0.580313,-0.418044,0.573336,-0.400637
25.536,TARGET_1,0.201711,0.132929,0.221633,0.124066
25.536,TARGET_2,0.580911,-0.420534,0.564827,-0.402378
25.600,TARGET_1,0.203720,0.134516,0.185866,0.131266
25.600,TARGET_2,0.581509,-0.423023,0.594619,-0.439209
25.664,TARGET_1,0.205729,0.136102,0.197204,0.147906
25.664,TARGET_2,0.580676,-0.420602,0.573644,-0.433850
25.728,TARGET_1,0.207739,0.137688,0.190115,0.135831
25.728,TARGET_2,0.579843,-0.418181,0.582045,-0.420048
25.792,TARGET_1,0.209748,0.139275,0.209264,0.146625
25.792,TARGET_2,0.579010,-0.415760,0.568369,-0.413357
25.856,TARGET_1,0.211757,0.140861,0.231006,0.122084
25.856,TARGET_2,0.578178,-0.413340,0.594588,-0.401777
25.920,TARGET_1,0.213766,0.142447,0.205615,0.152587
25.920,TARGET_2,0.577345,-0.410919,0.585998,-0.410480
25.984,TARGET_1,0.215776,0.144033,0.216440,0.144590
25.984,TARGET_2,0.576512,-0.408498,0.573711,-0.404264
26.048,TARGET_1,0.217785,0.145620,0.232275,0.148532
26.048,TARGET_2,0.575680,-0.406077,0.555968,-0.406499
26.112,TARGET_1,0.219794,0.147206,0.229175,0.138364
26.112,TARGET_2,0.574847,-0.403656,0.564524,-0.393292
26.176,TARGET_1,0.221804,0.148792,0.237994,0.133981
26.176,TARGET_2,0.574014,-0.401236,0.582373,-0.381656
26.240,TARGET_1,0.223813,0.150379,0.213845,0.137784
26.240,TARGET_2,0.573182,-0.398815,0.579047,-0.390400
26.304,TARGET_1,0.225822,0.151965,0.243797,0.136644
26.304,TARGET_2,0.572349,-0.396394,0.589738,-0.412501
26.368,TARGET_1,0.227832,0.153551,0.228994,0.160495
26.368,TARGET_2,0.571516,-0.393973,0.584503,-0.397726
26.432,TARGET_1,0.229841,0.155138,0.237509,0.168826
26.432,TARGET_2,0.570683,-0.391553,0.573802,-0.384224
26.496,TARGET_1,0.231850,0.156724,0.224112,0.156313
26.496,TARGET_2,0.569851,-0.389132,0.576598,-0.377856
26.560,TARGET_1,0.233859,0.158310,0.233288,0.168835
26.560,TARGET_2,0.569018,-0.386711,0.577306,-0.398013
26.624,TARGET_1,0.235869,0.159896,0.221661,0.141134
26.624,TARGET_2,0.568185,-0.384290,0.577802,-0.368662
26.688,TARGET_1,0.237878,0.161483,0.256159,0.167379
26.688,TARGET_2,0.567353,-0.381869,0.550768,-0.393386
26.752,TARGET_1,0.239887,0.163069,0.224105,0.155842
26.752,TARGET_2,0.566520,-0.379449,0.560623,-0.373148
26.816,TARGET_1,0.241897,0.164655,0.251537,0.158989
26.816,TARGET_2,0.565687,-0.377028,0.578264,-0.385544
26.880,TARGET_1,0.243906,0.166242,0.245950,0.170207
26.880,TARGET_2,0.564854,-0.374607,0.575900,-0.384293
26.944,TARGET_1,0.245915,0.167828,0.239769,0.158410
26.944,TARGET_2,0.564022,-0.372186,0.548210,-0.357706
27.008,TARGET_1,0.247925,0.169414,0.230764,0.171802
27.008,TARGET_2,0.563189,-0.369765,0.566077,-0.384896
27.072,TARGET_1,0.249934,0.171000,0.235659,0.162015
27.072,TARGET_2,0.562356,-0.367345,0.549148,-0.368461
27.136,TARGET_1,0.251943,0.172587,0.253216,0.159901
27.136,TARGET_2,0.561524,-0.364924,0.543483,-0.362418
27.200,TARGET_1,0.253952,0.174173,0.252998,0.174207
27.200,TARGET_2,0.560691,-0.362503,0.550519,-0.354106
27.264,TARGET_1,0.255962,0.175759,0.246105,0.164390
27.264,TARGET_2,0.559858,-0.360082,0.573621,-0.378831
27.328,TARGET_1,0.257971,0.177346,0.274099,0.178829
27.328,TARGET_2,0.559025,-0.357662,0.568453,-0.345993
27.392,TARGET_1,0.259980,0.178932,0.252390,0.169671
27.392,TARGET_2,0.558193,-0.355241,0.563439,-0.335451
27.456,TARGET_1,0.261990,0.180518,0.264326,0.175569
27.456,TARGET_2,0.557360,-0.352820,0.556540,-0.342869
27.520,TARGET_1,0.263999,0.182104,0.282225,0.183567
27.520,TARGET_2,0.556527,-0.350399,0.574618,-0.352795
27.584,TARGET_1,0.266008,0.183691,0.271627,0.201366
27.584,TARGET_2,0.555695,-0.347978,0.541621,-0.358226
27.648,TARGET_1,0.268018,0.185277,0.254983,0.171234
27.648,TARGET_2,0.554862,-0.345558,0.541854,-0.365412
27.712,TARGET_1,0.270027,0.186863,0.251062,0.176815
27.712,TARGET_2,0.554029,-0.343137,0.564567,-0.362636
27.776,TARGET_1,0.272036,0.188450,0.266297,0.174063
27.776,TARGET_2,0.553196,-0.340716,0.556135,-0.331736
27.840,TARGET_1,0.274045,0.190036,0.254341,0.177576
27.840,TARGET_2,0.552364,-0.338295,0.546054,-0.321104
27.904,TARGET_1,0.276055,0.191622,0.260082,0.173580
27.904,TARGET_2,0.551531,-0.335874,0.553025,-0.338928
27.968,TARGET_1,0.278064,0.193208,0.264347,0.210780
27.968,TARGET_2,0.550698,-0.333454,0.557353,-0.325407
28.032,TARGET_1,0.280073,0.194795,0.265573,0.180367
28.032,TARGET_2,0.549866,-0.331033,0.565942,-0.322715
28.096,TARGET_1,0.282083,0.196381,0.274672,0.176427
28.096,TARGET_2,0.549033,-0.328612,0.536102,-0.341437
28.160,TARGET_1,0.284092,0.197967,0.279354,0.187958
28.160,TARGET_2,0.548200,-0.326191,0.544446,-0.322239
28.224,TARGET_1,0.286101,0.199554,0.294149,0.213810
28.224,TARGET_2,0.547368,-0.323771,0.567100,-0.331544
28.288,TARGET_1,0.288111,0.201140,0.272386,0.191744
28.288,TARGET_2,0.546535,-0.321350,0.537512,-0.309900
28.352,TARGET_1,0.285684,0.201956,0.271941,0.192130
28.352,TARGET_2,0.545702,-0.318929,0.528072,-0.311884
28.416,TARGET_1,0.283258,0.202773,0.273172,0.191346
28.416,TARGET_2,0.544869,-0.316508,0.561818,-0.316195
28.480,TARGET_1,0.280832,0.203589,0.280954,0.188460
28.480,TARGET_2,0.544037,-0.314087,0.540464,-0.304763
28.544,TARGET_1,0.278405,0.204406,0.291401,0.224136
28.544,TARGET_2,0.543204,-0.311667,0.555021,-0.329571
28.608,TARGET_1,0.275979,0.205222,0.257358,0.189142
28.608,TARGET_2,0.542371,-0.309246,0.545220,-0.305974
28.672,TARGET_1,0.273553,0.206039,0.273359,0.214526
28.672,TARGET_2,0.541539,-0.306825,0.534041,-0.291253
28.736,TARGET_1,0.271126,0.206855,0.256257,0.214654
28.736,TARGET_2,0.540706,-0.304404,0.523556,-0.307145
28.800,TARGET_1,0.268700,0.207672,0.257843,0.214412
28.800,TARGET_2,0.539873,-0.301984,0.558347,-0.305110
28.864,TARGET_1,0.266274,0.208488,0.285646,0.191785
28.864,TARGET_2,0.539040,-0.299563,0.522756,-0.293087
28.928,TARGET_1,0.263847,0.209305,0.248186,0.227085
28.928,TARGET_2,0.538208,-0.297142,0.538225,-0.302480
28.992,TARGET_1,0.261421,0.210121,0.260947,0.210052
28.992,TARGET_2,0.537375,-0.294721,0.526940,-0.294130
29.056,TARGET_1,0.258995,0.210938,0.249283,0.216129
29.056,TARGET_2,0.536542,-0.292300,0.528073,-0.282020
29.120,TARGET_1,0.256569,0.211754,0.244541,0.203090
29.120,TARGET_2,0.535710,-0.289880,0.532848,-0.293469
29.184,TARGET_1,0.254142,0.212571,0.269633,0.219337
29.184,TARGET_2,0.534877,-0.287459,0.544676,-0.284552
29.248,TARGET_1,0.251716,0.213387,0.250301,0.215070
29.248,TARGET_2,0.534044,-0.285038,0.550629,-0.269512
29.312,TARGET_1,0.249290,0.214204,0.248360,0.207609
29.312,TARGET_2,0.533211,-0.282617,0.550487,-0.262903
29.376,TARGET_1,0.246863,0.215020,0.253115,0.212099
29.376,TARGET_2,0.532379,-0.280196,0.529611,-0.293221
29.440,TARGET_1,0.244437,0.215837,0.227253,0.208862
29.440,TARGET_2,0.531546,-0.277776,0.521905,-0.286755
29.504,TARGET_1,0.242011,0.216653,0.243427,0.198632
29.504,TARGET_2,0.530713,-0.275355,0.529093,-0.280451
29.568,TARGET_1,0.239584,0.217470,0.247796,0.216938
29.568,TARGET_2,0.529881,-0.272934,0.522571,-0.282478
29.632,TARGET_1,0.237158,0.218286,0.246765,0.198872
29.632,TARGET_2,0.529048,-0.270513,0.534116,-0.279303
29.696,TARGET_1,0.234732,0.219102,0.253188,0.205504
29.696,TARGET_2,0.528215,-0.268093,0.541631,-0.267985
29.760,TARGET_1,0.232306,0.219919,0.228263,0.223181
29.760,TARGET_2,0.527382,-0.265672,0.516252,-0.252462
29.824,TARGET_1,0.229879,0.220735,0.235389,0.206969
29.824,TARGET_2,0.526550,-0.263251,0.537024,-0.282569
29.888,TARGET_1,0.227453,0.221552,0.242212,0.219485
29.888,TARGET_2,0.525717,-0.260830,0.539386,-0.274540
29.952,TARGET_1,0.225027,0.222368,0.227145,0.216376
29.952,TARGET_2,0.524884,-0.258409,0.523768,-0.251746
30.016,TARGET_1,0.222600,0.223185,0.226572,0.209677
30.016,TARGET_2,0.524052,-0.255989,0.510486,-0.264421
30.080,TARGET_1,0.220174,0.224001,0.219017,0.240321
30.080,TARGET_2,0.523219,-0.253568,0.507236,-0.267108
30.144,TARGET_1,0.217748,0.224818,0.202512,0.211029
30.144,TARGET_2,0.522386,-0.251147,0.535400,-0.252608
30.208,TARGET_1,0.215321,0.225634,0.201417,0.210852
30.208,TARGET_2,0.521554,-0.248726,0.541440,-0.241152
30.272,TARGET_1,0.212895,0.226451,0.198944,0.222593
30.272,TARGET_2,0.520721,-0.246305,0.519622,-0.263562
30.336,TARGET_1,0.210469,0.227267,0.211636,0.244378
30.336,TARGET_2,0.519888,-0.243885,0.512307,-0.257140
30.400,TARGET_1,0.208042,0.228084,0.222047,0.236611
30.400,TARGET_2,0.519055,-0.241464,0.534086,-0.253049
30.464,TARGET_1,0.205616,0.228900,0.185874,0.245575
30.464,TARGET_2,0.518223,-0.239043,0.525970,-0.253927
30.528,TARGET_1,0.203190,0.229717,0.189801,0.234918
30.528,TARGET_2,0.517390,-0.236622,0.505938,-0.220480
30.592,TARGET_1,0.200764,0.230533,0.216279,0.216288
30.592,TARGET_2,0.516557,-0.234202,0.502037,-0.245818
30.656,TARGET_1,0.198337,0.231350,0.191524,0.250352
30.656,TARGET_2,0.515725,-0.231781,0.514326,-0.216261
30.720,TARGET_1,0.195911,0.232166,0.212965,0.229449
30.720,TARGET_2,0.514892,-0.229360,0.531886,-0.237403
30.784,TARGET_1,0.193485,0.232983,0.192391,0.213156
30.784,TARGET_2,0.514059,-0.226939,0.531172,-0.244132
30.848,TARGET_1,0.191058,0.233799,0.211057,0.227970
30.848,TARGET_2,0.513226,-0.224518,0.521932,-0.233405
30.912,TARGET_1,0.188632,0.234616,0.182981,0.222391
30.912,TARGET_2,0.512394,-0.222098,0.526959,-0.218506
30.976,TARGET_1,0.186206,0.235432,0.202713,0.248653
30.976,TARGET_2,0.511561,-0.219677,0.521918,-0.223523
31.040,TARGET_1,0.183779,0.236249,0.173791,0.242331
31.040,TARGET_2,0.510728,-0.217256,0.501510,-0.216826
31.104,TARGET_1,0.181353,0.237065,0.174159,0.231101
31.104,TARGET_2,0.509896,-0.214835,0.498195,-0.222273
31.168,TARGET_1,0.178927,0.237882,0.194784,0.223882
31.168,TARGET_2,0.509063,-0.212415,0.519772,-0.226898
31.232,TARGET_1,0.176500,0.238698,0.187722,0.251621
31.232,TARGET_2,0.508230,-0.209994,0.512002,-0.203837
31.296,TARGET_1,0.174074,0.239515,0.179905,0.250978
31.296,TARGET_2,0.507397,-0.207573,0.512594,-0.189237
31.360,TARGET_1,0.171648,0.240331,0.188856,0.222129
31.360,TARGET_2,0.506565,-0.205152,0.502742,-0.211902
31.424,TARGET_1,0.169222,0.241148,0.176625,0.231993
31.424,TARGET_2,0.505732,-0.202731,0.522509,-0.214416
31.488,TARGET_1,0.166795,0.241964,0.178176,0.254060
31.488,TARGET_2,0.504899,-0.200311,0.516274,-0.204508
31.552,TARGET_1,0.164369,0.242780,0.160464,0.256147
31.552,TARGET_2,0.504067,-0.197890,0.514518,-0.215400
31.616,TARGET_1,0.161943,0.243597,0.148489,0.247267
31.616,TARGET_2,0.503234,-0.195469,0.498183,-0.193885
31.680,TARGET_1,0.159516,0.244413,0.174528,0.254909
31.680,TARGET_2,0.502401,-0.193048,0.511865,-0.194896
31.744,TARGET_1,0.157090,0.245230,0.146832,0.263938
31.744,TARGET_2,0.501569,-0.190627,0.492072,-0.201305
31.808,TARGET_1,0.154664,0.246046,0.154032,0.248407
31.808,TARGET_2,0.500736,-0.188207,0.496828,-0.187701
31.872,TARGET_1,0.152237,0.246863,0.141487,0.247492
31.872,TARGET_2,0.499903,-0.185786,0.482835,-0.186919
31.936,TARGET_1,0.149811,0.247679,0.155841,0.256832
31.936,TARGET_2,0.499070,-0.183365,0.516490,-0.178035
32.000,TARGET_1,0.147385,0.248496,0.134029,0.246492
32.000,TARGET_2,0.498238,-0.180944,0.484942,-0.194607
32.064,TARGET_1,0.144959,0.249312,0.152996,0.236842
32.064,TARGET_2,0.497405,-0.178524,0.513524,-0.191894
32.128,TARGET_1,0.142532,0.250129,0.156350,0.263548
32.128,TARGET_2,0.496572,-0.176103,0.515720,-0.191816
32.192,TARGET_1,0.140106,0.250945,0.154244,0.242976
32.192,TARGET_2,0.495740,-0.173682,0.481981,-0.164388
32.256,TARGET_1,0.137680,0.251762,0.152687,0.249223
32.256,TARGET_2,0.494907,-0.171261,0.493629,-0.164404
32.320,TARGET_1,0.135253,0.252578,0.128573,0.254050
32.320,TARGET_2,0.494074,-0.168840,0.508062,-0.182088
32.384,TARGET_1,0.132827,0.253395,0.146659,0.240943
32.384,TARGET_2,0.493241,-0.166420,0.501556,-0.146490
32.448,TARGET_1,0.130401,0.254211,0.134741,0.264573
32.448,TARGET_2,0.492409,-0.163999,0.495899,-0.180370
32.512,TARGET_1,0.127974,0.255028,0.133295,0.246897
32.512,TARGET_2,0.491576,-0.161578,0.495084,-0.145294
32.576,TARGET_1,0.125548,0.255844,0.135809,0.241146
32.576,TARGET_2,0.490743,-0.159157,0.498345,-0.175754
32.640,TARGET_1,0.123122,0.256661,0.136071,0.274953
32.640,TARGET_2,0.489911,-0.156736,0.495774,-0.160976
32.704,TARGET_1,0.120695,0.257477,0.138668,0.263872
32.704,TARGET_2,0.489078,-0.154316,0.492749,-0.153253
32.768,TARGET_1,0.118269,0.258294,0.108929,0.266549
32.768,TARGET_2,0.488245,-0.151895,0.469456,-0.141485
32.832,TARGET_1,0.115843,0.259110,0.098575,0.252760
32.832,TARGET_2,0.487412,-0.149474,0.481737,-0.168718
32.896,TARGET_1,0.113417,0.259927,0.123323,0.255616
32.896,TARGET_2,0.486580,-0.147053,0.489502,-0.152407
32.960,TARGET_1,0.110990,0.260743,0.108685,0.279135
32.960,TARGET_2,0.485747,-0.144633,0.478992,-0.146174
33.024,TARGET_1,0.108564,0.261560,0.120238,0.272474
33.024,TARGET_2,0.484914,-0.142212,0.465105,-0.161796
33.088,TARGET_1,0.106138,0.262376,0.114576,0.262037
33.088,TARGET_2,0.484082,-0.139791,0.500046,-0.130170
33.152,TARGET_1,0.103711,0.263193,0.107230,0.272739
33.152,TARGET_2,0.483249,-0.137370,0.474570,-0.120029
33.216,TARGET_1,0.101285,0.264009,0.113786,0.249639
33.216,TARGET_2,0.482416,-0.134949,0.478044,-0.153124
33.280,TARGET_1,0.098859,0.264825,0.080451,0.251236
33.280,TARGET_2,0.481583,-0.132529,0.463587,-0.134650
33.344,TARGET_1,0.096432,0.265642,0.080339,0.285641
33.344,TARGET_2,0.480751,-0.130108,0.464540,-0.117658
33.408,TARGET_1,0.094006,0.266458,0.111687,0.260895
33.408,TARGET_2,0.479918,-0.127687,0.468516,-0.140201
33.472,TARGET_1,0.091580,0.267275,0.094286,0.260681
33.472,TARGET_2,0.479085,-0.125266,0.475271,-0.133955
33.536,TARGET_1,0.089154,0.268091,0.080376,0.256666
33.536,TARGET_2,0.478253,-0.122846,0.484666,-0.103084
33.600,TARGET_1,0.086727,0.268908,0.076223,0.268745
33.600,TARGET_2,0.477420,-0.120425,0.460939,-0.112089
33.664,TARGET_1,0.084301,0.269724,0.090660,0.284420
33.664,TARGET_2,0.476587,-0.118004,0.459577,-0.121388
33.728,TARGET_1,0.081875,0.270541,0.086834,0.268569
33.728,TARGET_2,0.475755,-0.115583,0.482994,-0.129381
33.792,TARGET_1,0.079448,0.271357,0.093398,0.254857
33.792,TARGET_2,0.474922,-0.113162,0.491305,-0.099743
33.856,TARGET_1,0.077022,0.272174,0.071413,0.290045
33.856,TARGET_2,0.474089,-0.110742,0.454414,-0.092728
33.920,TARGET_1,0.074596,0.272990,0.073202,0.262417
33.920,TARGET_2,0.473256,-0.108321,0.471696,-0.119164
33.984,TARGET_1,0.072169,0.273807,0.089404,0.265628
33.984,TARGET_2,0.472424,-0.105900,0.485487,-0.095969
34.048,TARGET_1,0.069743,0.274623,0.080478,0.289174
34.048,TARGET_2,0.471591,-0.103479,0.454672,-0.101886
34.112,TARGET_1,0.067317,0.275440,0.068923,0.286747
34.112,TARGET_2,0.470758,-0.101058,0.474591,-0.112203
34.176,TARGET_1,0.064890,0.276256,0.068440,0.293754
34.176,TARGET_2,0.469926,-0.098638,0.469516,-0.091214
34.240,TARGET_1,0.062464,0.277073,0.046298,0.285201
34.240,TARGET_2,0.469093,-0.096217,0.463975,-0.101153
34.304,TARGET_1,0.060038,0.277889,0.055158,0.285237
34.304,TARGET_2,0.468260,-0.093796,0.459141,-0.106370
34.368,TARGET_1,0.057612,0.278706,0.050595,0.259576
34.368,TARGET_2,0.467427,-0.091375,0.480546,-0.091497
34.432,TARGET_1,0.055185,0.279522,0.050579,0.262065
34.432,TARGET_2,0.466595,-0.088955,0.463386,-0.092332
34.496,TARGET_1,0.052759,0.280339,0.033150,0.286644
34.496,TARGET_2,0.465762,-0.086534,0.461640,-0.078220
34.560,TARGET_1,0.050333,0.281155,0.068559,0.295943
34.560,TARGET_2,0.464929,-0.084113,0.447284,-0.084674
34.624,TARGET_1,0.047906,0.281972,0.042100,0.277772
34.624,TARGET_2,0.464097,-0.081692,0.465814,-0.094955
34.688,TARGET_1,0.045480,0.282788,0.063900,0.280750
34.688,TARGET_2,0.463264,-0.079271,0.454357,-0.069418
34.752,TARGET_1,0.043054,0.283605,0.041917,0.280327
34.752,TARGET_2,0.462431,-0.076851,0.448615,-0.061322
34.816,TARGET_1,0.040627,0.284421,0.034377,0.266445
34.816,TARGET_2,0.461598,-0.074430,0.444880,-0.057876
34.880,TARGET_1,0.038201,0.285238,0.057935,0.284088
34.880,TARGET_2,0.460766,-0.072009,0.443376,-0.085282
34.944,TARGET_1,0.035775,0.286054,0.047768,0.297975
34.944,TARGET_2,0.459933,-0.069588,0.459182,-0.056489
35.008,TARGET_1,0.033348,0.286870,0.045886,0.292642
35.008,TARGET_2,0.459100,-0.067167,0.466986,-0.060466
35.072,TARGET_1,0.030922,0.287687,0.033888,0.279170
35.072,TARGET_2,0.458268,-0.064747,0.465910,-0.051673
35.136,TARGET_1,0.028496,0.288503,0.046428,0.299798
35.136,TARGET_2,0.457435,-0.062326,0.470673,-0.078539
35.200,TARGET_1,0.026070,0.289320,0.021621,0.301670
35.200,TARGET_2,0.456602,-0.059905,0.455320,-0.049665
35.264,TARGET_1,0.023643,0.290136,0.024674,0.290989
35.264,TARGET_2,0.455769,-0.057484,0.455791,-0.056521
35.328,TARGET_1,0.021217,0.290953,0.020947,0.278806
35.328,TARGET_2,0.454937,-0.055064,0.457557,-0.051364
35.392,TARGET_1,0.018791,0.291769,0.034732,0.309686
35.392,TARGET_2,0.454104,-0.052643,0.434594,-0.059150
35.456,TARGET_1,0.016364,0.292586,0.029977,0.284530
35.456,TARGET_2,0.453271,-0.050222,0.445932,-0.042175
35.520,TARGET_1,0.013938,0.293402,0.029224,0.308790
35.520,TARGET_2,0.452439,-0.047801,0.436023,-0.036212
35.584,TARGET_1,0.011512,0.294219,0.006983,0.277305
35.584,TARGET_2,0.451606,-0.045380,0.445207,-0.036859
35.648,TARGET_1,0.009085,0.295035,-0.006172,0.307054
35.648,TARGET_2,0.450773,-0.042960,0.436484,-0.054897
35.712,TARGET_1,0.006659,0.295852,0.007431,0.289020
35.712,TARGET_2,0.449941,-0.040539,0.444879,-0.059364
35.776,TARGET_1,0.004233,0.296668,0.006807,0.290477
35.776,TARGET_2,0.449108,-0.038118,0.455628,-0.027128
35.840,TARGET_1,0.001807,0.297485,0.006009,0.278889
35.840,TARGET_2,0.448275,-0.035697,0.437451,-0.017680
35.904,TARGET_1,-0.000620,0.298301,-0.016469,0.298719
35.904,TARGET_2,0.447442,-0.033276,0.457139,-0.051921
35.968,TARGET_1,-0.003046,0.299118,0.003660,0.292366
35.968,TARGET_2,0.446610,-0.030856,0.461729,-0.033679
36.032,TARGET_1,-0.005472,0.299934,-0.013977,0.296502
36.032,TARGET_2,0.445777,-0.028435,0.454506,-0.012714
36.096,TARGET_1,-0.007899,0.300751,-0.020389,0.285044
36.096,TARGET_2,0.444944,-0.026014,0.451084,-0.027957
36.160,TARGET_1,-0.010325,0.301567,-0.022522,0.310018
36.160,TARGET_2,0.444112,-0.023593,0.461810,-0.029723
36.224,TARGET_1,-0.012751,0.302384,-0.031588,0.291562
36.224,TARGET_2,0.443279,-0.021173,0.446751,-0.039680
36.288,TARGET_1,-0.015178,0.303200,-0.018198,0.308331
36.288,TARGET_2,0.442446,-0.018752,0.449506,-0.007276
36.352,TARGET_1,-0.017604,0.304017,-0.018043,0.299520
36.352,TARGET_2,0.441613,-0.016331,0.456099,-0.001426
36.416,TARGET_1,-0.020030,0.304833,-0.031863,0.309796
36.416,TARGET_2,0.440781,-0.013910,0.425200,0.003838
36.480,TARGET_1,-0.022457,0.305650,-0.023479,0.308369
36.480,TARGET_2,0.439948,-0.011489,0.435919,-0.009034
36.544,TARGET_1,-0.024883,0.306466,-0.019603,0.313447
36.544,TARGET_2,0.439115,-0.009069,0.439435,-0.010979
36.608,TARGET_1,-0.027309,0.307283,-0.015210,0.293332
36.608,TARGET_2,0.438283,-0.006648,0.440698,-0.006439
36.672,TARGET_1,-0.029735,0.308099,-0.048200,0.295419
36.672,TARGET_2,0.437450,-0.004227,0.436465,-0.022462
36.736,TARGET_1,-0.032162,0.308915,-0.027106,0.314308
36.736,TARGET_2,0.436617,-0.001806,0.455909,-0.005522
36.800,TARGET_1,-0.034588,0.309732,-0.035606,0.310344
36.800,TARGET_2,0.435784,0.000614,0.430049,-0.004845
36.864,TARGET_1,-0.037014,0.310548,-0.017566,0.329768
36.864,TARGET_2,0.434952,0.003035,0.436283,-0.000951
36.928,TARGET_1,-0.039441,0.311365,-0.046406,0.297766
36.928,TARGET_2,0.434119,0.005456,0.444218,0.001804
36.992,TARGET_1,-0.041867,0.312181,-0.042483,0.315672
36.992,TARGET_2,0.433286,0.007877,0.429099,0.019971
37.056,TARGET_1,-0.044293,0.312998,-0.062294,0.313538
37.056,TARGET_2,0.432454,0.010298,0.419061,0.014241
37.120,TARGET_1,-0.046720,0.313814,-0.063212,0.329371
37.120,TARGET_2,0.431621,0.012718,0.422459,0.012469
37.184,TARGET_1,-0.049146,0.314631,-0.067532,0.306235
37.184,TARGET_2,0.430788,0.015139,0.441517,0.013696
37.248,TARGET_1,-0.051572,0.315447,-0.069545,0.318514
37.248,TARGET_2,0.429956,0.017560,0.438572,0.034447
37.312,TARGET_1,-0.053999,0.316264,-0.049427,0.318557
37.312,TARGET_2,0.429123,0.019981,0.421136,0.038535
37.376,TARGET_1,-0.056425,0.317080,-0.037669,0.314957
37.376,TARGET_2,0.428290,0.022402,0.432035,0.031646
37.440,TARGET_1,-0.058851,0.317897,-0.073797,0.313736
37.440,TARGET_2,0.427457,0.024822,0.410879,0.021915
37.504,TARGET_1,-0.061277,0.318713,-0.043146,0.333659
37.504,TARGET_2,0.426625,0.027243,0.433114,0.007799
37.568,TARGET_1,-0.063704,0.319530,-0.075438,0.306943
37.568,TARGET_2,0.425792,0.029664,0.412889,0.014436
37.632,TARGET_1,-0.066130,0.320346,-0.048879,0.336605
37.632,TARGET_2,0.424959,0.032085,0.416023,0.019791
37.696,TARGET_1,-0.068556,0.321163,-0.083594,0.321696
37.696,TARGET_2,0.424127,0.034505,0.429276,0.031805
37.760,TARGET_1,-0.070983,0.321979,-0.088072,0.341694
37.760,TARGET_2,0.423294,0.036926,0.412211,0.037812
37.824,TARGET_1,-0.073409,0.322796,-0.082428,0.331258
37.824,TARGET_2,0.422461,0.039347,0.437893,0.047483
37.888,TARGET_1,-0.075835,0.323612,-0.082208,0.316658
37.888,TARGET_2,0.421628,0.041768,0.428640,0.030512
37.952,TARGET_1,-0.078262,0.324429,-0.066487,0.305056
37.952,TARGET_2,0.420796,0.044189,0.413126,0.050349
38.016,TARGET_1,-0.080688,0.325245,-0.094018,0.337967
38.016,TARGET_2,0.419963,0.046609,0.411058,0.035162
38.080,TARGET_1,-0.083114,0.326062,-0.091174,0.320078
38.080,TARGET_2,0.419130,0.049030,0.431670,0.047352
38.144,TARGET_1,-0.085540,0.326878,-0.095443,0.334729
38.144,TARGET_2,0.418298,0.051451,0.412301,0.052805
38.208,TARGET_1,-0.087967,0.327695,-0.078212,0.337279
38.208,TARGET_2,0.417465,0.053872,0.423308,0.051171
38.272,TARGET_1,-0.090393,0.328511,-0.090609,0.337601
38.272,TARGET_2,0.416632,0.056293,0.405550,0.048414
38.336,TARGET_1,-0.092819,0.329328,-0.096122,0.322991
38.336,TARGET_2,0.415799,0.058713,0.406697,0.052865
38.400,TARGET_1,-0.095246,0.330144,-0.113792,0.312694
38.400,TARGET_2,0.414967,0.061134,0.422629,0.056053
38.464,TARGET_1,-0.097672,0.330960,-0.115679,0.315333
38.464,TARGET_2,0.414134,0.063555,0.410148,0.059538
38.528,TARGET_1,-0.100098,0.331777,-0.102389,0.340480
38.528,TARGET_2,0.413301,0.065976,0.417282,0.069024
38.592,TARGET_1,-0.102525,0.332593,-0.120391,0.315607
38.592,TARGET_2,0.412469,0.068396,0.397404,0.076984
38.656,TARGET_1,-0.104951,0.333410,-0.124886,0.339695
38.656,TARGET_2,0.411636,0.070817,0.413449,0.075034
38.720,TARGET_1,-0.107377,0.334226,-0.091964,0.324711
38.720,TARGET_2,0.410803,0.073238,0.398428,0.077354
38.784,TARGET_1,-0.109804,0.335043,-0.123824,0.336251
38.784,TARGET_2,0.409970,0.075659,0.418555,0.076341
38.848,TARGET_1,-0.112230,0.335859,-0.110772,0.324547
38.848,TARGET_2,0.409138,0.078080,0.405176,0.071806
38.912,TARGET_1,-0.114656,0.336676,-0.133776,0.317137
38.912,TARGET_2,0.408305,0.080500,0.421788,0.094917
38.976,TARGET_1,-0.117082,0.337492,-0.131322,0.324419
38.976,TARGET_2,0.407472,0.082921,0.392382,0.088164
39.040,TARGET_1,-0.119509,0.338309,-0.134305,0.349331
39.040,TARGET_2,0.406640,0.085342,0.397375,0.082600
39.104,TARGET_1,-0.121935,0.339125,-0.112726,0.352449
39.104,TARGET_2,0.405807,0.087763,0.423347,0.093574
39.168,TARGET_1,-0.124361,0.339942,-0.137939,0.323697
39.168,TARGET_2,0.404974,0.090183,0.392875,0.096255
39.232,TARGET_1,-0.126788,0.340758,-0.144175,0.351976
39.232,TARGET_2,0.404142,0.092604,0.400701,0.102157
39.296,TARGET_1,-0.129214,0.341575,-0.113139,0.323901
39.296,TARGET_2,0.403309,0.095025,0.422451,0.097929
39.360,TARGET_1,-0.131640,0.342391,-0.125392,0.342966
39.360,TARGET_2,0.402476,0.097446,0.422206,0.107670
39.424,TARGET_1,-0.134067,0.343208,-0.142269,0.340311
39.424,TARGET_2,0.401643,0.099867,0.405148,0.100002
39.488,TARGET_1,-0.136493,0.344024,-0.122118,0.328416
39.488,TARGET_2,0.400811,0.102287,0.381521,0.121159
39.552,TARGET_1,-0.138919,0.344841,-0.134561,0.328907
39.552,TARGET_2,0.399978,0.104708,0.388187,0.095348
39.616,TARGET_1,-0.141346,0.345657,-0.156572,0.345768
39.616,TARGET_2,0.399145,0.107129,0.413996,0.113617
39.680,TARGET_1,-0.143772,0.346474,-0.134086,0.335185
39.680,TARGET_2,0.398313,0.109550,0.415240,0.092493
39.744,TARGET_1,-0.146198,0.347290,-0.152920,0.343296
39.744,TARGET_2,0.397480,0.111971,0.387440,0.103638
39.808,TARGET_1,-0.148624,0.348107,-0.142724,0.363062
39.808,TARGET_2,0.396647,0.114391,0.399703,0.095766
39.872,TARGET_1,-0.151051,0.348923,-0.157746,0.361539
39.872,TARGET_2,0.395814,0.116812,0.397912,0.110078
39.936,TARGET_1,-0.153477,0.349740,-0.138129,0.348788
39.936,TARGET_2,0.394982,0.119233,0.402993,0.110460
40.000,TARGET_1,-0.155903,0.350556,-0.155518,0.339681
40.000,TARGET_2,0.394149,0.121654,0.390502,0.129704
40.064,TARGET_1,-0.158330,0.351373,-0.166703,0.359844
40.064,TARGET_2,0.393316,0.124074,0.397813,0.132984
40.128,TARGET_1,-0.160756,0.352189,-0.159063,0.346979
40.128,TARGET_2,0.392484,0.126495,0.385105,0.139858
40.192,TARGET_1,-0.163182,0.353005,-0.151560,0.338854
40.192,TARGET_2,0.391651,0.128916,0.396449,0.126023
40.256,TARGET_1,-0.165609,0.353822,-0.175026,0.359155
40.256,TARGET_2,0.390818,0.131337,0.387209,0.126105
40.320,TARGET_1,-0.168035,0.354638,-0.175498,0.352493
40.320,TARGET_2,0.389985,0.133758,0.384037,0.138692
40.384,TARGET_1,-0.170461,0.355455,-0.164346,0.339806
40.384,TARGET_2,0.389153,0.136178,0.383675,0.134900
40.448,TARGET_1,-0.172887,0.356271,-0.158962,0.345387
40.448,TARGET_2,0.388320,0.138599,0.376855,0.131693
40.512,TARGET_1,-0.175314,0.357088,-0.157724,0.346815
40.512,TARGET_2,0.387487,0.141020,0.383516,0.151231
40.576,TARGET_1,-0.177740,0.357904,-0.173025,0.359022
40.576,TARGET_2,0.386655,0.143441,0.405599,0.147471
40.640,TARGET_1,-0.180166,0.358721,-0.166089,0.343750
40.640,TARGET_2,0.385822,0.145862,0.383678,0.161290
40.704,TARGET_1,-0.182593,0.359537,-0.187342,0.375653
40.704,TARGET_2,0.384989,0.148282,0.383662,0.145370
40.768,TARGET_1,-0.185019,0.360354,-0.166069,0.356277
40.768,TARGET_2,0.384156,0.150703,0.379825,0.160113
40.832,TARGET_1,-0.187445,0.361170,-0.173129,0.347204
40.832,TARGET_2,0.383324,0.153124,0.380421,0.141792
40.896,TARGET_1,-0.189872,0.361987,-0.200458,0.373561
40.896,TARGET_2,0.382491,0.155545,0.382119,0.144252
40.960,TARGET_1,-0.192298,0.362803,-0.201127,0.369183
40.960,TARGET_2,0.381658,0.157965,0.379520,0.175349
41.024,TARGET_1,-0.194724,0.363620,-0.193687,0.354671
41.024,TARGET_2,0.380826,0.160386,0.396000,0.169422
41.088,TARGET_1,-0.197151,0.364436,-0.214574,0.359579
41.088,TARGET_2,0.379993,0.162807,0.362138,0.177021
41.152,TARGET_1,-0.199577,0.365253,-0.202291,0.379999
41.152,TARGET_2,0.379160,0.165228,0.367963,0.153156
41.216,TARGET_1,-0.202003,0.366069,-0.197166,0.362777
41.216,TARGET_2,0.378328,0.167649,0.395287,0.185312
41.280,TARGET_1,-0.204429,0.366886,-0.220377,0.347644
41.280,TARGET_2,0.377495,0.170069,0.376352,0.182470
41.344,TARGET_1,-0.206856,0.367702,-0.216040,0.358454
41.344,TARGET_2,0.376662,0.172490,0.365078,0.186407
41.408,TARGET_1,-0.209282,0.368519,-0.220096,0.374841
41.408,TARGET_2,0.375829,0.174911,0.387123,0.166507
41.472,TARGET_1,-0.211708,0.369335,-0.219730,0.375498
41.472,TARGET_2,0.377283,0.177018,0.357303,0.179017
41.536,TARGET_1,-0.214135,0.370152,-0.227108,0.384356
41.536,TARGET_2,0.378736,0.179126,0.379218,0.193581
41.600,TARGET_1,-0.216561,0.370968,-0.231140,0.390902
41.600,TARGET_2,0.380189,0.181233,0.396138,0.185158
41.664,TARGET_1,-0.218987,0.371785,-0.231055,0.355886
41.664,TARGET_2,0.381642,0.183341,0.376610,0.195700
41.728,TARGET_1,-0.221414,0.372601,-0.215513,0.373675
41.728,TARGET_2,0.383096,0.185448,0.392411,0.205304
41.792,TARGET_1,-0.223840,0.373418,-0.211023,0.362483
41.792,TARGET_2,0.384549,0.187556,0.392818,0.194351
41.856,TARGET_1,-0.226266,0.374234,-0.223401,0.393755
41.856,TARGET_2,0.386002,0.189664,0.381479,0.197931
41.920,TARGET_1,-0.228693,0.375050,-0.236021,0.391942
41.920,TARGET_2,0.387456,0.191771,0.402101,0.173777
41.984,TARGET_1,-0.231119,0.375867,-0.248630,0.355904
41.984,TARGET_2,0.388909,0.193879,0.399210,0.204967
42.048,TARGET_1,-0.233545,0.376683,-0.240438,0.393219
42.048,TARGET_2,0.390362,0.195986,0.400251,0.178637
42.112,TARGET_1,-0.235971,0.377500,-0.241272,0.358619
42.112,TARGET_2,0.391815,0.198094,0.405261,0.181966
42.176,TARGET_1,-0.238398,0.378316,-0.234519,0.387833
42.176,TARGET_2,0.393269,0.200201,0.390368,0.196665
42.240,TARGET_1,-0.240824,0.379133,-0.235616,0.398045
42.240,TARGET_2,0.394722,0.202309,0.411371,0.213252
42.304,TARGET_1,-0.243250,0.379949,-0.229835,0.366272
42.304,TARGET_2,0.396175,0.204416,0.413645,0.186317
42.368,TARGET_1,-0.245677,0.380766,-0.233128,0.376864
42.368,TARGET_2,0.397628,0.206524,0.414629,0.192079
42.432,TARGET_1,-0.248103,0.381582,-0.239748,0.369400
42.432,TARGET_2,0.399082,0.208631,0.385140,0.209436
42.496,TARGET_1,-0.250529,0.382399,-0.240431,0.378222
42.496,TARGET_2,0.400535,0.210739,0.415766,0.205792
42.560,TARGET_1,-0.252956,0.383215,-0.234877,0.394865
42.560,TARGET_2,0.401988,0.212846,0.414575,0.228903
42.624,TARGET_1,-0.255382,0.384032,-0.262265,0.364621
42.624,TARGET_2,0.403442,0.214954,0.402428,0.225976
42.688,TARGET_1,-0.257808,0.384848,-0.253574,0.368502
42.688,TARGET_2,0.404895,0.217061,0.412097,0.211297
42.752,TARGET_1,-0.260234,0.385665,-0.249456,0.381831
42.752,TARGET_2,0.406348,0.219169,0.417467,0.223618
42.816,TARGET_1,-0.262661,0.386481,-0.267391,0.380739
42.816,TARGET_2,0.407801,0.221276,0.419074,0.214552
42.880,TARGET_1,-0.265087,0.387298,-0.281896,0.387793
42.880,TARGET_2,0.409255,0.223384,0.392211,0.229255
42.944,TARGET_1,-0.267513,0.388114,-0.281542,0.388010
42.944,TARGET_2,0.410708,0.225491,0.423871,0.220603
43.008,TARGET_1,-0.269940,0.388931,-0.266494,0.386528
43.008,TARGET_2,0.412161,0.227599,0.424755,0.218142
43.072,TARGET_1,-0.272366,0.389747,-0.270378,0.379149
43.072,TARGET_2,0.413614,0.229706,0.422628,0.233059
43.136,TARGET_1,-0.274792,0.390564,-0.270161,0.387041
43.136,TARGET_2,0.415068,0.231814,0.423233,0.220402
43.200,TARGET_1,-0.277219,0.391380,-0.267859,0.406812
43.200,TARGET_2,0.416521,0.233921,0.405047,0.239844
43.264,TARGET_1,-0.279645,0.392197,-0.287770,0.387234
43.264,TARGET_2,0.417974,0.236029,0.434108,0.216178
43.328,TARGET_1,-0.282071,0.393013,-0.293013,0.403866
43.328,TARGET_2,0.419427,0.238136,0.425172,0.240860
43.392,TARGET_1,-0.284498,0.393830,-0.285122,0.382800
43.392,TARGET_2,0.420881,0.240244,0.415449,0.255797
43.456,TARGET_1,-0.286924,0.394646,-0.270413,0.384810
43.456,TARGET_2,0.422334,0.242351,0.437167,0.260650
43.520,TARGET_1,-0.289350,0.395463,-0.276925,0.401140
43.520,TARGET_2,0.423787,0.244459,0.415211,0.244920
43.584,TARGET_1,-0.291776,0.396279,-0.305642,0.392174
43.584,TARGET_2,0.425241,0.246566,0.416099,0.266037
43.648,TARGET_1,-0.294203,0.397095,-0.279758,0.400264
43.648,TARGET_2,0.426694,0.248674,0.434521,0.234706
43.712,TARGET_1,-0.296629,0.397912,-0.315761,0.387926
43.712,TARGET_2,0.428147,0.250781,0.443722,0.268795
43.776,TARGET_1,-0.299055,0.398728,-0.300034,0.392699
43.776,TARGET_2,0.429600,0.252889,0.415951,0.256958
43.840,TARGET_1,-0.301482,0.399545,-0.294780,0.409878
43.840,TARGET_2,0.431054,0.254996,0.439253,0.253301
43.904,TARGET_1,-0.303908,0.400361,-0.316977,0.394395
43.904,TARGET_2,0.432507,0.257104,0.436812,0.264290
43.968,TARGET_1,-0.306334,0.401178,-0.294129,0.393092
43.968,TARGET_2,0.433960,0.259211,0.415157,0.249191
44.032,TARGET_1,-0.308761,0.401994,-0.300582,0.398632
44.032,TARGET_2,0.435413,0.261319,0.427418,0.255273
44.096,TARGET_1,-0.311187,0.402811,-0.318119,0.416293
44.096,TARGET_2,0.436867,0.263426,0.417928,0.269017
44.160,TARGET_1,-0.313613,0.403627,-0.304600,0.414922
44.160,TARGET_2,0.438320,0.265534,0.454388,0.264599
44.224,TARGET_1,-0.316039,0.404444,-0.334418,0.413262
44.224,TARGET_2,0.439773,0.267641,0.433872,0.270895
44.288,TARGET_1,-0.318466,0.405260,-0.314484,0.412923
44.288,TARGET_2,0.441227,0.269749,0.448907,0.258234
44.352,TARGET_1,-0.320892,0.406077,-0.319518,0.389253
44.352,TARGET_2,0.442680,0.271856,0.459879,0.266179
44.416,TARGET_1,-0.323318,0.406893,-0.330379,0.411339
44.416,TARGET_2,0.444133,0.273964,0.460020,0.293575
44.480,TARGET_1,-0.325745,0.407710,-0.339202,0.422400
44.480,TARGET_2,0.445586,0.276071,0.459218,0.292102
44.544,TARGET_1,-0.328171,0.408526,-0.325072,0.391826
44.544,TARGET_2,0.447040,0.278179,0.432910,0.264603
44.608,TARGET_1,-0.330597,0.409343,-0.344011,0.410110
44.608,TARGET_2,0.448493,0.280287,0.442306,0.289432
44.672,TARGET_1,-0.333024,0.410159,-0.316980,0.397904
44.672,TARGET_2,0.449946,0.282394,0.432179,0.272046
44.736,TARGET_1,-0.335450,0.410976,-0.319720,0.400485
44.736,TARGET_2,0.451399,0.284502,0.432499,0.285142
44.800,TARGET_1,-0.337876,0.411792,-0.318102,0.418856
44.800,TARGET_2,0.452853,0.286609,0.470130,0.298531
44.864,TARGET_1,-0.340303,0.412609,-0.352802,0.428724
44.864,TARGET_2,0.454306,0.288717,0.436866,0.280052
44.928,TARGET_1,-0.342729,0.413425,-0.357000,0.418641
44.928,TARGET_2,0.455759,0.290824,0.460045,0.308738
44.992,TARGET_1,-0.345155,0.414242,-0.330893,0.418520
44.992,TARGET_2,0.457213,0.292932,0.461976,0.281495
45.056,TARGET_1,-0.347581,0.415058,-0.336753,0.429795
45.056,TARGET_2,0.458666,0.295039,0.454468,0.294560
45.120,TARGET_1,-0.350008,0.415875,-0.358269,0.428477
45.120,TARGET_2,0.460119,0.297147,0.454670,0.280964
45.184,TARGET_1,-0.352434,0.416691,-0.367947,0.432342
45.184,TARGET_2,0.461572,0.299254,0.448493,0.305261
45.248,TARGET_1,-0.354860,0.417508,-0.366307,0.403512
45.248,TARGET_2,0.463026,0.301362,0.447857,0.296776
45.312,TARGET_1,-0.357287,0.418324,-0.376623,0.417692
45.312,TARGET_2,0.464479,0.303469,0.468032,0.302624
45.376,TARGET_1,-0.359713,0.419140,-0.358959,0.431265
45.376,TARGET_2,0.465932,0.305577,0.471281,0.321728
45.440,TARGET_1,-0.362139,0.419957,-0.347258,0.437561
45.440,TARGET_2,0.467385,0.307684,0.463106,0.321118
45.504,TARGET_1,-0.364566,0.420773,-0.373220,0.423495
45.504,TARGET_2,0.468839,0.309792,0.467308,0.295743
45.568,TARGET_1,-0.366992,0.421590,-0.360731,0.437862
45.568,TARGET_2,0.470292,0.311899,0.486128,0.293044
45.632,TARGET_1,-0.369418,0.422406,-0.354593,0.422500
45.632,TARGET_2,0.471745,0.314007,0.491712,0.303544
45.696,TARGET_1,-0.371845,0.423223,-0.387292,0.437621
45.696,TARGET_2,0.473198,0.316114,0.475172,0.298703
45.760,TARGET_1,-0.374271,0.424039,-0.387565,0.412510
45.760,TARGET_2,0.474652,0.318222,0.479447,0.317295
45.824,TARGET_1,-0.376697,0.424856,-0.394525,0.412880
45.824,TARGET_2,0.476105,0.320329,0.482268,0.321538
45.888,TARGET_1,-0.379123,0.425672,-0.361064,0.436107
45.888,TARGET_2,0.477558,0.322437,0.495435,0.324260
45.952,TARGET_1,-0.381550,0.426489,-0.370324,0.445609
45.952,TARGET_2,0.479012,0.324544,0.466675,0.308302
46.016,TARGET_1,-0.383976,0.427305,-0.388944,0.415617
46.016,TARGET_2,0.480465,0.326652,0.470343,0.319466
46.080,TARGET_1,-0.386402,0.428122,-0.380866,0.417596
46.080,TARGET_2,0.481918,0.328759,0.493169,0.334208
46.144,TARGET_1,-0.388829,0.428938,-0.385437,0.439530
46.144,TARGET_2,0.483371,0.330867,0.501371,0.323355
46.208,TARGET_1,-0.391255,0.429755,-0.383560,0.449376
46.208,TARGET_2,0.484825,0.332974,0.495313,0.313088
46.272,TARGET_1,-0.393681,0.430571,-0.395634,0.433893
46.272,TARGET_2,0.486278,0.335082,0.478020,0.344439
46.336,TARGET_1,-0.396108,0.431388,-0.395041,0.444118
46.336,TARGET_2,0.487731,0.337189,0.483749,0.332550
46.400,TARGET_1,-0.398534,0.432204,-0.400947,0.418727
46.400,TARGET_2,0.489184,0.339297,0.472892,0.326956
46.464,TARGET_1,-0.400960,0.433021,-0.414120,0.416541
46.464,TARGET_2,0.490638,0.341404,0.479475,0.334128
46.528,TARGET_1,-0.403386,0.433837,-0.399580,0.429427
46.528,TARGET_2,0.492091,0.343512,0.497456,0.323531
46.592,TARGET_1,-0.405813,0.434654,-0.419763,0.446823
46.592,TARGET_2,0.493544,0.345619,0.492128,0.338449
46.656,TARGET_1,-0.408239,0.435470,-0.402001,0.423172
46.656,TARGET_2,0.494998,0.347727,0.502833,0.332827
46.720,TARGET_1,-0.410665,0.436287,-0.404050,0.419491
46.720,TARGET_2,0.496451,0.349834,0.503262,0.335378
46.784,TARGET_1,-0.413092,0.437103,-0.421402,0.450328
46.784,TARGET_2,0.497904,0.351942,0.505579,0.362205
46.848,TARGET_1,-0.415518,0.437920,-0.400156,0.427351
46.848,TARGET_2,0.499357,0.354049,0.494630,0.359183
46.912,TARGET_1,-0.417944,0.438736,-0.419179,0.450855
46.912,TARGET_2,0.500811,0.356157,0.518470,0.355375
46.976,TARGET_1,-0.420371,0.439553,-0.425314,0.440373
46.976,TARGET_2,0.502264,0.358264,0.521473,0.348686
47.040,TARGET_1,-0.422797,0.440369,-0.405390,0.435715
47.040,TARGET_2,0.503717,0.360372,0.486273,0.345058
47.104,TARGET_1,-0.425223,0.441185,-0.418778,0.439613
47.104,TARGET_2,0.505170,0.362479,0.510786,0.352419
47.168,TARGET_1,-0.427650,0.442002,-0.414234,0.453280
47.168,TARGET_2,0.506624,0.364587,0.506540,0.350643
47.232,TARGET_1,-0.430076,0.442818,-0.414801,0.456104
47.232,TARGET_2,0.508077,0.366695,0.504613,0.358787
47.296,TARGET_1,-0.432502,0.443635,-0.434508,0.460730
47.296,TARGET_2,0.509530,0.368802,0.495375,0.380835
47.360,TARGET_1,-0.434928,0.444451,-0.430602,0.434778
47.360,TARGET_2,0.510984,0.370910,0.508323,0.351215
47.424,TARGET_1,-0.437355,0.445268,-0.455089,0.460468
47.424,TARGET_2,0.512437,0.373017,0.498230,0.381321
47.488,TARGET_1,-0.439781,0.446084,-0.429325,0.443363
47.488,TARGET_2,0.513890,0.375125,0.503890,0.388312
47.552,TARGET_1,-0.442207,0.446901,-0.425390,0.461523
47.552,TARGET_2,0.515343,0.377232,0.525675,0.367417
47.616,TARGET_1,-0.444634,0.447717,-0.438023,0.466289
47.616,TARGET_2,0.516797,0.379340,0.508176,0.389019
47.680,TARGET_1,-0.447060,0.448534,-0.450840,0.465956
47.680,TARGET_2,0.518250,0.381447,0.514182,0.381733
47.744,TARGET_1,-0.449486,0.449350,-0.460615,0.463597
47.744,TARGET_2,0.519703,0.383555,0.516215,0.382776
47.808,TARGET_1,-0.451913,0.450167,-0.463343,0.440265
47.808,TARGET_2,0.521156,0.385662,0.531913,0.396826
47.872,TARGET_1,-0.454339,0.450983,-0.465860,0.454846
47.872,TARGET_2,0.522610,0.387770,0.529484,0.384670
47.936,TARGET_1,-0.456765,0.451800,-0.446753,0.471796
47.936,TARGET_2,0.524063,0.389877,0.509489,0.402852
48.000,TARGET_1,-0.459192,0.452616,-0.450323,0.468018
48.000,TARGET_2,0.525516,0.391985,0.509198,0.375592
48.064,TARGET_1,-0.461618,0.453433,-0.457342,0.470142
48.064,TARGET_2,0.526969,0.394092,0.535785,0.400226
48.128,TARGET_1,-0.464044,0.454249,-0.456352,0.473423
48.128,TARGET_2,0.528423,0.396200,0.534584,0.387398
48.192,TARGET_1,-0.466470,0.455066,-0.479269,0.453554
48.192,TARGET_2,0.529876,0.398307,0.518698,0.417282
48.256,TARGET_1,-0.468897,0.455882,-0.465030,0.462604
48.256,TARGET_2,0.531329,0.400415,0.526160,0.413059
48.320,TARGET_1,-0.471323,0.456699,-0.475042,0.460350
48.320,TARGET_2,0.532783,0.402522,0.530940,0.392919
48.384,TARGET_1,-0.473749,0.457515,-0.484162,0.472252
48.384,TARGET_2,0.534236,0.404630,0.534022,0.421823
48.448,TARGET_1,-0.476176,0.458332,-0.470997,0.445314
48.448,TARGET_2,0.535689,0.406737,0.520810,0.404272
48.512,TARGET_1,-0.478602,0.459148,-0.471231,0.473099
48.512,TARGET_2,0.537142,0.408845,0.551119,0.399366
48.576,TARGET_1,-0.481028,0.459965,-0.477761,0.441110
48.576,TARGET_2,0.538596,0.410952,0.547981,0.399353
48.640,TARGET_1,-0.483455,0.460781,-0.491374,0.443835
48.640,TARGET_2,0.540049,0.413060,0.531541,0.412957
48.704,TARGET_1,-0.485881,0.461598,-0.485722,0.464678
48.704,TARGET_2,0.541502,0.415167,0.544278,0.434717
48.768,TARGET_1,-0.488307,0.462414,-0.470345,0.470012
48.768,TARGET_2,0.542955,0.417275,0.533797,0.421598
48.832,TARGET_1,-0.490733,0.463230,-0.495495,0.448651
48.832,TARGET_2,0.544409,0.419382,0.559462,0.418111
48.896,TARGET_1,-0.493160,0.464047,-0.502492,0.467943
48.896,TARGET_2,0.545862,0.421490,0.549094,0.431200
48.960,TARGET_1,-0.495586,0.464863,-0.503397,0.477758
48.960,TARGET_2,0.547315,0.423597,0.532008,0.436142
49.024,TARGET_1,-0.498012,0.465680,-0.513715,0.453617
49.024,TARGET_2,0.548769,0.425705,0.534621,0.434724
49.088,TARGET_1,-0.500439,0.466496,-0.481908,0.450221
49.088,TARGET_2,0.550222,0.427812,0.544890,0.426919
49.152,TARGET_1,-0.502865,0.467313,-0.519446,0.476603
49.152,TARGET_2,0.551675,0.429920,0.531830,0.417344
49.216,TARGET_1,-0.505291,0.468129,-0.515149,0.484181
49.216,TARGET_2,0.553128,0.432027,0.566361,0.437722
49.280,TARGET_1,-0.507718,0.468946,-0.517605,0.458955
49.280,TARGET_2,0.554582,0.434135,0.549719,0.426606
49.344,TARGET_1,-0.510144,0.469762,-0.529342,0.469084
49.344,TARGET_2,0.556035,0.436242,0.555728,0.427644
49.408,TARGET_1,-0.512570,0.470579,-0.496582,0.459115
49.408,TARGET_2,0.554136,0.434526,0.569757,0.423751
49.472,TARGET_1,-0.514997,0.471395,-0.498278,0.482098
49.472,TARGET_2,0.552237,0.432809,0.567443,0.447617
49.536,TARGET_1,-0.517423,0.472212,-0.518197,0.480831
49.536,TARGET_2,0.550338,0.431092,0.565868,0.411527
49.600,TARGET_1,-0.519849,0.473028,-0.523800,0.469517
49.600,TARGET_2,0.548438,0.429376,0.566981,0.435998
49.664,TARGET_1,-0.522275,0.473845,-0.515673,0.467045
49.664,TARGET_2,0.546539,0.427659,0.562725,0.419344
49.728,TARGET_1,-0.524702,0.474661,-0.511253,0.473168
49.728,TARGET_2,0.544640,0.425942,0.531519,0.433283
49.792,TARGET_1,-0.522222,0.474024,-0.521697,0.477364
49.792,TARGET_2,0.542741,0.424226,0.532307,0.425779
49.856,TARGET_1,-0.519743,0.473388,-0.510157,0.478908
49.856,TARGET_2,0.540842,0.422509,0.542423,0.412420
49.920,TARGET_1,-0.517263,0.472751,-0.506195,0.454859
49.920,TARGET_2,0.538943,0.420792,0.545554,0.437560
49.984,TARGET_1,-0.514784,0.472114,-0.529096,0.461754
49.984,TARGET_2,0.537044,0.419076,0.556018,0.406459
50.048,TARGET_1,-0.512304,0.471477,-0.519318,0.454983
50.048,TARGET_2,0.535145,0.417359,0.525627,0.429718
50.112,TARGET_1,-0.509825,0.470840,-0.526764,0.478567
50.112,TARGET_2,0.533246,0.415642,0.539378,0.421205
50.176,TARGET_1,-0.507345,0.470203,-0.499576,0.456561
50.176,TARGET_2,0.531346,0.413926,0.526209,0.430752
50.240,TARGET_1,-0.504866,0.469566,-0.517241,0.477364
50.240,TARGET_2,0.529447,0.412209,0.531107,0.412879
50.304,TARGET_1,-0.502386,0.468930,-0.491731,0.482154
50.304,TARGET_2,0.527548,0.410492,0.534771,0.392771
50.368,TARGET_1,-0.499907,0.468293,-0.500458,0.448725
50.368,TARGET_2,0.525649,0.408776,0.507116,0.410777
50.432,TARGET_1,-0.497427,0.467656,-0.494757,0.461963
50.432,TARGET_2,0.523750,0.407059,0.520860,0.406666
50.496,TARGET_1,-0.494948,0.467019,-0.507674,0.482204
50.496,TARGET_2,0.521851,0.405342,0.531414,0.424919
50.560,TARGET_1,-0.492468,0.466382,-0.504809,0.482742
50.560,TARGET_2,0.519952,0.403626,0.529381,0.422255
50.624,TARGET_1,-0.489988,0.465745,-0.481936,0.447725
50.624,TARGET_2,0.518053,0.401909,0.511869,0.418708
50.688,TARGET_1,-0.487509,0.465108,-0.473195,0.461693
50.688,TARGET_2,0.516154,0.400192,0.498876,0.393440
50.752,TARGET_1,-0.485029,0.464472,-0.473555,0.461999
50.752,TARGET_2,0.514254,0.398476,0.521015,0.386590
50.816,TARGET_1,-0.482550,0.463835,-0.499345,0.445381
50.816,TARGET_2,0.512355,0.396759,0.524807,0.408372
50.880,TARGET_1,-0.480070,0.463198,-0.470568,0.459923
50.880,TARGET_2,0.510456,0.395042,0.521813,0.376706
50.944,TARGET_1,-0.477591,0.462561,-0.458773,0.453642
50.944,TARGET_2,0.508557,0.393325,0.527834,0.404600
51.008,TARGET_1,-0.475111,0.461924,-0.464213,0.470989
51.008,TARGET_2,0.506658,0.391609,0.498443,0.378550
51.072,TARGET_1,-0.472632,0.461287,-0.466056,0.468476
51.072,TARGET_2,0.504759,0.389892,0.487099,0.389224
51.136,TARGET_1,-0.470152,0.460651,-0.469394,0.440690
51.136,TARGET_2,0.502860,0.388175,0.512082,0.395625
51.200,TARGET_1,-0.467673,0.460014,-0.452794,0.447967
51.200,TARGET_2,0.500961,0.386459,0.518509,0.404061
51.264,TARGET_1,-0.465193,0.459377,-0.460150,0.476929
51.264,TARGET_2,0.499062,0.384742,0.481682,0.383097
51.328,TARGET_1,-0.462714,0.458740,-0.460582,0.445186
51.328,TARGET_2,0.497162,0.383025,0.478012,0.395795
51.392,TARGET_1,-0.460234,0.458103,-0.460126,0.441416
51.392,TARGET_2,0.495263,0.381309,0.489762,0.370455
51.456,TARGET_1,-0.457755,0.457466,-0.448979,0.472093
51.456,TARGET_2,0.493364,0.379592,0.489883,0.391134
51.520,TARGET_1,-0.455275,0.456829,-0.468040,0.446088
51.520,TARGET_2,0.491465,0.377875,0.493172,0.369165
51.584,TARGET_1,-0.452796,0.456193,-0.458481,0.468445
51.584,TARGET_2,0.489566,0.376159,0.480003,0.376964
51.648,TARGET_1,-0.450316,0.455556,-0.458149,0.454503
51.648,TARGET_2,0.487667,0.374442,0.478893,0.385328
51.712,TARGET_1,-0.447837,0.454919,-0.448479,0.455704
51.712,TARGET_2,0.485768,0.372725,0.474141,0.365514
51.776,TARGET_1,-0.445357,0.454282,-0.455727,0.468255
51.776,TARGET_2,0.483869,0.371009,0.464801,0.377333
51.840,TARGET_1,-0.442878,0.453645,-0.450238,0.435946
51.840,TARGET_2,0.481970,0.369292,0.501233,0.364501
51.904,TARGET_1,-0.440398,0.453008,-0.447520,0.458372
51.904,TARGET_2,0.480070,0.367575,0.465466,0.358516
51.968,TARGET_1,-0.437919,0.452372,-0.434859,0.435760
51.968,TARGET_2,0.478171,0.365859,0.461666,0.372293
52.032,TARGET_1,-0.435439,0.451735,-0.447228,0.441729
52.032,TARGET_2,0.476272,0.364142,0.462915,0.364818
52.096,TARGET_1,-0.432959,0.451098,-0.416253,0.455157
52.096,TARGET_2,0.474373,0.362425,0.480564,0.358064
52.160,TARGET_1,-0.430480,0.450461,-0.435967,0.462455
52.160,TARGET_2,0.472474,0.360709,0.462428,0.367433
52.224,TARGET_1,-0.428000,0.449824,-0.429109,0.441479
52.224,TARGET_2,0.470575,0.358992,0.466054,0.346950
52.288,TARGET_1,-0.425521,0.449187,-0.417734,0.438331
52.288,TARGET_2,0.468676,0.357275,0.473310,0.370478
52.352,TARGET_1,-0.423041,0.448550,-0.421857,0.448302
52.352,TARGET_2,0.466777,0.355559,0.472564,0.370204
52.416,TARGET_1,-0.420562,0.447914,-0.429889,0.432203
52.416,TARGET_2,0.464878,0.353842,0.454676,0.373634
52.480,TARGET_1,-0.418082,0.447277,-0.424642,0.459346
52.480,TARGET_2,0.462978,0.352125,0.469094,0.360355
52.544,TARGET_1,-0.415603,0.446640,-0.428607,0.428392
52.544,TARGET_2,0.461079,0.350409,0.466236,0.359814
52.608,TARGET_1,-0.413123,0.446003,-0.432293,0.437374
52.608,TARGET_2,0.459180,0.348692,0.472502,0.351361
52.672,TARGET_1,-0.410644,0.445366,-0.409359,0.454087
52.672,TARGET_2,0.457281,0.346975,0.464065,0.347812
52.736,TARGET_1,-0.408164,0.444729,-0.402291,0.438111
52.736,TARGET_2,0.455382,0.345259,0.445781,0.343769
52.800,TARGET_1,-0.405685,0.444093,-0.402377,0.445761
52.800,TARGET_2,0.453483,0.343542,0.461398,0.349965
52.864,TARGET_1,-0.403205,0.443456,-0.407734,0.429135
52.864,TARGET_2,0.451584,0.341825,0.441350,0.354867
52.928,TARGET_1,-0.400726,0.442819,-0.383121,0.460581
52.928,TARGET_2,0.449685,0.340109,0.454397,0.354803
52.992,TARGET_1,-0.398246,0.442182,-0.385311,0.453794
52.992,TARGET_2,0.447786,0.338392,0.429319,0.333843
53.056,TARGET_1,-0.395767,0.441545,-0.377750,0.432803
53.056,TARGET_2,0.445886,0.336675,0.432950,0.334710
53.120,TARGET_1,-0.393287,0.440908,-0.398270,0.460107
53.120,TARGET_2,0.443987,0.334959,0.450786,0.341943
53.184,TARGET_1,-0.390808,0.440271,-0.403592,0.435188
53.184,TARGET_2,0.442088,0.333242,0.436432,0.318581
53.248,TARGET_1,-0.388328,0.439635,-0.374381,0.434674
53.248,TARGET_2,0.440189,0.331525,0.456109,0.317620
53.312,TARGET_1,-0.385849,0.438998,-0.404605,0.445399
53.312,TARGET_2,0.438290,0.329808,0.454503,0.329473
53.376,TARGET_1,-0.383369,0.438361,-0.398915,0.441581
53.376,TARGET_2,0.436391,0.328092,0.428188,0.346703
53.440,TARGET_1,-0.380890,0.437724,-0.381856,0.457418
53.440,TARGET_2,0.434492,0.326375,0.452879,0.307265
53.504,TARGET_1,-0.378410,0.437087,-0.362600,0.446303
53.504,TARGET_2,0.432593,0.324658,0.430755,0.317534
53.568,TARGET_1,-0.375931,0.436450,-0.358986,0.417942
53.568,TARGET_2,0.430694,0.322942,0.444120,0.336316
53.632,TARGET_1,-0.373451,0.435813,-0.364602,0.444613
53.632,TARGET_2,0.428794,0.321225,0.421639,0.321148
53.696,TARGET_1,-0.370971,0.435177,-0.382677,0.427800
53.696,TARGET_2,0.426895,0.319508,0.443404,0.338113
53.760,TARGET_1,-0.368492,0.434540,-0.350488,0.416491
53.760,TARGET_2,0.424996,0.317792,0.431066,0.316407
53.824,TARGET_1,-0.366012,0.433903,-0.358117,0.448347
53.824,TARGET_2,0.423097,0.316075,0.429316,0.308937
53.888,TARGET_1,-0.363533,0.433266,-0.345193,0.425024
53.888,TARGET_2,0.421198,0.314358,0.424925,0.300173
53.952,TARGET_1,-0.361053,0.432629,-0.359482,0.432880
53.952,TARGET_2,0.419299,0.312642,0.429624,0.302518
54.016,TARGET_1,-0.358574,0.431992,-0.360990,0.420319
54.016,TARGET_2,0.417400,0.310925,0.413056,0.302453
54.080,TARGET_1,-0.356094,0.431356,-0.375390,0.443040
54.080,TARGET_2,0.415501,0.309208,0.412061,0.317685
54.144,TARGET_1,-0.353615,0.430719,-0.340463,0.428404
54.144,TARGET_2,0.413602,0.307492,0.402532,0.326563
54.208,TARGET_1,-0.351135,0.430082,-0.369377,0.430216
54.208,TARGET_2,0.411702,0.305775,0.420109,0.291022
54.272,TARGET_1,-0.348656,0.429445,-0.334470,0.445133
54.272,TARGET_2,0.409803,0.304058,0.395939,0.314278
54.336,TARGET_1,-0.346176,0.428808,-0.335367,0.441961
54.336,TARGET_2,0.407904,0.302342,0.393776,0.314537
54.400,TARGET_1,-0.343697,0.428171,-0.355116,0.435101
54.400,TARGET_2,0.408500,0.299852,0.397149,0.295219
54.464,TARGET_1,-0.341217,0.427534,-0.348137,0.413384
54.464,TARGET_2,0.409096,0.297362,0.400374,0.316758
54.528,TARGET_1,-0.338738,0.426898,-0.343715,0.435542
54.528,TARGET_2,0.409692,0.294873,0.414619,0.283556
54.592,TARGET_1,-0.336258,0.426261,-0.328787,0.423570
54.592,TARGET_2,0.410288,0.292383,0.410318,0.295032
54.656,TARGET_1,-0.333779,0.425624,-0.333771,0.445237
54.656,TARGET_2,0.410885,0.289893,0.394660,0.278162
54.720,TARGET_1,-0.331299,0.424987,-0.325208,0.416975
54.720,TARGET_2,0.411481,0.287404,0.427895,0.283544
54.784,TARGET_1,-0.328820,0.424350,-0.328934,0.418422
54.784,TARGET_2,0.412077,0.284914,0.404725,0.286222
54.848,TARGET_1,-0.326340,0.423713,-0.307555,0.429842
54.848,TARGET_2,0.412673,0.282425,0.407035,0.272521
54.912,TARGET_1,-0.323861,0.423077,-0.335976,0.403694
54.912,TARGET_2,0.413269,0.279935,0.414179,0.294166
54.976,TARGET_1,-0.321381,0.422440,-0.318709,0.441597
54.976,TARGET_2,0.413865,0.277445,0.417111,0.270887
55.040,TARGET_1,-0.318902,0.421803,-0.312756,0.427917
55.040,TARGET_2,0.414461,0.274956,0.402589,0.262823
55.104,TARGET_1,-0.316422,0.421166,-0.299753,0.411264
55.104,TARGET_2,0.415057,0.272466,0.413707,0.273914
55.168,TARGET_1,-0.313942,0.420529,-0.311195,0.405123
55.168,TARGET_2,0.415653,0.269976,0.433005,0.267578
55.232,TARGET_1,-0.311463,0.419892,-0.310433,0.418870
55.232,TARGET_2,0.416249,0.267487,0.414406,0.255888
55.296,TARGET_1,-0.308983,0.419255,-0.295235,0.430432
55.296,TARGET_2,0.416845,0.264997,0.410238,0.263528
55.360,TARGET_1,-0.306504,0.418619,-0.304633,0.431845
55.360,TARGET_2,0.417441,0.262507,0.399570,0.267756
55.424,TARGET_1,-0.304024,0.417982,-0.313819,0.418939
55.424,TARGET_2,0.418037,0.260018,0.404143,0.275638
55.488,TARGET_1,-0.301545,0.417345,-0.300840,0.416432
55.488,TARGET_2,0.418633,0.257528,0.418118,0.239788
55.552,TARGET_1,-0.299065,0.416708,-0.308847,0.409641
55.552,TARGET_2,0.419229,0.255039,0.417902,0.253894
55.616,TARGET_1,-0.296586,0.416071,-0.307617,0.434101
55.616,TARGET_2,0.419826,0.252549,0.418311,0.249233
55.680,TARGET_1,-0.294106,0.415434,-0.278156,0.414324
55.680,TARGET_2,0.420422,0.250059,0.401301,0.233469
55.744,TARGET_1,-0.291627,0.414797,-0.284066,0.402939
55.744,TARGET_2,0.421018,0.247570,0.403532,0.252970
55.808,TARGET_1,-0.289147,0.414161,-0.273483,0.411483
55.808,TARGET_2,0.421614,0.245080,0.429016,0.239869
55.872,TARGET_1,-0.286668,0.413524,-0.295301,0.404071
55.872,TARGET_2,0.422210,0.242590,0.433071,0.245172
55.936,TARGET_1,-0.284188,0.412887,-0.273439,0.405221
55.936,TARGET_2,0.422806,0.240101,0.403887,0.259096
56.000,TARGET_1,-0.281709,0.412250,-0.262916,0.413059
56.000,TARGET_2,0.423402,0.237611,0.427895,0.239954
56.064,TARGET_1,-0.279229,0.411613,-0.291468,0.429162
56.064,TARGET_2,0.423998,0.235121,0.405214,0.232794
56.128,TARGET_1,-0.276750,0.410976,-0.270452,0.416308
56.128,TARGET_2,0.424594,0.232632,0.421444,0.239041
56.192,TARGET_1,-0.274270,0.410340,-0.278823,0.415346
56.192,TARGET_2,0.425190,0.230142,0.442019,0.238423
56.256,TARGET_1,-0.271791,0.409703,-0.263870,0.392475
56.256,TARGET_2,0.425786,0.227653,0.415400,0.224407
56.320,TARGET_1,-0.269311,0.409066,-0.262535,0.408148
56.320,TARGET_2,0.426382,0.225163,0.411340,0.214397
56.384,TARGET_1,-0.266832,0.408429,-0.267012,0.398877
56.384,TARGET_2,0.426978,0.222673,0.440477,0.215949
56.448,TARGET_1,-0.264352,0.407792,-0.278383,0.403176
56.448,TARGET_2,0.427574,0.220184,0.421509,0.230253
56.512,TARGET_1,-0.261873,0.407155,-0.272077,0.402891
56.512,TARGET_2,0.428170,0.217694,0.422196,0.234132
56.576,TARGET_1,-0.259393,0.406518,-0.258852,0.411177
56.576,TARGET_2,0.428767,0.215204,0.440435,0.221799
56.640,TARGET_1,-0.256913,0.405882,-0.245088,0.418364
56.640,TARGET_2,0.429363,0.212715,0.411670,0.207646
56.704,TARGET_1,-0.254434,0.405245,-0.236116,0.386951
56.704,TARGET_2,0.429959,0.210225,0.428879,0.191276
56.768,TARGET_1,-0.251954,0.404608,-0.246358,0.387019
56.768,TARGET_2,0.430555,0.207735,0.421384,0.226072
56.832,TARGET_1,-0.249475,0.403971,-0.260000,0.423252
56.832,TARGET_2,0.431151,0.205246,0.438744,0.192510
56.896,TARGET_1,-0.246995,0.403334,-0.265965,0.404866
56.896,TARGET_2,0.431747,0.202756,0.425977,0.217522
56.960,TARGET_1,-0.244516,0.402697,-0.230943,0.409686
56.960,TARGET_2,0.432343,0.200266,0.436351,0.181073
57.024,TARGET_1,-0.242036,0.402061,-0.254210,0.413595
57.024,TARGET_2,0.432939,0.197777,0.448021,0.211312
57.088,TARGET_1,-0.239557,0.401424,-0.247983,0.396635
57.088,TARGET_2,0.433535,0.195287,0.450721,0.209435
57.152,TARGET_1,-0.237077,0.400787,-0.227097,0.396997
57.152,TARGET_2,0.434131,0.192798,0.448805,0.185606
57.216,TARGET_1,-0.234598,0.400150,-0.231706,0.384150
57.216,TARGET_2,0.434727,0.190308,0.446853,0.207118
57.280,TARGET_1,-0.232118,0.399513,-0.246796,0.402363
57.280,TARGET_2,0.435323,0.187818,0.424113,0.180078
57.344,TARGET_1,-0.229639,0.398876,-0.222231,0.415862
57.344,TARGET_2,0.435919,0.185329,0.444013,0.185861
57.408,TARGET_1,-0.227159,0.398239,-0.237113,0.386888
57.408,TARGET_2,0.436515,0.182839,0.425011,0.193570
57.472,TARGET_1,-0.224680,0.397603,-0.232168,0.377886
57.472,TARGET_2,0.437111,0.180349,0.439012,0.189770
57.536,TARGET_1,-0.222200,0.396966,-0.233955,0.409087
57.536,TARGET_2,0.437708,0.177860,0.423622,0.186740
57.600,TARGET_1,-0.219721,0.396329,-0.214593,0.382730
57.600,TARGET_2,0.438304,0.175370,0.454481,0.190476
57.664,TARGET_1,-0.217241,0.395692,-0.230808,0.405186
57.664,TARGET_2,0.438900,0.172880,0.423911,0.189726
57.728,TARGET_1,-0.214762,0.395055,-0.226014,0.378200
57.728,TARGET_2,0.439496,0.170391,0.432160,0.167286
57.792,TARGET_1,-0.212282,0.394418,-0.219196,0.390546
57.792,TARGET_2,0.440092,0.167901,0.457464,0.154801
57.856,TARGET_1,-0.209803,0.393782,-0.224340,0.381305
57.856,TARGET_2,0.440688,0.165412,0.451180,0.172350
57.920,TARGET_1,-0.207323,0.393145,-0.224155,0.406052
57.920,TARGET_2,0.441284,0.162922,0.424269,0.154026
57.984,TARGET_1,-0.204844,0.392508,-0.221850,0.377162
57.984,TARGET_2,0.441880,0.160432,0.431335,0.140806
58.048,TARGET_1,-0.202364,0.391871,-0.214700,0.409533
58.048,TARGET_2,0.442476,0.157943,0.458503,0.161911
58.112,TARGET_1,-0.199885,0.391234,-0.193163,0.402914
58.112,TARGET_2,0.443072,0.155453,0.441373,0.165947
58.176,TARGET_1,-0.197405,0.390597,-0.209296,0.392160
58.176,TARGET_2,0.443668,0.152963,0.459305,0.143064
58.240,TARGET_1,-0.194925,0.389960,-0.178206,0.376612
58.240,TARGET_2,0.444264,0.150474,0.452273,0.159367
58.304,TARGET_1,-0.192446,0.389324,-0.176321,0.399859
58.304,TARGET_2,0.444860,0.147984,0.426561,0.164857
58.368,TARGET_1,-0.189966,0.388687,-0.180180,0.391151
58.368,TARGET_2,0.445456,0.145494,0.455526,0.136123
58.432,TARGET_1,-0.187487,0.388050,-0.169543,0.379707
58.432,TARGET_2,0.446052,0.143005,0.441689,0.135072
58.496,TARGET_1,-0.185007,0.387413,-0.178533,0.393151
58.496,TARGET_2,0.446649,0.140515,0.466418,0.124893
58.560,TARGET_1,-0.182528,0.386776,-0.178583,0.371348
58.560,TARGET_2,0.447245,0.138025,0.453414,0.124566
58.624,TARGET_1,-0.180048,0.386139,-0.176928,0.366878
58.624,TARGET_2,0.447841,0.135536,0.452307,0.143125
58.688,TARGET_1,-0.177569,0.385502,-0.174386,0.403398
58.688,TARGET_2,0.448437,0.133046,0.428549,0.114925
58.752,TARGET_1,-0.175089,0.384866,-0.166204,0.383146
58.752,TARGET_2,0.449033,0.130557,0.465911,0.117200
58.816,TARGET_1,-0.172610,0.384229,-0.189686,0.374843
58.816,TARGET_2,0.449629,0.128067,0.467786,0.131113
58.880,TARGET_1,-0.170130,0.383592,-0.162362,0.393223
58.880,TARGET_2,0.450225,0.125577,0.463587,0.107585
58.944,TARGET_1,-0.167651,0.382955,-0.154480,0.401458
58.944,TARGET_2,0.450821,0.123088,0.446462,0.119138
59.008,TARGET_1,-0.165171,0.382318,-0.159515,0.367733
59.008,TARGET_2,0.451417,0.120598,0.448604,0.118993
59.072,TARGET_1,-0.162692,0.381681,-0.166495,0.387201
59.072,TARGET_2,0.452013,0.118108,0.460358,0.128705
59.136,TARGET_1,-0.160212,0.381045,-0.157867,0.380574
59.136,TARGET_2,0.452609,0.115619,0.459439,0.135535
59.200,TARGET_1,-0.157733,0.380408,-0.156657,0.380627
59.200,TARGET_2,0.453205,0.113129,0.436460,0.120867
59.264,TARGET_1,-0.155253,0.379771,-0.146679,0.397813
59.264,TARGET_2,0.453801,0.110639,0.443045,0.100872
59.328,TARGET_1,-0.152774,0.379134,-0.149554,0.396292
59.328,TARGET_2,0.454397,0.108150,0.468762,0.120692
59.392,TARGET_1,-0.150294,0.378497,-0.162243,0.371592
59.392,TARGET_2,0.454993,0.105660,0.453142,0.123387
59.456,TARGET_1,-0.147815,0.377860,-0.158915,0.381159
59.456,TARGET_2,0.455590,0.103171,0.439027,0.114907
59.520,TARGET_1,-0.145335,0.377223,-0.140838,0.359046
59.520,TARGET_2,0.456186,0.100681,0.453490,0.106323
59.584,TARGET_1,-0.142856,0.376587,-0.158074,0.366005
59.584,TARGET_2,0.456782,0.098191,0.442585,0.094566
59.648,TARGET_1,-0.140376,0.375950,-0.126714,0.386198
59.648,TARGET_2,0.457378,0.095702,0.446177,0.082950
59.712,TARGET_1,-0.137896,0.375313,-0.125432,0.361824
59.712,TARGET_2,0.457974,0.093212,0.459101,0.082696
59.776,TARGET_1,-0.135417,0.374676,-0.155052,0.376869
59.776,TARGET_2,0.458570,0.090722,0.444896,0.096723
59.840,TARGET_1,-0.132937,0.374039,-0.124939,0.361243
59.840,TARGET_2,0.459166,0.088233,0.468367,0.106961
59.904,TARGET_1,-0.130458,0.373402,-0.129929,0.386582
59.904,TARGET_2,0.459762,0.085743,0.453228,0.066425
59.968,TARGET_1,-0.127978,0.372766,-0.141551,0.364912
59.968,TARGET_2,0.460358,0.083253,0.451074,0.077310
60.032,TARGET_1,-0.125499,0.372129,-0.137300,0.381475
60.032,TARGET_2,0.460954,0.080764,0.447923,0.076342
60.096,TARGET_1,-0.123019,0.371492,-0.111706,0.352926
60.096,TARGET_2,0.461550,0.078274,0.474599,0.088647
60.160,TARGET_1,-0.120540,0.370855,-0.112954,0.362197
60.160,TARGET_2,0.462146,0.075785,0.447181,0.091401
60.224,TARGET_1,-0.118060,0.370218,-0.108789,0.361223
60.224,TARGET_2,0.462742,0.073295,0.463788,0.068469
60.288,TARGET_1,-0.115581,0.369581,-0.105488,0.352826
60.288,TARGET_2,0.463338,0.070805,0.463935,0.057337
60.352,TARGET_1,-0.113101,0.368944,-0.123605,0.382990
60.352,TARGET_2,0.463934,0.068316,0.456728,0.049539
60.416,TARGET_1,-0.110622,0.368308,-0.094278,0.374765
60.416,TARGET_2,0.464531,0.065826,0.464127,0.065853
60.480,TARGET_1,-0.108142,0.367671,-0.119838,0.375074
60.480,TARGET_2,0.465127,0.063336,0.465541,0.067530
60.544,TARGET_1,-0.105663,0.367034,-0.122444,0.365651
60.544,TARGET_2,0.465723,0.060847,0.449998,0.064763
60.608,TARGET_1,-0.103183,0.366397,-0.084532,0.369382
60.608,TARGET_2,0.466319,0.058357,0.462152,0.043690
60.672,TARGET_1,-0.100704,0.365760,-0.104816,0.363269
60.672,TARGET_2,0.466915,0.055867,0.468360,0.073157
